id,name,desc,remark,num,times
1,荣誉勋章包,使用后可获得100枚荣誉勋章,,99999,
2,小型资源箱,使用后可获得铁矿、石油、铅矿各1M，水晶和钛矿各200K,,,
3,中型资源箱,使用后可获得铁矿、石油、铅矿各3M，水晶和钛矿各600K,,,
4,大型资源箱,使用后可获得铁矿、石油、铅矿各10M，水晶和钛矿各2M,,,
5,加速生产,增加5种资源50%的基础产量，持续12小时,,,
6,小型铁矿开采,增加铁矿50%的基础产量，持续4个小时,,,
7,小型石油开采,增加石油50%的基础产量，持续4个小时,,,
8,小型铅矿开采,增加铅矿50%的基础产量，持续4个小时,,,
9,小型钛矿开采,增加钛矿50%的基础产量，持续4个小时,,,
10,小型水晶开采,增加水晶50%的基础产量，持续4个小时,,,
11,小型能量盾,降低敌方部队的伤害20%，持续8小时,,,
12,热核炸药,增加己方部队的伤害20%，持续8小时,,,
13,加速前行,部队在世界地图行军速度提升100%，持续4小时,,,
14,小型保护盾,使用后基地不会遭到攻击或侦察（戏谑技能不受限制），持续12小时；如果攻击其他玩家，则状态取消,,,
15,迁徙令,使用后可将基地搬迁至一个随机位置,,,
16,高级迁徙令,使用后可将基地搬迁至一个指定位置,,99999,
17,空中支援,减少全部敌军当前生命值10%，仅能在军团副本中使用,,99999,
18,机动回避,使用后，可令敌军一回合内无法命中目标，仅能在军团副本中使用,,99999,
19,荣誉勋章,提升指挥官技能等级，可从关卡、每日任务和抽奖中获得,,,
20,统率书,一定几率提升指挥官统率等级，增加带兵量,,,
21,少量铁锭,使用后获得40K铁矿,,,
22,少量石油,使用后获得30K石油,,,
23,少量铅矿,使用后获得20K铅矿,,,
24,少量钛矿,使用后获得10K钛矿,,,
25,少量水晶,使用后获得10K水晶,,,
26,大量铁锭,使用后获得400K铁矿,,,
27,大量石油,使用后获得300K石油,,,
28,大量铅矿,使用后获得200K铅矿,,,
29,大块钛矿,使用后获得100K钛矿,,,
30,大量水晶,使用后获得100K水晶,,,
31,新手礼包,使用后可获得4种资源礼包,1,,
32,海量铁锭,使用后得到2M铁矿,,,
33,海量石油,使用后得到1.5M石油,,,
34,海量铅矿,使用后得到1M铅矿,,,
35,海量钛矿,使用后得到500K钛矿,,,
36,海量水晶,使用后得到500K水晶,,,
37,中型铁矿开采,增加铁矿50%的基础产量，持续24个小时,,,
38,中型石油开采,增加石油50%的基础产量，持续24个小时,,,
39,中型铅矿开采,增加铅矿50%的基础产量，持续24个小时,,,
40,中型钛矿开采,增加钛矿50%的基础产量，持续24个小时,,,
41,中型水晶开采,增加水晶50%的基础产量，持续24个小时,,,
42,高能火药,增加己方部队的伤害20%，持续24小时,,,
43,大型能量盾,降低敌方部队的伤害20%，持续24小时,,,
44,极速前行,部队在世界地图行军速度提升100%，持续24小时,,,
45,中型保护盾,使用后基地不会遭到攻击或侦察（戏谑技能不受限制），持续24小时；如果攻击其他玩家，则状态取消,,,
46,大型保护盾,使用后基地不会遭到攻击或侦察（戏谑技能不受限制），持续72小时；如果攻击其他玩家，则状态取消,,99999,
47,幸运币,神奇的硬币，但大家都把它当做抽奖的道具,,,
48,大荣誉勋章包,使用后可获得300枚荣誉勋章,,,
49,统率书箱,使用后可获得20本统率书,,,
50,发展宝箱,使用后可获得200枚荣誉勋章、20本统率书、10M铁矿、10M石油、10M铅矿,,99999,
51,超量钛矿,使用后可获得30M钛矿,,,
52,邀请礼包,使用后可获得铁矿、石油、铅矿各10K,,,
53,小箱金币,打开宝箱获得80金币,,,
54,中箱金币,打开宝箱获得150金币,,,
55,大箱金币,打开宝箱获得300金币,,,
56,神秘宝箱,击败军团副本敌军获得的战利品，打开后将获得丰厚奖励（打开需要宝箱钥匙）,,,
57,宝箱钥匙,神秘宝箱的钥匙，击败军团副本BOSS关卡有几率获得,,,
58,3号芯片匣,使用后获得荣誉勋章*10，统率书*2幸运币*3，金币*20,2,,
59,感恩礼包,开启感恩礼包会随机获得20~300枚金币。来！试试自己的手气。,,,
60,水晶礼包,邀请好友的奖励，使用后获得1000水晶,,,
61,小有名气礼包,邀请好友的奖励，使用后获得热核炸药*2，小型铅矿开采*3，荣誉勋章*10,3,,
62,呼朋引伴礼包,邀请好友的奖励，使用后获得热核炸药*5，加速生产*2，荣誉勋章*20,4,,
63,高朋满座礼包,邀请好友的奖励，使用后获得重型火箭车*20，幸运币*5，统率书*3，迁令*1，小型资源箱*1,5,,
64,英雄集聚礼包,邀请好友的奖励，使用后获得豹式坦克*20幸运币*15，统率书*10，高级迁徙令*1，小型资源箱*2,6,,
65,独家装甲礼包,出乎意料的大礼，打开会获得荣誉勋章*10、统率书*3、幸运币*3、金币*20、中型火箭车*15,,,
66,铁骑礼包,使用后获得荣誉勋章*3、统率书*3、幸运币*5、金币*20、重型坦克*15,,,
67,先机礼包,使用后获得荣誉勋章*5、统率书*3、幸运币*2、金币*20、重型坦克*15,,,
68,铁血礼包,使用后获得荣誉勋章*5、统率书*5、幸运币*3、金币*20、中型火箭车*15,,,
69,雷霆礼包,使用后获得荣誉勋章*10、统率书*2、幸运币*5、金币*30、中型火箭车*15,,,
70,辉煌礼包,使用后获得荣誉勋章*10、统率书*3、幸运币*2、金币*20、中型火箭车*20,,,
71,重装礼包,使用后获得荣誉勋章*10、统率书*3、幸运币*2、金币*20、重型坦克*10,7,,
72,神奇礼包,使用后获得荣誉勋章*5、统率书*3、幸运币*2、金币*20、中型火箭车*30,,,
73,希望礼包,使用后获得荣誉勋章*5、统率书*3、幸运币*2、金币*10、重型坦克*20,,,
74,元气礼包,使用后获得荣誉勋章*2、统率书*1、幸运币*1、中型火箭车*10,,,
75,钢弹礼包,使用后获得荣誉勋章*1、统率书*2、幸运币*1、中型火箭车*5,,,
76,铁甲礼包,使用后获得荣誉勋章*1、统率书*4、幸运币*1、重型坦克*10,,,
77,捷径礼包,使用后获得荣誉勋章*6、统率书*5、幸运币*5、重型坦克*20,,,
78,突击礼包,使用后获得统率书*1、中型火箭车*1,,,
79,闪击礼包,使用后获得荣誉勋章*5、中型火箭车*5,,,
80,参谋礼包,使用后获得统率书*2、中型火箭车*2,,,
81,野望礼包,使用后获得荣誉勋章*5、统率书*1、幸运币*1、中型火箭车*5,,,
82,合金礼包,使用后获得幸运币*2、中型火箭车*8,,,
83,武装礼包,使用后获得幸运币*3、中型火箭车*5,,,
84,征伐礼包,使用后获得荣誉勋章*5、幸运币*2、中型火箭车*8,,,
85,血火礼包,使用后获得统率书*2、幸运币*1、中型火箭车*8,,,
86,风云礼包,使用后获得荣誉勋章*5、统率书*2、幸运币*2、中型火箭车*20,,,
87,彩蛋礼包,使用后有机会获得大量资源和各种超值道具,,,
88,普通配件箱,使用后随机获得1个普通配件,,,
89,精良配件箱,使用后随机获得1个精良配件,,,
90,先进配件箱,使用后随机获得1个先进配件,,,
91,尖端配件箱,使用后随机获得1个尖端配件,,,
92,军团辉煌礼包,使用后获得荣誉勋章*5、统率书*3、幸运币*2、金币*10、重型坦克*50,,,
93,军团强袭礼包,使用后获得荣誉勋章*5、统率书*2、幸运币*2、中型火箭车*40,,,
94,军团征战礼包,使用后获得统率书*2、幸运币*1、中型火箭车*30,,,
95,军团发展礼包,使用后获得统率书*2、中型火箭车*20,,,
96,超量水晶,使用后得到30M水晶,,,
97,超量铁锭,使用后获得铁矿*120M,,,
98,超量石油,使用后获得石油*90M,,,
99,超量铅矿,使用后获得铅矿*60M,,,
100,天赐礼包,使用后获得先进配件箱*1、统率书*30、荣誉勋章包*3、幸运币*30、重型火箭车*50,,,
101,陶瓷装甲，普通配件,,8,,
102,陶瓷装甲，精良配件,,9,,
103,陶瓷装甲，先进配件,,10,,
104,陶瓷装甲，尖端配件,,11,1,
105,炮口制退器，普通配件,,12,,
106,炮口制退器，精良配件,,13,,
107,炮口制退器，先进配件,,14,,
108,炮口制退器，尖端配件,,15,1,
109,记忆合金，普通配件,,16,,
110,记忆合金，精良配件,,17,,
111,记忆合金，先进配件,,18,,
112,记忆合金，尖端配件,,19,1,
113,钨芯弹头，普通配件,,20,,
114,钨芯弹头，精良配件,,21,,
115,钨芯弹头，先进配件,,22,,
116,钨芯弹头，尖端配件,,23,1,
117,陶瓷装甲，普通配件,,8,,
118,陶瓷装甲，精良配件,,9,,
119,陶瓷装甲，先进配件,,10,,
120,陶瓷装甲，尖端配件,,11,1,
121,炮口制退器，普通配件,,12,,
122,炮口制退器，精良配件,,13,,
123,炮口制退器，先进配件,,14,,
124,炮口制退器，尖端配件,,15,1,
125,记忆合金，普通配件,,16,,
126,记忆合金，精良配件1,,,,
127,记忆合金，先进配件,,18,,
128,记忆合金，尖端配件,,19,1,
129,钨芯弹头，普通配件,,20,,
130,钨芯弹头，精良配件,,21,,
131,钨芯弹头，先进配件,,22,,
132,钨芯弹头，尖端配件,,23,1,
133,陶瓷装甲，普通配件,,8,,
134,陶瓷装甲，精良配件,,9,,
135,陶瓷装甲，先进配件,,10,,
136,陶瓷装甲，尖端配件,,11,1,
137,炮口制退器，普通配件,,12,,
138,炮口制退器，精良配件,,13,,
139,炮口制退器，先进配件,,14,,
140,炮口制退器，尖端配件,,15,1,
141,记忆合金，普通配件,,16,,
142,记忆合金，精良配件,,17,,
143,记忆合金，先进配件,,18,,
144,记忆合金，尖端配件,,19,1,
145,钨芯弹头，普通配件,,20,,
146,钨芯弹头，精良配件,,21,,
147,钨芯弹头，先进配件,,22,,
148,钨芯弹头，尖端配件,,23,1,
149,陶瓷装甲，普通配件,,8,,
150,陶瓷装甲，精良配件,,9,,
151,陶瓷装甲，先进配件,,10,,
152,陶瓷装甲，尖端配件,,11,1,
153,发射制退器，普通配件,,,,
154,发射制退器，精良配件,,,,
155,发射制退器，先进配件,,,,
156,发射制退器，尖端配件,,,1,
157,记忆合金，普通配件,,16,,
158,记忆合金，精良配件,,17,,
159,记忆合金，先进配件,,18,,
160,记忆合金，尖端配件,,19,1,
161,高爆弹头，普通配件,,,,
162,高爆弹头，精良配件,,,,
163,高爆弹头，先进配件,,,,
164,高爆弹头，尖端配件,,,1,
181,陶瓷装甲碎片，精良配件,,24,,
182,陶瓷装甲碎片，先进配件,,25,,
183,陶瓷装甲碎片，尖端配件,,26,1000,
184,炮口制退器碎片，精良配件,,27,,
185,炮口制退器碎片，先进配件,,28,,
186,炮口制退器碎片，尖端配件,,29,1000,
187,记忆合金碎片，精良配件,,30,,
188,记忆合金碎片，先进配件,,31,,
189,记忆合金碎片，尖端配件,,32,1000,
190,钨芯弹头碎片，精良配件,,33,,
191,钨芯弹头碎片，先进配件,,34,,
192,钨芯弹头碎片，尖端配件,,35,1000,
193,陶瓷装甲碎片，精良配件,,24,,
194,陶瓷装甲碎片，先进配件,,25,,
195,陶瓷装甲碎片，尖端配件,,26,1000,
196,炮口制退器碎片，精良配件,,27,,
197,炮口制退器碎片，先进配件,,28,,
198,炮口制退器碎片，尖端配件,,29,1000,
199,记忆合金碎片，精良配件,,30,,
200,记忆合金碎片，先进配件,,31,,
201,记忆合金碎片，尖端配件,,32,1000,
202,钨芯弹头碎片，精良配件,,33,,
203,钨芯弹头碎片，先进配件,,34,,
204,钨芯弹头碎片，尖端配件,,35,1000,
205,陶瓷装甲碎片，精良配件,,24,,
206,陶瓷装甲碎片，先进配件,,25,,
207,陶瓷装甲碎片，尖端配件,,26,1000,
208,炮口制退器碎片，精良配件,,27,,
209,炮口制退器碎片，先进配件,,28,,
210,炮口制退器碎片，尖端配件,,29,1000,
211,记忆合金碎片，精良配件,,30,,
212,记忆合金碎片，先进配件,,31,,
213,记忆合金碎片，尖端配件,,32,1000,
214,钨芯弹头碎片，精良配件,,33,,
215,钨芯弹头碎片，先进配件,,34,,
216,钨芯弹头碎片，尖端配件,,35,1000,
217,陶瓷装甲碎片，精良配件,,24,,
218,陶瓷装甲碎片，先进配件,,25,,
219,陶瓷装甲碎片，尖端配件,,26,1000,
220,发射制退器碎片，精良配件,,,,
221,发射制退器碎片，先进配件,,,,
222,发射制退器碎片，尖端配件,,,1000,
223,记忆合金碎片，精良配件,,30,,
224,记忆合金碎片，先进配件,,31,,
225,记忆合金碎片，尖端配件,,32,1000,
226,高爆弹头碎片，精良配件,,,,
227,高爆弹头碎片，先进配件,,,,
228,高爆弹头碎片，尖端配件,,,1000,
229,强化补给包,使用后得到海量水晶*20，工具箱*60,,,
230,万能碎片,使用后获得万能碎片,,,
231,小有名气礼包,邀请好友的奖励，使用后获得热核炸药*2，小型铅矿开采*3，荣誉勋章*10,3,,
232,呼朋引伴礼包,邀请好友的奖励，使用后获得热核炸药*5，加速生产*2，荣誉勋章*20,4,,
233,高朋满座礼包,邀请好友的奖励，使用后获得重型火箭车*20，幸运币*5，统率书*3，迁令*1，小型资源箱*1,5,,
234,英雄集聚礼包,邀请好友的奖励，使用后获得豹式坦克*20幸运币*15，统率书*10，高级迁徙令*1，小型资源箱*2,6,,
235,豪华新手礼包,使用后获得统率书*1，迁徙令*1，小型保护盾*1，热核炸药*1,,,
236,1000金币,使用后获得金币*1000,,,
237,黑鹰礼包,使用后获得黑鹰*4，幸运币*1,36,,
238,黑鹰出击,使用后获得黑鹰*80，精良配件箱*1,,,
239,T-90,使用后获得T-90*1,,,
240,黑鹰,使用后获得黑鹰*1,,99999,
241,突击虎,使用后获得突击虎*1,,99999,
242,鼠式坦克,使用后获得鼠式坦克*1,,99999,
243,轻型坦克,使用后获得轻型坦克*1,,99999,10
244,中型坦克,使用后获得中型坦克*1,,,
245,重型坦克,使用后获得重型坦克*1,,,
246,豹式坦克,使用后获得豹式坦克*1,,,
247,天启坦克,使用后获得天启坦克*1,,,
248,轻型歼击车,使用后获得轻型歼击车*1,,99999,
249,中型歼击车,使用后获得中型歼击车*1,,,
250,重型歼击车,使用后获得重型歼击车*1,,,
251,追猎者歼击车,使用后获得追猎者歼击车*1,,,
252,猛虎歼击车,使用后获得猛虎歼击车*1,,,
253,轻型自行火炮,使用后获得轻型自行火炮*1,,99999,
254,中型自行火炮,使用后获得中型自行火炮*1,,,
255,重型自行火炮,使用后获得重型自行火炮*1,,,
256,野蜂自行火炮,使用后获得野蜂自行火炮*1,,,
257,黑豹自行火炮,使用后获得黑豹自行火炮*1,,,
258,轻型火箭车,使用后获得轻型火箭车*1,,99999,
259,中型火箭车,使用后获得中型火箭车*1,,,
260,重型火箭车,使用后获得重型火箭车*1,,,
261,冰雹火箭车,,,,
262,尖啸者火箭车,使用后获得尖啸者火箭车*1,,,
263,青铜宝箱,以青铜所铸宝箱，有几率开出配件，资源和珍贵道具。,,,
264,白银宝箱,以白银所铸宝箱，有几率开出精良配件及碎片，资源和珍贵道具。,,,
265,黄金宝箱,以黄金所铸宝箱，有几率开出先进配件，万能碎片，大量资源和珍贵道具。,,,
266,精良碎片箱,打开后随机获得精良配件碎片1个。,,,
267,先进碎片箱,,,,
268,卡夫卡的普通配件箱,打开后随机获得普通反应装甲或仪表盘1,,,
269,卡夫卡的精良配件箱,打开后随机获得精良反应装甲或仪表盘1,,,
270,卡夫卡的先进配件箱,打开后随机获得先进反应装甲或仪表盘1,,,
271,卡夫卡的尖端配件箱,打开后随机获得尖端反应装甲或仪表盘1,,,
272,青铜军功章,使用后获得VIP点数*100,,,
273,白银军功章,使用后获得VIP点数*1000,,,
274,黄金军功章,使用后获得VIP点数*10000,,99999,
275,设计蓝图,使用后获得设计蓝图,,,
276,神秘矿物,使用后获得神秘矿物,,,
277,电钻,使用后获得电钻,,,
278,复原图纸,使用后获得复原图纸,,,
279,工具箱,使用后获得工具箱,,,
280,零件*20,使用后获得零件*20,,,
281,零件*100,使用后获得零件*100,,,
282,零件*500,使用后获得零件*500,,,
283,零件*2000,使用后获得零件*2000,,,
284,零件*10000,使用后获得零件*10000,,,
285,铁质军功章,使用后获得VIP点数*10。,,,
286,小箱幸运币,使用后获得幸运币*20,,,
287,大箱幸运币,使用后获得幸运币*50,,,
288,小型资源开采包,使用后获得5种小型资源开采各10个,,,
289,中型资源开采包,使用后获得5种中型资源开采各2个《,,,
290,加速礼包,使用后获得加速生产*5,,,
291,演习礼包,使用后获得军事演习胜利的奖励，可随机开出珍贵道具,,,
292,演习令,额外增加1次可演习次数，使用后当日有效《,,,
293,5星司令,,,,
294,4星将军,,,,
295,3星中将,,,,
296,坦克币,可代替坦克轮盘抽奖次数。,,,
301,反应装甲，普通配件,,37,,
302,反应装甲，精良配件,,38,,
303,反应装甲，先进配件,,39,,
304,反应装甲，尖端配件,,40,1,
305,仪表盘，普通配件,,41,,
306,仪表盘，精良配件,,42,,
307,仪表盘，先进配件,,43,,
308,仪表盘，尖端配件,,44,1,
309,反应装甲，普通配件,,37,,
310,反应装甲，精良配件,,38,,
311,反应装甲，先进配件,,39,,
312,反应装甲，尖端配件,,40,1,
313,仪表盘，普通配件,,41,,
314,仪表盘，精良配件,,42,,
315,仪表盘，先进配件,,43,,
316,仪表盘，尖端配件,,44,1,
317,反应装甲，普通配件,,37,,
318,反应装甲，精良配件,,38,,
319,反应装甲，先进配件,,39,,
320,反应装甲，尖端配件,,40,1,
321,仪表盘，普通配件,,41,,
322,仪表盘，精良配件,,42,,
323,仪表盘，先进配件,,43,,
324,仪表盘，尖端配件,,44,1,
325,反应装甲，普通配件,,37,,
326,反应装甲，精良配件,,38,,
327,反应装甲，先进配件,,39,,
328,反应装甲，尖端配件,,40,1,
329,仪表盘，普通配件,,41,,
330,仪表盘，精良配件,,42,,
331,仪表盘，先进配件,,43,,
332,仪表盘，尖端配件,,44,1,
351,反应装甲碎片，普通配件,,45,,
352,反应装甲碎片，精良配件,,46,,
353,反应装甲碎片，先进配件,,47,,
354,反应装甲碎片，尖端配件,,48,1000,
355,仪表盘碎片，普通配件,,49,,
356,仪表盘碎片，精良配件,,50,,
357,仪表盘碎片，先进配件,,51,,
358,仪表盘碎片，尖端配件,,52,1000,
359,反应装甲碎片，普通配件,,45,,
360,反应装甲碎片，精良配件,,46,,
361,反应装甲碎片，先进配件,,47,,
362,反应装甲碎片，尖端配件,,48,1000,
363,仪表盘碎片，普通配件,,49,,
364,仪表盘碎片，精良配件,,50,,
365,仪表盘碎片，先进配件,,51,,
366,仪表盘碎片，尖端配件,,52,1000,
367,反应装甲碎片，普通配件,,45,,
368,反应装甲碎片，精良配件,,46,,
369,反应装甲碎片，先进配件,,47,,
370,反应装甲碎片，尖端配件,,48,1000,
371,仪表盘碎片，普通配件,,49,,
372,仪表盘碎片，精良配件,,50,,
373,仪表盘碎片，先进配件,,51,,
374,仪表盘碎片，尖端配件,,52,1000,
375,反应装甲碎片，普通配件,,45,,
376,反应装甲碎片，精良配件,,46,,
377,反应装甲碎片，先进配件,,47,,
378,反应装甲碎片，尖端配件,,48,1000,
379,仪表盘碎片，普通配件,,49,,
380,仪表盘碎片，精良配件,,50,,
381,仪表盘碎片，先进配件,,51,,
382,仪表盘碎片，尖端配件,,52,1000,
383,神秘军需箱,科技感十足的箱子，打开可获得稀有道具,,,
384,黄金军需箱,金质的箱子，打开可获得珍贵道具《,,,
385,白银军需箱,银质的箱子，打开可获得大量资源或高级道具,,,
386,铁质军需箱,铁质的箱子，打开可获得大量资源或道具《,,,
387,木质军需箱,木质的箱子，打开可获得资源或道具,,,
388,小型军需箱,容量很小的箱子，打开可获得少量资源或坦克,,,
389,金币礼包（小）,,,,
390,金币礼包（中）,,,,
391,金币礼包（大）,,,,
392,小荣誉勋章包,使用后获得荣誉勋章*10。,,,
393,火控核芯,用于改装坦克,,,
394,聚变核芯,用于改装歼击车,,,
395,导航核芯,用于改装自行火炮,,,
396,爆燃核芯,用于改装火箭车》,,,
397,火控核芯箱,使用获得火控核芯*50《,,,
398,聚变核芯箱,,,,
399,导航核芯箱,使用获得导航核芯*50,,,
400,爆燃核芯箱,使用获得爆燃核芯*50,,,
401,火控核芯集装箱,使用获得火控核芯*200,,99999,
402,聚变核芯集装箱,使用获得聚变核芯*200,,99999,
403,导航核芯集装箱,使用获得导航核芯*200,,99999,
404,爆燃核芯集装箱,使用获得爆燃核芯*200,,99999,
405,复原药水,一个考古家发明的药水，可以复原一些损坏的图纸。,,,
406,模糊不清的藏宝图,藏宝图碎片合成的藏宝图，但是已经模糊不清，据说使用“复原药水”可以复原！,,,
407,完整的藏宝图,,,,
408,卡夫卡的终极大礼,打开获得卡夫卡的先进配件箱*1，荣誉勋章包*1，统率书箱*1，幸运币*30，钛矿*2M，水晶*2M。,,,
409,间谍雷达,尖端科技的代表，使用后可搜寻到任何人的坐标,,99999,
410,力场芯片,用于改装T-90,,,
411,蓄能芯片,用于改装黑鹰,,,
412,制导芯片,用于改装战象自行火炮,,,
413,聚裂芯片,用于改装巨鼠坦克,,,
414,寻踪芯片,用于改装沙暴火箭车,,,
415,坦克宝箱,使用后获得中级坦克。,,,
416,高级坦克宝箱,使用后获得高级坦克。,,,
417,配件补充包,使用后获得配件相关道具。,,,
418,10金币宝箱,使用后获得金币*10。,,,
419,100金币宝箱,使用后获得金币*100。,,,
420,1000金币宝箱,使用后获得金币*1000。,,99999,100
421,热核炸药II,,,,
422,小型能量盾II,,,,
423,加速前行II,,,,
424,高能火药II,增加己方部队的伤害30%，持续24小时,,99999,
425,大型能量盾II,,,99999,
426,极速前行II,,,99999,
427,命中提升,,,,
428,闪避提升,闪避提升10%，持续4小时,,,
429,暴击提升,暴击提升10%，持续4小时,,,
430,装甲提升,装甲提升10%，持续4小时,,,
431,命中提升II,命中提升20%，持续4小时《,,99999,
432,闪避提升II,闪避提升20%，持续4小时,,99999,
433,暴击提升II,暴击提升20%，持续4小时,,99999,
434,装甲提升II,装甲提升20%，持续4小时,,99999,
435,加速生产II,,,,
436,小型铁矿开采II,,,,
437,小型石油开采II,,,,
438,小型铅矿开采II,,,,
439,小型钛矿开采II,,,,
440,小型水晶开采II,,,,
441,中型铁矿开采II,,,,
442,中型石油开采II,增加100%基础石油产量，持续24个小时,,,
443,中型铅矿开采II,,,,
444,中型钛矿开采II,,,,
445,中型水晶开采II,,,,
446,初级将领经验书,,,,
447,中级将领经验书,使用之后为将领增加200点经验值,,,
448,高级将领经验书,使用之后为将领增加1000点经验值,,,
449,专家将领经验书,使用之后为将领增加4000点经验值,,,
450,大师将领经验书,使用之后为将领增加10000点经验值,,99999,100
451,初级装备图纸,可将装备品质从白色提升至绿色,,99999,
452,初级装备图纸+1,可将装备品质从绿色提升至绿色+1,,99999,
453,初级装备图纸+2,可将装备品质从绿色+1提升至绿色+2,,99999,
454,中级装备图纸,可将装备品质从绿色+2提升至蓝色,,99999,
455,中级装备图纸+1,可将装备品质从蓝色提升至蓝色+1,,99999,
456,中级装备图纸+2,可将装备品质从蓝色+1提升至蓝色+2,,99999,
457,中级装备图纸+3,可将装备品质从蓝色+2提升至蓝色+3,,99999,
458,高级装备图纸,可将装备品质从蓝色+3提升至紫色,,99999,
459,高级装备图纸+1,可将装备品质从紫色提升至紫色+1,,99999,
460,高级装备图纸+2,可将装备品质从紫色+1提升至紫色+2,,99999,
461,高级装备图纸+3,可将装备品质从紫色+2提升至紫色+3,,99999,
462,高级装备图纸+4,可将装备品质从紫色+3提升至紫色+4,,99999,
463,大师装备图纸,可将装备品质从紫色+4提升至橙色,,99999,
464,大师装备图纸+1,可将装备品质从橙色提升至橙色+1,,99999,
465,大师装备图纸+2,可将装备品质从橙色+1提升至橙色+2,,99999,
466,大师装备图纸+3,可将装备品质从橙色+2提升至橙色+3,,99999,
467,大师装备图纸+4,可将装备品质从橙色+3提升至橙色+4,,99999,
468,大师装备图纸+5,可将装备品质从橙色+4提升至橙色+5,,99999,
469,碧绿肩章,权力的象征，用于提升绿色品质装备的品阶,,,
470,碧绿臂章,能力的象征，用于提升绿色品质装备的品阶,,,
471,碧绿勋带,荣誉的象征，用于提升绿色品质装备的品阶,,,
472,湛蓝肩章,权力的象征，用于提升蓝色品质装备的品阶,,,
473,湛蓝臂章,能力的象征，用于提升蓝色品质装备的品阶,,,
474,湛蓝勋带,荣誉的象征，用于提升蓝色品质装备的品阶,,,
475,紫罗兰肩章,权力的象征，用于提升紫色品质装备的品阶,,,
476,紫罗兰臂章,能力的象征，用于提升紫色品质装备的品阶>,,,
477,紫罗兰勋带,荣誉的象征，用于提升紫色品质装备的品阶,,,
478,黄金肩章,权力的象征，用于提升橙色品质装备的品阶,,,
479,黄金臂章,能力的象征，用于提升橙色品质装备的品阶,,,
480,黄金勋带,荣誉的象征，用于提升橙色品质装备的品阶,,,
481,精工石,拥有神秘力量的石头，科学家也无法解释，被人们用于装备精工,,99999,
482,铁血战术讲义,一本以铁血为主题的讲义，用作战术书的精工,,,
483,荣誉战术讲义,一本以荣誉为主题的讲义，用作战术书的精工,,,
484,坚毅战术讲义,一本以坚毅为主题的讲义，用作战术书的精工,,,
485,猎鹰奖章,对于功绩的表彰，用作勋章的精工,,,
486,猛虎奖章,对于勇猛的表彰，用作勋章的精工,,,
487,狡狐奖章,对于战术的表彰，用作勋章的精工,,,
488,沙狐权杖,【隆美尔】的专属武器精工道具！,,,
489,铁甲权杖,【古德里安】的专属武器精工道具！,,,
490,闪击权杖,【曼施坦因】的专属武器精工道具！,,,
491,火炮权杖,,,,
492,英雄指挥刀,,,,
493,荣耀指挥刀,【崔可夫】的专属武器精工道具！,,,
494,坚毅指挥刀,【布施】【铁木辛哥】的专属武器精工道具！,,,
495,血胆配剑,【巴顿】的专属武器精工道具！,,,
496,统御配剑,【艾森豪威尔】的专属武器精工道具！,,,
497,改革配剑,【麦克阿瑟】的专属武器精工道具！,,,
498,自由配剑,【戴高乐】的专属武器精工道具！,,,
499,追猎配剑,【屈希勒尔】【蒙哥马利】的专属武器精工道具！,,,
500,复合装甲，普通配件,,53,,
501,复合装甲，精良配件,,54,,
502,复合装甲，先进配件,,55,,
503,复合装甲，尖端配件,,56,1,
504,火控装置，普通配件,,57,,
505,火控装置，精良配件,,58,,
506,火控装置，先进配件,,59,,
507,火控装置，尖端配件,,60,1,
508,复合装甲，普通配件,,53,,
509,复合装甲，精良配件,,54,,
510,复合装甲，先进配件,,55,,
511,复合装甲，尖端配件,,56,1,
512,火控装置，普通配件,,57,,
513,火控装置，精良配件,,58,,
514,火控装置，先进配件,,59,,
515,火控装置，尖端配件,,60,1,
516,复合装甲，普通配件,,53,,
517,复合装甲，精良配件,,54,,
518,复合装甲，先进配件,,55,,
519,复合装甲，尖端配件,,56,1,
520,火控装置，普通配件,,57,,
521,火控装置，精良配件,,58,,
522,火控装置，先进配件,,59,,
523,火控装置，尖端配件,,60,1,
524,复合装甲，普通配件,,53,,
525,复合装甲，精良配件,,54,,
526,复合装甲，先进配件,,55,,
527,复合装甲，尖端配件,,56,1,
528,火控装置，普通配件,,57,,
529,火控装置，精良配件,,58,,
530,火控装置，先进配件,,59,,
531,火控装置，尖端配件,,60,1,
532,复合装甲碎片，普通配件,,61,,
533,复合装甲碎片，精良配件,,62,,
534,复合装甲碎片，先进配件,,63,,
535,复合装甲碎片，尖端配件,,64,1000,
536,火控装置碎片，普通配件,,65,,
537,火控装置碎片，精良配件,,66,,
538,火控装置碎片，先进配件,,67,,
539,火控装置碎片，尖端配件,,68,1000,
540,复合装甲碎片，普通配件,,61,,
541,复合装甲碎片，精良配件,,62,,
542,复合装甲碎片，先进配件,,63,,
543,复合装甲碎片，尖端配件,,64,1000,
544,火控装置碎片，普通配件,,65,,
545,火控装置碎片，精良配件,,66,,
546,火控装置碎片，先进配件,,67,,
547,火控装置碎片，尖端配件,,68,1000,
548,复合装甲碎片，普通配件,,61,,
549,复合装甲碎片，精良配件,,62,,
550,复合装甲碎片，先进配件,,63,,
551,复合装甲碎片，尖端配件,,64,1000,
552,火控装置碎片，普通配件,,65,,
553,火控装置碎片，精良配件,,66,,
554,火控装置碎片，先进配件,,67,,
555,火控装置碎片，尖端配件,,68,1000,
556,复合装甲碎片，普通配件,,61,,
557,复合装甲碎片，精良配件,,62,,
558,复合装甲碎片，先进配件,,63,,
559,复合装甲碎片，尖端配件,,64,1000,
560,火控装置碎片，普通配件,,65,,
561,火控装置碎片，精良配件,,66,,
562,火控装置碎片，先进配件,,67,,
563,火控装置碎片，尖端配件,,68,1000,
564,卡夫卡的普通配件箱改,打开后随机获得普通火控装置或复合装甲1个,,,
565,卡夫卡的精良配件箱改,打开后随机获得精良火控装置或复合装甲1个,,,
566,卡夫卡的先进配件箱改,打开后随机获得先进火控装置或复合装甲1个,,,
567,卡夫卡的尖端配件箱改,,,,
568,1号新式碎片箱,,,,
569,2号新式碎片箱,打开随机获得先进记忆合金或钨芯弹头碎片1~2个，有一定几率出现尖端品质。,,,
570,1号尖端配件箱,打开随机获得尖端陶瓷装甲或炮口制退器1个,,,
571,2号尖端配件箱,打开随机获得尖端记忆合金或钨芯弹头1,,,
572,虎王坦克,使用后获得虎王坦克*1,,,
573,斗狼歼击车,,,,
574,猛犸自行火炮,使用后获得猛犸自行火炮*1,,,
575,怒狮火箭车,使用后获得怒狮火箭车*1,,,
576,飓风火箭车,,,,
577,59式坦克,使用后获得59式坦克*1,,,
578,配件进化包,使用后获得设计蓝图*10，神秘矿物*10，电钻*10，工具箱*20，演习令*3,,99999,10
579,坦克进化包,,,,
580,角色进化包,使用后获得统率书*20，荣誉勋章*200，幸运币*10，演习令*5,,,
581,积分,,,,
601,精锐勋章,用于将领突破和将领技能升级,,99999,
602,紫金勋章,用于将领突破,,99999,
606,铜质装甲勋章,用于将领技能升级,,99999,
607,银质装甲勋章,用于将领技能升级,,99999,
608,金质装甲勋章,,,99999,
611,装甲作战学说,用于将领技能升级,,,
612,地势作战学说,用于将领技能升级,,,
613,作战支撑学说,用于将领技能升级,,,
614,指挥体系学说,用于将领技能升级,,,
615,部队掌握学说,用于将领技能升级,,,
616,战线推进学说,用于将领技能升级,,,
617,部队编组学说,用于将领技能升级,,,
618,士官训练学说,用于将领技能升级,,,
621,初级指挥心得,用于将领技能升级,,,
622,初级坚韧心得,用于将领技能升级,,,
623,初级精准心得,用于将领技能升级,,,
624,初级闪避心得,用于将领技能升级,,,
625,初级暴击心得,用于将领技能升级,,,
626,初级装甲心得,用于将领技能升级,,,
627,初级决战心得,,,,
631,中级指挥心得,用于将领技能升级,,,
632,中级坚韧心得,用于将领技能升级,,,
633,中级精准心得,用于将领技能升级,,,
634,中级闪避心得,用于将领技能升级,,,
635,中级暴击心得,用于将领技能升级,,,
636,中级装甲心得,用于将领技能升级,,,
637,中级决战心得,用于将领技能升级,,,
641,高级指挥心得,用于将领技能升级,,,
642,高级坚韧心得,用于将领技能升级,,,
643,高级精准心得,用于将领技能升级,,,
644,高级闪避心得,用于将领技能升级,,,
645,高级暴击心得,用于将领技能升级,,,
646,高级装甲心得,用于将领技能升级,,,
647,高级决战心得,用于将领技能升级,,,
651,专家指挥心得,用于将领技能升级,,,
652,专家坚韧心得,用于将领技能升级,,,
653,专家精准心得,用于将领技能升级,,,
654,专家闪避心得,用于将领技能升级,,,
655,专家暴击心得,用于将领技能升级,,,
656,专家装甲心得,用于将领技能升级,,,
657,专家决战心得,,,,
661,大师指挥心得,用于将领技能升级,,,
662,大师坚韧心得,,,,
663,大师精准心得,,,,
664,大师闪避心得,用于将领技能升级,,,
665,大师暴击心得,,,,
666,大师装甲心得,,,,
667,大师决战心得,用于将领技能升级,,,
668,微型资源箱,,,,
669,巨型资源箱,,,,
670,海量资源箱,使用后获得铁矿*50m、石油*50m、铅矿*50m、钛矿*10m、水晶*10m,,,
671,超级资源箱,,,,
672,配件改造包,使用后获得电钻*1、神秘矿物*1、设计蓝图,,,
673,功勋宝箱,,,,
674,终极配件包,使用后获得设计蓝图*20，神秘矿物*40，电钻*200，大量水晶*10，先进配件箱*1,,,
675,无穷资源包,,,,
676,天启四骑士,使用后获得天启坦克*20，猛虎歼击车*20，黑豹自行火炮*20，尖啸者火箭车*20,,,
677,狂怒,兑换《狂怒》电影票《,,,
678,200金币礼包,使用后获得200金币。《,,,
679,500金币礼包,使用后获得500金币。,,,
680,10元启程礼包,原价300金币的礼包。使用获得四种重型坦克*10，五种小型资源开采*1,,,
681,20元作战礼包,原价500金币的礼包。使用获得小型资源箱*1，荣誉勋章*5，小型能量盾*1，热核炸药*1,,,
682,30元进阶礼包,原价700金币的礼包。使用获得统率书*4，空中支援*3，机动回避*3,,,
683,特惠海量铁锭,使用后获得200万铁矿,,,
684,特惠海量石油,使用后获得150万石油,,,
685,特惠海量铅矿,使用后获得100万铅矿,,,
686,特惠海量钛矿,使用后获得50万钛矿,,,
687,特惠海量水晶,使用后获得50万水晶,,,
688,特惠小型能量盾包,使用后获得小型能量盾*5,,,
689,特惠热核炸药包,使用后获得热核炸药*5《,,,
690,特惠加速前行包,使用后获得加速前行*10,,,
691,特惠空中支援包,使用后获得空中支援*5,,,
692,特惠机动回避包,使用后获得机动回避*5,,,
693,特惠小型资源箱,"使用后获得铁矿、石油、铅各1M,水晶、钛矿各200K",,,
694,特惠中型资源箱,"使用后获得铁矿、石油、铅各3M,水晶、钛矿各600K",,,
695,特惠大型资源箱,使用后获得铁矿、石油、铅各10M，水晶、钛矿各2M,,,
696,特惠迁徙令包,使用后获得迁令*10,,,
697,特惠高级迁徙令包,使用后获得高级迁徙令*3《,,,
698,特惠荣誉勋章包,使用后获得荣誉勋章*50,,,
699,特惠统率书包,使用后获得统率书*10,,,
700,特惠幸运币包,使用后获得幸运币*20,,,
701,隆美尔魂石箱,使用后获得隆美尔魂魄*1,,,
702,古德里安魂石箱,使用后获得古德里安魂魄*1,,,
703,曼施坦因魂石箱,使用后获得曼施坦因魂魄*1,,,
704,魏特曼魂石箱,使用后获得魏特曼魂魄*1,,,
705,梅耶魂石箱,使用后获得梅耶魂魄*1《,,,
706,克莱斯特魂石箱,使用后获得克莱斯特魂魄*1,,,
707,曼陀菲尔魂石箱,使用后获得曼陀菲尔魂魄*1,,,
708,迪特里希魂石箱,使用后获得迪特里希魂魄*1,,,
709,布劳希奇魂石箱,使用后获得布劳希奇魂魄*1《,,,
710,隆德施泰德魂石箱,使用后获得隆德施泰德魂魄*1,,,
711,豪赛尔魂石箱,使用后获得豪赛尔魂魄*1,,,
712,莫德尔魂石箱,使用后获得莫德尔魂魄*1,,,
713,朱可夫魂石箱,使用后获得朱可夫魂魄*1,,,
714,崔可夫魂石箱,使用后获得崔可夫魂魄*1,,,
715,铁木辛哥魂石箱,使用后获得铁木辛哥魂魄*1《,,,
716,叶廖缅科魂石箱,使用后获得叶廖缅科魂魄*1,,,
717,科涅夫魂石箱,使用后获得科涅夫魂魄*1,,,
718,罗科索夫斯基魂石箱,使用后获得罗科索夫斯基魂魄*1,,,
719,图哈切夫斯基魂石箱,使用后获得图哈切夫斯基魂魄*1,,,
720,华西列夫斯基魂石箱,使用后获得华西列夫斯基魂魄*1K,,,
721,安东诺夫魂石箱,使用后获得安东诺夫魂魄*1,,,
722,瓦连佐夫魂石箱,使用后获得瓦连佐夫魂魄*1,,,
723,马利诺夫斯基魂石箱,使用后获得马利诺夫斯基魂魄*1,,,
724,巴顿魂石箱,使用后获得巴顿魂魄*1,,,
725,艾森豪威尔魂石箱,使用后获得艾森豪威尔魂魄*1,,,
726,麦克阿瑟魂石箱,使用后获得麦克阿瑟魂魄*1,,,
727,布莱德雷魂石箱,使用后获得布莱德雷魂魄*1,,,
728,艾布拉姆斯魂石箱,使用后获得艾布拉姆斯魂魄*1,,,
729,马歇尔魂石箱,使用后获得马歇尔魂魄*1,,,
730,戴高乐魂石箱,使用后获得戴高乐魂魄*1,,,
731,甘末林魂石箱,,,,
732,蒙哥马利魂石箱,,,,
733,斯利姆魂石箱,使用后获得斯利姆魂魄*1,,,
734,韦维尔魂石箱,使用后获得韦维尔魂魄*1,,,
735,布鲁克魂石箱,,,,
736,曼纳海姆魂石箱,,,,
737,梅塞魂石箱,使用后获得梅塞魂魄*1,,,
738,弗朗哥魂石箱,使用后获得弗朗哥魂魄*1,,,
739,铁托魂石箱,使用后获得铁托魂魄*1,,,
740,瓦尔特魂石箱,,,,
741,sample_prop_name_741,,,,
742,sample_prop_name_742,,,,
743,sample_prop_name_743,,,,
744,sample_prop_name_744,,,,
745,sample_prop_name_745,,,,
746,sample_prop_name_746,,,,
747,sample_prop_name_747,,,,
748,sample_prop_name_748,,,,
749,sample_prop_name_749,,,,
750,sample_prop_name_750,,,,
751,隆美尔大魂石箱,使用后获得隆美尔魂魄*10,,,
752,古德里安大魂石箱,,,,
753,曼施坦因大魂石箱,,,,
754,魏特曼大魂石箱,,,,
755,梅耶大魂石箱,,,,
756,克莱斯特大魂石箱,,,,
757,曼陀菲尔大魂石箱,使用后获得曼陀菲尔魂魄*10,,,
758,迪特里希大魂石箱,,,,
759,布劳希奇大魂石箱,,,,
760,隆德施泰德大魂石箱,使用后获得隆德施泰德魂魄*10,,,
761,豪赛尔大魂石箱,,,,
762,莫德尔大魂石箱,,,,
763,朱可夫大魂石箱,,,,
764,崔可夫大魂石箱,使用后获得崔可夫魂魄*10,,,
765,铁木辛哥大魂石箱,使用后获得铁木辛哥魂魄*10,,,
766,叶廖缅科大魂石箱,使用后获得叶廖缅科魂魄*10,,,
767,科涅夫大魂石箱,,,,
768,罗科索夫斯基大魂石箱,,,,
769,图哈切夫斯基大魂石箱,使用后获得图哈切夫斯基魂魄*10,,,
770,华西列夫斯基大魂石箱,,,,
771,安东诺夫大魂石箱,使用后获得安东诺夫魂魄*10,,,
772,瓦连佐夫大魂石箱,使用后获得瓦连佐夫魂魄*10,,,
773,马利诺夫斯基大魂石箱,,,,
774,巴顿大魂石箱,使用后获得巴顿魂魄*10,,,
775,艾森豪威尔大魂石箱,,,,
776,麦克阿瑟大魂石箱,使用后获得麦克阿瑟魂魄*10,,,
777,布莱德雷大魂石箱,,,,
778,艾布拉姆斯大魂石箱,,,,
779,马歇尔大魂石箱,使用后获得马歇尔魂魄*10,,,
780,戴高乐大魂石箱,使用后获得戴高乐魂魄*10《,,,
781,甘末林大魂石箱,,,,
782,蒙哥马利大魂石箱,使用后获得蒙哥马利魂魄*10,,,
783,斯利姆大魂石箱,使用后获得斯利姆魂魄*10,,,
784,韦维尔大魂石箱,使用后获得韦维尔魂魄*10,,,
785,布鲁克大魂石箱,使用后获得布鲁克魂魄*10,,,
786,曼纳海姆大魂石箱,使用后获得曼纳海姆魂魄*10,,,
787,梅塞大魂石箱,使用后获得梅塞魂魄*10,,,
788,弗朗哥大魂石箱,,,,
789,铁托大魂石箱,,,,
790,瓦尔特大魂石箱,,,,
791,sample_prop_name_791,,,,
792,sample_prop_name_792,,,,
793,sample_prop_name_793,,,,
794,sample_prop_name_794,,,,
795,sample_prop_name_795,,,,
796,sample_prop_name_796,,,,
797,sample_prop_name_797,,,,
798,sample_prop_name_798,,,,
799,sample_prop_name_799,,,,
800,sample_prop_name_800,,,,
801,四兽礼包,使用后获得虎王坦克*10、斗狼歼击车*10、猛犸自行火炮*10、怒狮火箭车*10,,,
802,卡夫卡的馈赠,使用后获得卡夫卡的先进配件箱改*1、电钻*100、神秘矿物*20、设计蓝图*10、大型资源箱*2,,,
803,卡夫卡的礼物,使用获得卡夫卡的先进配件箱*1、电钻*100、神秘矿物*20、设计蓝图*10、大型资源箱*2,,,
804,熔炼核心,,,,
805,1号普通配件箱,,,,
806,1号精良碎片箱,,,,
807,1号先进碎片箱,使用后随机获得先进品质的陶瓷装甲，炮口制退器或者发射制退器碎片1个,,,
808,2号普通配件箱,,,,
809,2号精良碎片箱,使用后随机获得精良品质的钨芯弹头，高爆弹头或者记忆合金碎片1个,,,
810,2号先进碎片箱,,,,
811,3号普通碎片箱,使用后随机获得普通品质的反应装甲或者仪表盘碎片,,,
812,3号精良碎片箱,,,,
813,3号先进碎片箱,使用后随机获得先进品质的反应装甲或者仪表盘碎片,,,
814,4号普通碎片箱,使用后随机获得普通品质的复合装甲或者火控装置碎片,,,
815,4号精良碎片箱,使用后随机获得精良品质的复合装甲或者火控装置碎片,,,
816,4号先进碎片箱,,,,
817,核芯储备包,,,,
818,名将魂石箱,使用后随机获得知名将领魂魄*1。,,,
819,将领魂石箱,,,,
820,T-99,使用后获得T-99*1,69,,
821,秃鹫,,70,,
822,战象自行火炮,使用后获得战象自行火炮*1,,,
823,巨鼠坦克,,,,
824,沙暴火箭车,,,,
825,99式坦克,使用后获得99式坦克*1,,,
826,萤火虫坦克,,,,
827,虎II式坦克,,,,
828,异星晶尘资源箱,使用后获得异星晶尘资源箱*1000,,99999,10
829,异星晶岩资源箱,,,99999,10
830,异星晶核资源箱,使用后获得异星晶核资源箱*1000,,99999,10
831,催化剂资源箱,,,99999,10
832,稳定剂资源箱,,,99999,10
833,润滑剂资源箱,,,99999,10
834,将领邀请函,使用获得1星豪赛尔，甘末林，韦维尔，布鲁克弗朗哥，瓦尔特各1位,,,
835,坚韧芯片,用于改装99式坦克,,,
836,追击芯片,,,,
837,威势芯片,,,,
838,VIP0超值礼包,,,,
839,VIP1超值礼包,VIP1超值礼包，内含幸运币*2，小型保护盾*,,,
840,VIP2超值礼包,,,,
841,VIP3超值礼包,VIP3超值礼包，内含热核炸药*2，小型能量盾*2，精锐勋章*10。,,,
842,VIP4超值礼包,VIP4超值礼包，内含精良配件箱*1，加速前行*2，初级将领经验书*20。,,,
843,VIP5超值礼包,VIP5超值礼包，内含初级指挥心得*20，机动回避*1，工具箱*10。,,,
844,VIP6超值礼包,VIP6超值礼包，内含部队掌握学说*10，中级将领经验书*5，初级指挥心得*20。,,,
845,VIP7超值礼包,,,,
846,VIP8超值礼包,,,,
847,VIP9超值礼包,VIP9超值礼包，内含火控核芯*100，导航核芯*100，荣誉勋章*200。,,,
848,VIP10超值礼包,VIP10超值礼包，内含聚变核芯*100，爆燃核芯*100，荣誉勋章*300。,,,
849,VIP0免费礼包,,,,
850,VIP1免费礼包,VIP1免费礼包，内含精锐勋章*20，统率书*1，荣誉勋章*10。,,,
851,VIP2免费礼包,VIP2免费礼包，内含中级将领经验书*20，统率书*3，荣誉勋章*10。,,,
852,VIP3免费礼包,VIP3免费礼包，内含艾森豪威尔魂魄*20，统率书*5，荣誉勋章*10。,,,
853,VIP4免费礼包,VIP4免费礼包，内含艾森豪威尔魂魄*20，统率书*5，荣誉勋章*20。,,,
854,VIP5免费礼包,VIP5免费礼包，内含艾森豪威尔魂魄*30，统率书*10，荣誉勋章*20。,,,
855,VIP6免费礼包,,,,
856,VIP7免费礼包,,,,
857,VIP8免费礼包,,,,
858,VIP9免费礼包,,,,
859,VIP10免费礼包,,,,
860,普通晶体箱,打开获得普通晶体*1000,,99999,
861,高级晶体箱,打开获得高级晶体*1000,,99999,
862,进阶晶体箱,打开获得进阶晶体*1000,,99999,
863,精锐勋章包,使用后获得精锐勋章*100,,99999,
864,谢尔曼,,,,
865,虎式坦克,使用后获得虎式坦克*1,,,
866,铁十字勋章,用于将领领悟功勋技能,,,
867,异星晶尘箱,使用后获得异星晶尘*10000《,,,
868,异星晶岩箱,使用后获得异星晶岩*1000,,,
869,异星晶核箱,使用后获得异星晶核*100,,,
870,催化剂箱,使用后获得催化剂*2000,,,
871,稳定剂箱,,,,
872,润滑剂箱,,,,
873,迷彩芯片,,,,
874,电磁芯片,用于改造磁暴坦克,,,
875,腐蚀芯片,,,,
876,地质芯片,用于改装武装采矿车,,,
877,1号芯片匣,,,,
878,2号芯片匣,,,,
879,α改造器,,,,
880,广告礼包,,,,
881,改造工具箱,,,,
882,虎王咆哮,,,,
883,怒狮来袭,,,,
884,改造整合包,,,,
885,高级战术礼包,使用获得中型资源箱*1，荣誉勋章包*1，加速生产*3，豹式坦克*100,,,
886,巨炮大礼包,使用获得荣誉勋章*10，小型资源箱*1，热核炸药*1，轻型火箭车*10,,,
887,神秘军需包,科技感十足的箱子，打开可获得稀有道具,,,
888,黄金军需包,,,,
889,白银军需包,,,,
890,铁质军需包,,,,
891,木质军需包,,,,
892,小型军需包,,,,
893,圣代头像,,,,
894,恶魔之吻,圣诞节专属头像！,,,
895,称号礼包,打开后可获得不给糖果就捣蛋专属称号：捣蛋专家,,,
896,sample_prop_name_896,,,,
897,抗战英雄头像,,,,
898,抗战巾帼头像,,,,
899,sample_prop_name_899,,,,
900,sample_prop_name_900,,,,
901,小随机资源包,,,,
902,随机资源包,,,,
903,运载箱秘钥,,,,
904,配件运载箱,来自盟友的馈赠，存有珍贵的配件，需要运载箱秘钥方可打开。,,,
905,萤火虫改,,,,
906,秃鹫改,,,,
907,小阿玛塔,使用获得小阿玛塔*1,,,
908,T-14阿玛塔,使用获得T-14阿玛塔*1,,,
909,电能坦克,,,,
910,磁暴坦克,,,,
911,体力药剂,使用获得5点体力,,,
912,免战牌,使用后超级武器蓝图不会被抢夺，持续2小时,,,
913,随机武器蓝图,,,,
914,高级武器蓝图,随机紫色超级武器蓝图,,,
915,随机结晶Lv1,,,,
916,随机结晶Lv2,,,,
917,随机结晶Lv3,,,,
918,随机结晶Lv4,,,,
919,随机结晶Lv5,随机能量结晶Lv5,,,
920,随机结晶Lv6,随机能量结晶Lv6,,,
921,随机结晶Lv7,,,,
922,随机结晶Lv8,,,,
923,随机结晶Lv9,随机能量结晶Lv9,,,
924,随机结晶Lv10,,,,
925,卡夫卡的秘密礼包,,,,
926,阅兵至尊礼包,使用后获得59式坦克*20，99式坦克*20，荣誉勋章*50,,,
927,百团大战,,,,
928,电钻集装箱,,,,
929,神秘矿物集装箱,使用获得神秘矿物*200,,,
930,设计蓝图集装箱,使用获得设计蓝图*100,,,
931,国庆神秘礼包,使用获得谢尔曼*20、萤火虫*20、润滑剂*50,,,
932,研究报告,在装备研究所中使用，有概率获得将领装备精工道具,,,
933,精工石碎片,精工石的碎片，可在精工商店中兑换将领专属精工道具,,99999,
934,催化剂,,,,
935,稳定剂,使用后获得稳定剂*1,,,
936,润滑剂,,,,
937,统帅指挥刀,【帕奇】的专属武器精工道具！,,,
938,扩充权杖,,,,
939,亲和佩剑,,,,
940,决策指挥刀,【沙波什尼科夫】的专属武器精工道具！,,,
941,铁血指挥刀,【博克】的专属武器精工道具！,,,
942,征服权杖,【凯特尔】的专属武器精工道具！,,,
943,荣耀佩剑,,,,
944,坚毅佩剑,【里布】的专属武器精工道具！,,,
945,冲锋佩剑,,,,
946,统帅佩剑,【维茨勒本】的专属武器精工道具！,,,
947,电磁轨道炮,电磁轨道炮每种碎片各1个,,,
948,伤害转移阵列,伤害转移阵列每种碎片各1个,,,
949,红汞弹头,,,,
950,弹道加速器,,,,
951,护盾干扰器,,,,
952,多层纳米装甲,多层纳米装甲每种碎片各1个,,,
953,上帝之杖,上帝之杖每种碎片各1个,,,
954,超级计算机,超级计算机每种碎片各1个,,,
955,sample_prop_name_955,,,,
956,sample_prop_name_956,,,,
957,sample_prop_name_957,,,,
958,sample_prop_name_958,,,,
959,高级心得包,使用随机获得1种高级心得,,99999,
960,专家心得包,,,99999,
961,上级心得包,使用随机获得1种高级或专家心得,,99999,
962,天梯兑换券,,,,
963,99A式坦克,,,,
964,虎III式坦克,,,99999,
965,红箭-7,,,,
966,红箭-8,,,,
967,红箭-10,使用获得红箭-10*1,,99999,
968,隼式,,,99999,
969,德国科技能量,,,,
970,俄国科技能量,,,,
971,美国科技能量,为配件搭载美国科技时的消耗材料,,,
972,中国科技能量,为配件搭载中国科技时的消耗材料,,,
973,任务点,,,,
974,军团贡献,,,,
975,特级产量增加,占领期间该军团成员基地资源增加基础产量200%，持续24小时,,,
976,产量增加,,,,
977,军团科技点数,,,,
978,周年庆典福,,,,
979,sample_prop_name_979,,,,
980,sample_prop_name_980,,,,
981,普通坦克宝箱,,,,
982,精良坦克宝箱,,,,
983,先进坦克宝箱,,,,
984,sample_prop_name_984,,,,
985,sample_prop_name_985,,,,
986,sample_prop_name_986,,,,
987,sample_prop_name_987,,,,
988,先进特战坦克宝箱,,,,
989,尖端特战坦克宝箱,使用后可以随机获得一辆尖端特战坦克,71,,
990,sample_prop_name_990,,,,
997,未鉴定的科技能量,使用并鉴定后，可以随机获得一个科技能量,72,99999,
998,竞技勋章测试道具,使用获得竞技勋章*1000,73,,
999,远征积分测试道具,,,,
1001,3号芯片匣,使用后获得荣誉勋章*10，统率书*2幸运币*3，金币*20,2,,
1002,3号芯片匣,使用后获得荣誉勋章*10，统率书*2幸运币*3，金币*20,2,,
1003,3号芯片匣,使用后获得荣誉勋章*10，统率书*2幸运币*3，金币*20,2,,
1004,3号芯片匣,使用后获得荣誉勋章*10，统率书*2幸运币*3，金币*20,2,,
1005,战车礼包,使用后获得统率书*1，迁徙令*3，幸运币*3，重型歼击车*20,74,,
1006,战车礼包,使用后获得统率书*1，迁徙令*3，幸运币*3，重型歼击车*20,74,,
1007,未鉴定的科技能量,使用并鉴定后，可以随机获得一个科技能量,72,,
1008,竞技勋章测试道具,使用获得竞技勋章*1000,73,,
1009,奇妙礼包,,75,,
1010,奇妙礼包,,75,,
1011,天启礼包,使用后获得荣誉勋章*5，天启坦克*1，金币*50,76,,
1012,天启礼包,使用后获得荣誉勋章*5，天启坦克*1，金币*50,76,,
1013,黑鹰礼包,使用后获得黑鹰*4，幸运币*1,36,,
1014,黑鹰礼包,使用后获得黑鹰*4，幸运币*1,36,,
1015,尊享礼包,使用后获得精良配件箱*1，统率书*6，荣誉勋章*30，重型坦克*30,77,,
1016,尊享礼包,使用后获得精良配件箱*1，统率书*6，荣誉勋章*30，重型坦克*30,77,,
1017,配件补给包,,78,,
1018,配件补给包,,78,,
1019,精良补给包,,79,,
1020,精良补给包,,79,,
1021,好评礼包,使用后获得金币*100、荣誉勋章*3、幸运币*3、加速生产*1,,,
1022,心思缜密礼包,,,,
1023,才高八斗礼包,,,,
1024,超值礼包,使用后获得统率书*5，幸运币*2，迁徙令*2,80,,
1025,分享礼包,,81,,
1026,劲爆礼包,,,,
1027,炫酷礼包,,,,
1028,缤纷礼包,,,,
1029,神秘大奖,使用后获得黑鹰*10、神秘矿物*5、统率书*5、加速生产*1,82,,
1030,4级礼包,,,,
1031,10级礼包,使用后获得小型资源箱*2，统率书*1，荣誉勋章*10，中型火箭车*5，金币*10,83,,
1032,15级礼包,使用后获得小型资源箱*3，统率书*2，荣誉勋章*20，迁徙令*2，中型火箭车*20,84,,
1033,20级礼包,开启需要等级20。使用获得黄金宝箱*3，精良配件箱*1，极速前行*1,85,,
1034,勇气礼包,,,,
1035,胜利礼包,使用后获得统率书*1，荣誉勋章*10，精良配件箱*1。,,,
1036,世界波礼包,使用后获得加速生产*1，小型资源箱*1，先进配件箱*1。,,,
1037,先锋礼包,使用后获得T-90*2、统率书*1、零件*200、金币*50。,,,
1038,精英礼包,,,,
1039,狐狸礼包,使用后获得金币*100、小型保护盾*1。,,,
1040,黑狼礼包,,,,
1041,蝎子礼包,使用后获得金币*150、荣誉勋章*3、幸运币*1。,,,
1042,毒蛇礼包,使用后获得小型水晶开采*1、荣誉勋章*5、统率书*3、幸运币*2。,,,
1043,眼镜蛇礼包,,,,
1044,猎鹰礼包,,,,
1045,灰熊礼包,,,,
1046,黑豹礼包,,,,
1047,老虎礼包,,,,
1048,海豹礼包,使用后获得小型资源箱*1、中型保护盾*1、荣誉勋章*5、统率书*4、幸运币*3。,86,,
1049,咆哮礼包,使用后获得1000金币*1加速生产*1，加速前行*1，幸运币*2,87,,
1050,秩序礼包,使用后获得金币*500、小型资源箱*1、加速生产*1、荣誉勋章*6、统率书*3。,,,
1051,中级战车礼包,使用后获得中型坦克*100、中型歼击车*90、中型自行火炮*80、中型火箭车*60。,,,
1052,高级战车礼包,,,,
1053,豹式坦克礼包,使用后获得豹式坦克*20。,,,
1054,复仇者礼包,,,,
1055,物资礼包,使用后获得铁矿*80W、石油*80W、铅矿*80W、钛矿*15W、水晶*15W。,,,
1056,高级物资礼包,使用后获得铁矿*500W、石油*500W、铅矿*500W、钛矿*100W、水晶*100W。,,,
1057,幸运大奖！,,,,
1058,一等奖礼包,,,,
1059,二等奖礼包,,,,
1060,三等奖礼包,使用后获得精良配件箱*1、电钻*10、重型歼击车*20。,,,
1061,四等奖礼包,使用后获得工具箱*5、大量水晶*3、重型坦克*20。,,,
1062,五等奖礼包,使用后获得统率书*2、大量水晶*2、中型火箭车*20。,,,
1063,六等奖礼包,使用后获得荣誉勋章*5、统率书*2。,,,
1064,七等奖礼包,使用后获得荣誉勋章*5。,,,
1065,重装礼包,使用后获得荣誉勋章*10、统率书*3、幸运币*2、金币*20、重型坦克*10,7,,
1066,指挥官礼包,使用后获得统率书*1、荣誉勋章*3、幸运币*3。,,,
1067,重型礼包,使用后获得重型坦克*2、重型歼击车*2、重型自行火炮*2、重型火箭车*2,,,
1068,添加礼包,,,,
1069,分享礼包,,81,,
1070,星痕礼包,使用后获得普通配件箱*1、统率书*1、荣誉勋章*3、重型坦克*10,,,
1071,幸运礼包,使用后获得幸运币*3、荣誉勋章*3、重型火箭车*5,,,
1072,集结礼包,,,,
1073,火力礼包,,,,
1074,评价礼包,使用后获得热核炸药*1、统率书*2、荣誉勋章*5、迁徙令*1、加速前行*1,,,
1075,精密配件大礼包,,,,
1076,封测参与礼包,使用后获得幸运币*5、重型坦克*10。,,,
1077,封测豪华礼包,使用后获得金币*200、精良配件箱*1、荣誉勋章*50。,,,
1078,赛前招募,使用后获得金币*600。,,,
1079,1级礼包,,,,
1080,3级礼包,开启需要等级3。使用获得5级礼包*1，青铜宝箱*1，统率书*3,,,
1081,5级礼包,,,,
1082,8级礼包,开启需要等级8。使用获得10级礼包*1，白银宝箱*1，荣誉勋章*10，重型火箭车*30,,,
1083,10级礼包,使用后获得小型资源箱*2，统率书*1，荣誉勋章*10，中型火箭车*5，金币*10,83,,
1084,15级礼包,使用后获得小型资源箱*3，统率书*2，荣誉勋章*20，迁徙令*2，中型火箭车*20,84,,
1085,20级礼包,开启需要等级20。使用获得黄金宝箱*3，精良配件箱*1，极速前行*1,85,,
1086,周年庆礼包,,,,
1087,贵宾礼包,使用后获得火控核芯*100、聚变核芯*100、统率书*10、荣誉勋章包*1,,,
1088,国庆节日礼包,,,,
1089,10倍礼包,使用后获得金币*300、小型资源箱*1、小型保护盾*1、幸运币*2、迁徙令*1,,,
1090,飓风礼包,使用后获得飓风火箭车*7、金币*60,,,
1091,光棍礼包,使用后获得统率书*3、幸运币*2、迁徙令*2,,,
1092,光复礼包,,,,
1093,感恩节礼包,,,,
1094,建筑资源宝箱,使用后获得铁矿*5M、石油*5M、铅矿*5M,,,
1095,战斗资源宝箱,,,,
1096,圣诞狂欢节礼包,使用后获得幸运币*5，机动回避*1，黑豹自行火炮*20，复原图纸*1，零件*1000,,,
1097,斗狼礼包,,,,
1098,猛犸礼包,使用后获得猛犸自行火炮*5，机动回避*1，统率书*1,,,
1099,就绪礼包,使用后获得荣誉勋章*1，统率书*2，幸运币*1，中型火箭车*5,,,
1100,铸甲礼包,使用后获得荣誉勋章*1，统率书*4，幸运币*1，重型坦克*10,,,
1101,兵戎礼包,使用后获得荣誉勋章*5，统率书*5，幸运币*3，金币*20，中型火箭车*15,,,
1102,赤地礼包,使用后获得荣誉勋章*10，统率书*2，幸运币*5，金币*30，中型火箭车*15,,,
1103,狂澜礼包,,,,
1104,行伍礼包,,,,
1105,磨灭礼包,使用后获得荣誉勋章*5，统率书*2，幸运币*2，中型火箭车*20,,,
1106,烽火礼包,,,,
1107,双“蛋”礼包,使用后获得精锐勋章*10，统率书*2，电钻*20,,,
1108,奠基礼包,,,,
1109,弹雨礼包,,,,
1110,岁月礼包,,,,
1111,纵横礼包,,,,
1112,沙场礼包,,,,
1113,天下礼包,,,,
1114,东行礼包,使用后获得幸运币*3，统率书*2，荣誉勋章*5，重型歼击车*10,,,
1115,仁义礼包,使用后获得工具箱*5，大量水晶*3，重型坦克*20,,,
1116,铁马礼包,,,,
1117,峥嵘礼包,,,,
1118,应用宝礼包,使用后获得统率书*1，热核炸药*1，轻型火箭车*20。,88,,
1119,Gstar奠基礼包,使用后获得幸运币*3，小型保护盾*1，加速前行*1，荣誉勋章*3,,,
1120,Gstar强兵礼包,,,,
1121,Gstar豪华战车礼包,使用后获得野蜂自行火炮*50，尖啸者火箭车*50，豹式坦克*50，追猎者歼击车*50,,,
1122,大吉大利礼包,使用后获得幸运币*3，荣誉勋章*3，统率书*1，重型坦克*3,,,
1123,迎新礼包,,,,
1124,福气安康礼包,使用后获得荣誉勋章*5，幸运币*2，冰電火箭车*5,,,
1125,阖家欢乐礼包,,,,
1126,一帆风顺礼包,,,,
1127,二龙腾飞礼包,,,,
1128,三羊开泰礼包,使用后获得统率书*5，迁徙令*3，加速前行*1，海量水晶*2,,,
1129,四季平安礼包,使用后获得重型火箭车*5，重型坦克*5，重型自行火炮*5，重型歼击车*5,,,
1130,五福临门礼包,使用后获得加速生产*1，空中支援*1，荣誉勋章*5，迁徙令*2，演习令*3,,,
1131,六六大顺礼包,使用后获得幸运币*6，豹式坦克*6，金币*60,,,
1132,七星高照礼包,,,,
1133,八方来财礼包,,,,
1134,九九同心礼包,使用后获得热核炸药*2，精良配件箱*1，鼠式坦克*2，突击虎*2,,,
1135,喜气羊羊礼包,使用后获得猛虎歼击车*10，天启坦克*10，尖啸者火箭车*10，黑豹自行火炮*10,,,
1136,应用宝礼包,使用后获得统率书*1，热核炸药*1，轻型火箭车*20。,88,,
1137,阖家欢乐宝箱,使用后获得统率书*5，荣誉勋章*10，热核炸药*3，金币*100,,,
1138,一帆风顺宝箱,,,,
1139,三羊开泰宝箱,,,,
1140,四季平安宝箱,,,,
1141,五福临门宝箱,,,,
1142,六六大顺宝箱,使用后获得演习令*5，空中支援*1，斗狼歼击车*1，金币*100,,,
1143,七星高照宝箱,使用后获得机动回避*1，统率书*5，火控核芯*10，金币*100,,,
1144,八方来财宝箱,使用后获得荣誉勋章*30，精锐勋章*20，金币*100,,,
1145,九九同心宝箱,,,,
1146,喜气羊羊宝箱,使用后获得统率书*6，中级将领经验书*5，精锐勋章*10，金币*100,,,
1147,应用宝礼包,使用后获得统率书*1，热核炸药*1，轻型火箭车*20。,88,,
1148,应用宝礼包,使用后获得统率书*1，热核炸药*1，轻型火箭车*20。,88,,
1149,应用宝礼包,使用后获得统率书*1，热核炸药*1，轻型火箭车*20。,88,,
1150,情人节礼包,,,,
1151,贺岁礼包,使用后获得幸运币*3，迁徙令*1，尖啸者火箭车*5,,,
1152,新春红包,,,,
1153,羊年大吉,使用后获得统率书*5，小型资源箱*1，尖啸者火箭车*10，复原图纸*1,,,
1154,万福礼包,,,,
1155,周年庆军事礼包,使用后获得配件补充包*10，荣誉勋章*10，高级将领经验书*2，天启坦克*10，工具箱*5,,,
1156,周年庆科研礼包,使用后获得加速生产*1，空中支援*2，冰電火箭车*10,,,
1157,周年庆远征礼包,,,,
1158,周年庆烟花礼包,使用后获得爆燃核芯*15，先进碎片箱*1，幸运币*3，挖掘机*5,,,
1159,周年庆星光礼包,使用后获得中级将领经验书*5，精锐勋章*4，统率书*3，加速前行*2,,,
1160,周年庆作战礼包,,,,
1161,周年庆钢弹礼包,使用后获得紫金勋章*1，神秘矿物*3，设计蓝图*5，零件*700,,,
1162,周年庆贺岁礼包,使用后获得先进配件箱*1，彩蛋礼包*10，演习礼包*10，金币*100,,,
1163,周年庆分享礼包,,,,
1164,复活节礼包,,,,
1165,兔子礼包,,,,
1166,烟火礼包,,,,
1167,攻击礼包,,,,
1168,改造礼包,,,,
1169,将领礼包,,,,
1170,帝王尊享礼包,,,,
1171,军备礼包,,,,
1172,海德拉礼包,,,,
1173,E会员纳入礼包,,,,
1174,E会员游戏体验礼包,,,,
1175,点兵礼包,,,,
1176,全胜礼包,使用后获得统率书*2，银质装甲勋章*3，紫金勋章*1,,,
1177,昂扬礼包,使用后获得先进碎片箱*2，初级将领经验书*10，统率书*3，突击虎*10,,,
1178,斗志礼包,使用后获得迁徙令*1，加速生产*1，荣誉勋章*5，虎王坦克*5,,,
1179,名就礼包,,,,
1180,实弹礼包,,,,
1181,长征礼包,,,,
1182,千军礼包,,,,
1183,成功礼包,,,,
1184,E会员通用礼包,使用后获得精锐勋章*3，统率书*2，荣誉勋章*5，设计蓝图*1,,,
1185,E会员生日礼包,,,,
1186,劳动节礼包,,89,,
1187,劳动奉献礼包,,,,
1188,母亲节礼包,,,,
1189,母亲节感恩礼包,使用后获得大量水晶*3，重型坦克*20，工具箱*5,,,
1190,儿童节礼包,,,,
1191,快乐儿童节礼包,使用后获得火控核芯*20，统率书*5，荣誉勋章*10,,,
1192,端午节礼包,,,,
1193,粽子礼包,,,,
1194,应用宝新手礼包,,,,
1195,应用宝10级礼包,,,,
1196,应用宝15级礼包,使用后获得小型资源箱*3，统率书*2，荣誉勋章*20，热核炸药*2，中型火箭车*20,,,
1197,应用宝20级礼包,使用后获得小型资源箱*5，统率书*3，荣誉勋章*30，中型火箭车*30，金币*10,,,
1198,应用宝30级礼包,使用后获得小型资源箱*10，统率书*5，荣誉勋章*50，热核炸药*5，重型火箭车*30,,,
1199,应用宝登陆礼包,,,,
1200,任务集市新手奖励,,,,
1201,任务集市10级奖励,使用后获得统率书*1，荣誉勋章*10，轻型自行火炮*10，金币*10,,,
1202,任务集市15级奖励,使用后获得统率书*2，荣誉勋章*20，热核炸药*2，中型自行火炮*20,,,
1203,连续三天登陆礼包,,,,
1204,任务集市30级奖励,使用后获得统率书*5，荣誉勋章*50，热核炸药*5，重型自行火炮*30,,,
1205,铁骑宝箱,,,,
1206,先机宝箱,使用后获得荣誉勋章*3，统率书*2，幸运币*5，重型火箭车*20，金币*20,,,
1207,铁血宝箱,,,,
1208,雷霆宝箱,,,,
1209,辉煌宝箱,,,,
1210,战车宝箱,,,,
1211,战车礼箱,,,,
1212,神奇宝箱,使用后获得荣誉勋章*10，统率书*3，幸运币*3，天启坦克*20,,,
1213,重装宝箱,使用后获得荣誉勋章*10，统率书*5，幸运币*3，豹式坦克*20,,,
1214,希望宝箱,,,,
1215,特战礼包,,,,
1216,装甲宝箱,使用后获得加速生产*1，荣誉勋章*5，幸运币*5，重型火箭车*15,90,,
1217,装甲宝箱,使用后获得加速生产*1，荣誉勋章*5，幸运币*5，重型火箭车*15,90,,
1218,装甲宝箱,使用后获得加速生产*1，荣誉勋章*5，幸运币*5，重型火箭车*15,90,,
1219,装甲宝箱,使用后获得加速生产*1，荣誉勋章*5，幸运币*5，重型火箭车*15,90,,
1220,强力礼包,使用后获得荣誉勋章包*3，精锐勋章*100，高级将领经验书*5,,,
1221,黑鹰宝箱,使用后获得海量水晶*1，黑鹰*10》,,,
1222,尊享宝箱,使用后获得海量水晶*1，海量钛矿*1，T-90*10，黑鹰*10,,,
1223,尊享礼箱,,,,
1224,一帆风顺礼箱,,,,
1225,二龙腾飞礼箱,,,,
1226,三羊开泰礼箱,,,,
1227,四季平安礼箱,,,,
1228,五福临门礼箱,使用后获得精锐勋章*30，虎王坦克*1，金币*100,,,
1229,六六大顺礼箱,,,,
1230,七星高照礼箱,使用后获得机动回避*1，统率书*5，火控核芯*10，金币*100,,,
1231,八方来财礼箱,使用后获得荣誉勋章*30，精锐勋章*20，金币*100,,,
1232,九九同心礼箱,使用后获得装甲作战学说*5，精锐勋章*20，金币*100,,,
1233,CJ尊享礼包,,,,
1234,微信关注礼包,,,,
1235,微信注册礼包,,,,
1236,借兵礼包,,,,
1237,善战礼包,,,,
1238,英勇礼包,,,,
1239,光耀礼包,使用后获得小型资源箱*1，中型保护盾*1，统率书*4，幸运币*3,,,
1240,卸甲礼包,使用后获得加速前行*1，虎王坦克*3，工具箱*2,,,
1241,勇者礼包,使用后获得将领魂石箱*10，统率书*6，中级将领经验书*5,91,,
1242,速战礼包,使用后获得高级将领经验书*5，统率书*6，荣誉勋章*30，加速生产*1,92,,
1243,卓越礼包,,,,
1244,星尘礼包,使用后获得金币*100，异星晶尘*2000,,,
1245,紫金礼包,,,,
1246,学说礼包,使用后获得装甲作战学说*15，地势作战学说*15，指挥体系学说*15，部队掌握学说*15,,,
1247,尊敬礼包,使用后获得先进配件箱*1，统率书*3，初级将领经验书*2,,,
1248,凯旋礼包,,,,
1249,开心礼包,使用后获得精锐勋章*2，配件改造包*1，小型保护盾*1，荣誉勋章*3,,,
1250,百世礼包,使用后获得加速生产*1，加速前行*1，大型能量盾*1，热核炸药*1,,,
1251,挥师礼包,使用后获得统率书*2，精锐勋章*1，沙暴火箭车*5,,,
1252,血气礼包,使用后获得迁徙令*1，聚变核芯*5，导航核芯*5，幸运币*10,,,
1253,极速礼包,,,,
1254,专家礼包,,,,
1255,vip大礼包,,,,
1256,陨星礼包,使用后获得精锐勋章*200，异星晶核*1000，异星晶岩*1000，润滑剂*100,,,
1257,圣剑礼包,,,,
1258,撕裂者礼包,,,,
1259,鸡动礼包,使用后获得极速前行*3，荣誉勋章*5，挖掘机*10,,,
1260,传奇礼包,,,,
1261,夕阳礼包,,,,
1262,星级推荐礼包,,,,
1263,豪华推荐礼包,,,,
1264,白金推荐礼包,使用后获得精锐勋章*30，中级闪避心得*10，怒狮火箭车*100，水晶*1000000,,,
1265,Efun专属礼包,使用后获得统率书*10，冰電火箭车*50，黑鹰*30，T-99*30,,,
1266,前线哨站,,,,
1267,正义追击,使用后获得加速生产*1，荣誉勋章*5，初级将领经验书*10，虎王坦克*20,,,
1268,浩瀚征途,,,,
1269,潜伏礼包,使用后获得命中提升*5，闪避提升*5，暴击提升*5，装甲提升*5,,,
1270,冥想礼包,,,,
1271,勇士礼包,使用后获得万能碎片*2，卡夫卡的先进配件箱*1，红箭-10*300，金币*500,,,
1272,完美礼包,,,,
1273,光辉礼包,使用后获得神秘矿物*100，电钻*1000，工具箱*10，设计蓝图*50,,,
1274,VIP军需大礼包,使用后获得中级将领经验书*25，装甲作战学说*10，统率书*10，纳米元件*5000,,,
1275,回归大礼包,使用后获得红箭-8*300，金币*500，麦克阿瑟的魂魄*300，装备EXP*500,93,,
1276,决战礼包,,,,
1277,远征礼包,,,,
1278,争霸礼包,,,,
1279,储值回馈礼包1,,,,
1280,储值回馈礼包2,使用后获得大型保护盾*3，命中提升l*3，T-99*50，金币*200,,,
1281,储值回馈礼包3,使用后获得卡夫卡的先进配件箱*1，配件进化包*1，将领魂石箱*20，金币*500,,,
1282,储值回馈礼包4,,,,
1283,储值回馈礼包5,,,,
1284,圣诞礼包,,,,
1285,圣诞稀有礼包,,,,
1286,圣诞限量礼包,使用后获得火控核芯箱*1，聚变核芯箱*1，导航核芯箱*1，爆燃核芯箱*1,,,
1287,圣诞高额礼包,,,,
1288,超值礼包,使用后获得统率书*5，幸运币*2，迁徙令*2,80,,
1289,初号机大礼,,,,
1290,II号机大礼,,,,
1291,远程制导,使用后获得名将魂石箱*10，高级将领经验书*10，热核炸药*10,,,
1292,循环打击,使用后获得高级迁徙令*2，海量钛矿*1，金币*50,,,
1293,火线出击,,,,
1294,X-计划,,,,
1295,绝密档案,,,,
1296,M-day,使用后获得配件改造包*2，零件*2000，工具箱*5,,,
1297,大决战,,,,
1298,双旦礼包,使用后获得统率书*10，精锐勋章*20，润滑剂*200，先进碎片箱*1,,,
1299,vip月度礼包,使用后获得金币*188，统率书*10，中级将领经验书*10，荣誉勋章*50,,,
1300,新年迎春礼包,使用后获得金币*50，将领魂石箱*10，统率书*5，加速生产*3,94,,
1301,畅游券礼包,"使用后获得2号先进碎片箱*1，名将魂石箱*10,体力药剂*3,改造工具箱*10",95,,
1302,海豹礼包,使用后获得小型资源箱*1、中型保护盾*1、荣誉勋章*5、统率书*4、幸运币*3。,86,,
1303,速战礼包,使用后获得高级将领经验书*5，统率书*6，荣誉勋章*30，加速生产*1,92,,
1304,神秘大奖,使用后获得黑鹰*10、神秘矿物*5、统率书*5、加速生产*1,82,,
1305,咆哮礼包,使用后获得1000金币*1加速生产*1，加速前行*1，幸运币*2,87,,
1306,幸运大奖,使用后获得先进配件箱*1，海量水晶*10，豹式坦克*10,,,
1307,勇者礼包,使用后获得将领魂石箱*10，统率书*6，中级将领经验书*5,91,,
1308,新年迎春礼包,使用后获得金币*50，将领魂石箱*10，统率书*5，加速生产*3,94,,
1309,畅游券礼包,"使用后获得2号先进碎片箱*1，名将魂石箱*10,体力药剂*3,改造工具箱*10",95,,
1310,暖冬礼包,使用后获得金币*100，中级决战心得*5，稳定剂*100,,,
1311,新春礼包,,,,
1312,军火礼包,使用后获得导航核芯*20，极速前行*5，荣誉勋章*20，机动回避*2，统率书*5,,,
1313,荣誉礼包,使用后获得统率书*10，精锐勋章*20，荣誉勋章*50，金币*100,,,
1314,福缘宝箱,,,,
1315,蓝翔礼包,,,,
1316,三相之力礼包,,,,
1317,红燕礼包,使用后获得中型资源箱*1，海量钛矿*5，海量石油*5，金币*500,,,
1318,良辰礼包,,,,
1319,军团胜利礼包,,,,
1320,军团支援礼包,使用后获得空中支援*10，机动回避*10，金币*100,,,
1321,每日礼包,使用后获得荣誉勋章*5，幸运币*2，少量钛矿*1,,,
1322,新手礼包,使用后可获得4种资源礼包,1,,
1323,10级礼包,使用后获得小型资源箱*2，统率书*1，荣誉勋章*10，中型火箭车*5，金币*10,83,,
1324,15级礼包,使用后获得小型资源箱*3，统率书*2，荣誉勋章*20，迁徙令*2，中型火箭车*20,84,,
1325,20级礼包,开启需要等级20。使用获得黄金宝箱*3，精良配件箱*1，极速前行*1,85,,
1326,30级礼包,使用后获得中型资源箱*6，统率书*5，荣誉勋章*50，加速生产*3，重型火箭车*40,,,
1327,猴年小礼,使用后获得加速生产*1，荣誉勋章*5，初级将领经验书*10,,,
1328,新年联促一重奏,,,,
1329,新年联促二重奏,,,,
1330,新年联促三重奏,,,,
1331,罗盘礼包,使用后获得2号先进碎片箱*1，磁暴坦克*15，击破结晶Lv.2*1,,,
1332,军情七处,,,,
1333,敞亮礼包,,,,
1334,静默礼包,,,,
1335,菱形战术,使用后获得飓风火箭车*15，鼠式坦克*15，谢尔曼*15,,,
1336,闪光弹礼包,,,,
1337,黑洞装甲,使用后获得改造工具箱*25，名将魂石箱20，统率书*10，暴击结晶Lv.4*1,,,
1338,交叉火力,使用后获得彩蛋礼包*10，演习礼包*10，韧性结晶Lv.3*1,,,
1339,满载礼包,使用后获得装甲作战学说*10，万能碎片*1，加速生产*1,,,
1340,谷雨礼包,,,,
1341,绿色预热礼包,使用后获得幸运币*3，统率书*5，加速生产*1，重型火箭车*10，金币*200,,,
1342,全家-暑期專屬A,,,,
1343,全家-暑期專屬B,,,,
1344,全球发展礼包,,,,
1345,融合齿轮宝箱,,,,
1346,火力芯片,用于改装T34系列火箭车,,,
1347,熔炼核心碎片礼包,,,,
1348,微量小资源箱,,,,
1349,微量中资源箱,使用后可获得铁、钛矿、铅、水晶、石油各500,,,
1350,微量大资源箱,,,,
1351,T34火箭车,使用后获得T34火箭车*1,,,
1352,T34E1火箭车,,,,
1353,T34E2火箭车,使用后获得T34E2火箭车*1,,,
1354,新型究极特战坦克宝箱,,,,
1355,新型荣耀特战坦克宝箱,使用之后可以选择获得一辆荣耀特战坦克,,,
1356,5K装甲经验,,,,
1357,20K装甲经验,,,,
1358,3号芯片匣,使用后获得荣誉勋章*10，统率书*2幸运币*3，金币*20,2,,
1359,钻石优选坦克宝箱,使用后随机获得究极特战坦克一辆。,,,
1360,钻石精致坦克宝箱,使用后随机获得究极特战坦克一辆。,,,
1361,巅峰优选坦克宝箱,,,,
1362,巅峰精致坦克宝箱,,,,
1363,究极特战坦克宝箱,,,,
1364,荣耀特战坦克宝箱,,,,
1365,100装甲经验,,,,
1366,挖掘机随机箱,,,,
2001,配件运载箱，普通配件,,96,,
2002,配件运载箱，精良配件,,97,,
2003,配件运载箱，先进配件,,98,,
2004,配件运载箱，尖端配件,,99,,
2005,配件运载箱，普通配件,,96,,
2006,配件运载箱，精良配件,,97,,
2007,配件运载箱，先进配件,,98,,
2008,配件运载箱，尖端配件,,99,,
2009,配件运载箱，普通配件,,96,,
2010,配件运载箱，精良配件,,97,,
2011,配件运载箱，先进配件,,98,,
2012,配件运载箱，尖端配件,,99,,
2013,配件运载箱，普通配件,,96,,
2014,配件运载箱，精良配件,,97,,
2015,配件运载箱，先进配件,,98,,
2016,配件运载箱，尖端配件,,99,,
2017,配件运载箱，普通配件,,96,,
2018,配件运载箱，精良配件,,97,,
2019,配件运载箱，先进配件,,98,,
2020,配件运载箱，尖端配件,,99,,
2021,配件运载箱，普通配件,,96,,
2022,配件运载箱，精良配件,,97,,
2023,配件运载箱，先进配件,,98,,
2024,配件运载箱，尖端配件,,99,,
2025,配件运载箱，普通配件,,96,,
2026,追踪AI,,,,
2027,配件运载箱，先进配件,,98,,
2028,配件运载箱，尖端配件,,99,,
2029,配件运载箱，普通配件,,96,,
2030,配件运载箱，精良配件,,97,,
2031,配件运载箱，先进配件,,98,,
2032,配件运载箱，尖端配件,,99,,
2033,配件运载箱，普通配件,,96,,
2034,配件运载箱，精良配件,,97,,
2035,配件运载箱，先进配件,,98,,
2036,配件运载箱，尖端配件,,99,,
2037,配件运载箱，普通配件,,96,,
2038,配件运载箱，精良配件,,97,,
2039,配件运载箱，先进配件,,98,,
2040,配件运载箱，尖端配件,,99,,
2041,配件运载箱，普通配件,,96,,
2042,配件运载箱，精良配件,,97,,
2043,配件运载箱，先进配件,,98,,
2044,配件运载箱，尖端配件,,99,,
2045,配件运载箱，普通配件,,96,,
2046,配件运载箱，精良配件,,97,,
2047,配件运载箱，先进配件,,98,,
2048,配件运载箱，尖端配件,,99,,
2049,配件运载箱，普通配件,,96,,
2050,配件运载箱，精良配件,,97,,
2051,配件运载箱，先进配件,,98,,
2052,配件运载箱，尖端配件,,99,,
2053,配件运载箱，普通配件,,96,,
2054,配件运载箱，精良配件,,97,,
2055,配件运载箱，先进配件,,98,,
2056,配件运载箱，尖端配件,,99,,
2057,配件运载箱，普通配件,,96,,
2058,配件运载箱，精良配件,,97,,
2059,配件运载箱，先进配件,,98,,
2060,配件运载箱，尖端配件,,99,,
2061,配件运载箱，普通配件,,96,,
2062,配件运载箱，精良配件,,97,,
2063,配件运载箱，先进配件,,98,,
2064,配件运载箱，尖端配件,,99,,
2065,配件运载箱，普通配件,,96,,
2066,配件运载箱，精良配件,,97,,
2067,配件运载箱，先进配件,,98,,
2068,配件运载箱，尖端配件,,99,,
2069,配件运载箱，普通配件,,96,,
2070,配件运载箱，精良配件,,97,,
2071,配件运载箱，先进配件,,98,,
2072,配件运载箱，尖端配件,,99,,
2073,配件运载箱，普通配件,,96,,
2074,配件运载箱，精良配件,,97,,
2075,配件运载箱，先进配件,,98,,
2076,配件运载箱，尖端配件,,99,,
2077,配件运载箱，普通配件,,96,,
2078,配件运载箱，精良配件,,97,,
2079,配件运载箱，先进配件,,98,,
2080,配件运载箱，尖端配件,,99,,
2081,配件运载箱，普通配件,,96,,
2082,配件运载箱，精良配件,,97,,
2083,配件运载箱，先进配件,,98,,
2084,配件运载箱，尖端配件,,99,,
2085,配件运载箱，普通配件,,96,,
2086,配件运载箱，精良配件,,97,,
2087,配件运载箱，先进配件,,98,,
2088,配件运载箱，尖端配件,,99,,
2089,配件运载箱，普通配件,,96,,
2090,配件运载箱，精良配件,,97,,
2091,配件运载箱，先进配件,,98,,
2092,配件运载箱，尖端配件,,99,,
2093,配件运载箱，普通配件,,96,,
2094,配件运载箱，精良配件,,97,,
2095,配件运载箱，先进配件,,98,,
2096,配件运载箱，尖端配件,,99,,
2097,配件运载箱，普通配件,,96,,
2098,配件运载箱，精良配件,,97,,
2099,配件运载箱，先进配件,,98,,
2100,配件运载箱，尖端配件,,99,,
2101,配件运载箱，普通配件,,96,,
2102,配件运载箱，精良配件,,97,,
2103,配件运载箱，先进配件,,98,,
2104,配件运载箱，尖端配件,,99,,
2105,配件运载箱，普通配件,,96,,
2106,配件运载箱，精良配件,,97,,
2107,配件运载箱，先进配件,,98,,
2108,配件运载箱，尖端配件,,99,,
2109,配件运载箱，普通配件,,96,,
2110,配件运载箱，精良配件,,97,,
2111,配件运载箱，先进配件,,98,,
2112,配件运载箱，尖端配件,,99,,
2113,配件运载箱，普通配件,,96,,
2114,配件运载箱，精良配件,,97,,
2115,配件运载箱，先进配件,,98,,
2116,配件运载箱，尖端配件,,99,,
2117,配件运载箱，普通配件,,96,,
2118,配件运载箱，精良配件,,97,,
2119,配件运载箱，先进配件,,98,,
2120,配件运载箱，尖端配件,,99,,
2121,配件运载箱，普通配件,,96,,
2122,配件运载箱，精良配件,,97,,
2123,配件运载箱，先进配件,,98,,
2124,配件运载箱，尖端配件,,99,,
2125,配件运载箱，普通配件,,96,,
2126,配件运载箱，精良配件,,97,,
2127,配件运载箱，先进配件,,98,,
2128,配件运载箱，尖端配件,,99,,
2129,工程委托书,雇佣专业工程队，帮忙升级已有建筑，持续4小时！,,,
2130,sample_prop_name_2130，究极配件,,,,
2131,sample_prop_name_2131，究极配件,,,,
2132,sample_prop_name_2132，究极配件,,,,
2133,sample_prop_name_2133，究极配件,,,,
2134,sample_prop_name_2134，究极配件,,,,
2135,sample_prop_name_2135，究极配件,,,,
2136,sample_prop_name_2136，究极配件,,,,
2137,sample_prop_name_2137，究极配件,,,,
2138,sample_prop_name_2138，究极配件,,,,
2139,sample_prop_name_2139，究极配件,,,,
2140,sample_prop_name_2140，究极配件,,,,
2141,sample_prop_name_2141，究极配件,,,,
2142,sample_prop_name_2142，究极配件,,,,
2143,sample_prop_name_2143，究极配件,,,,
2144,sample_prop_name_2144，究极配件,,,,
2145,sample_prop_name_2145，究极配件,,,,
2146,sample_prop_name_2146，究极配件,,,,
2147,sample_prop_name_2147，究极配件,,,,
2148,sample_prop_name_2148，究极配件,,,,
2149,sample_prop_name_2149，究极配件,,,,
2150,sample_prop_name_2150，究极配件,,,,
2151,sample_prop_name_2151，究极配件,,,,
2152,sample_prop_name_2152，究极配件,,,,
2153,sample_prop_name_2153，究极配件,,,,
2154,sample_prop_name_2154，究极配件,,,,
2155,sample_prop_name_2155，究极配件,,,,
2156,sample_prop_name_2156，究极配件,,,,
2157,sample_prop_name_2157，究极配件,,,,
2158,sample_prop_name_2158，究极配件,,,,
2159,sample_prop_name_2159，究极配件,,,,
2160,sample_prop_name_2160，究极配件,,,,
2161,sample_prop_name_2161，究极配件,,,,
3001,勃洛姆堡魂石箱,,,99999,
3002,博克魂石箱,使用后获得博克魂魄*1,,99999,
3003,凯特尔魂石箱,,,99999,
3004,克卢格魂石箱,使用后获得克卢格魂魄*1,,99999,
3005,里布魂石箱,,,99999,
3006,利斯特魂石箱,使用后获得利斯特魂魄*1<,,99999,
3007,维茨勒本魂石箱,,,99999,
3008,赖歇努魂石箱,,,99999,
3009,屈希勒尔魂石箱,,,99999,
3010,布施魂石箱,,,99999,
3011,范佛里特魂石箱,使用后获得范佛里特魂魄*1,,99999,
3012,sample_prop_name_3012,,,,
3013,sample_prop_name_3013,,,,
3014,sample_prop_name_3014,,,,
3015,sample_prop_name_3015,,,,
3016,sample_prop_name_3016,,,,
3017,麦考利夫魂石箱,,,99999,
3018,德弗斯魂石箱,,,99999,
3019,史密斯魂石箱,使用后获得史密斯魂魄*1,,99999,
3020,sample_prop_name_3020,,,,
3021,沙波什尼科夫魂石箱,,,99999,
3022,瓦图京魂石箱,,,99999,
3023,sample_prop_name_3023,,,,
3024,sample_prop_name_3024,,,,
3025,sample_prop_name_3025,,,,
3026,sample_prop_name_3026,,,,
3027,sample_prop_name_3027,,,,
3028,sample_prop_name_3028,,,,
3029,sample_prop_name_3029,,,,
3030,sample_prop_name_3030,,,,
3031,亚尔曼魂石箱,使用后获得亚尔曼魂魄*1,,99999,
3032,坦小云魂石箱,使用后获得坦小云魂魄*1,,99999,
3033,加里森魂魄,,,99999,
3034,娜塔莉亚魂魄,,,99999,
3035,埃里克魂魄,使用后获得埃里克魂魄*1,,99999,
3036,凯特琳魂魄,使用后获得凯特琳魂魄*1,,99999,
3037,亚历克斯魂魄,使用后获得亚历克斯魂魄*1,,99999,
3038,米尔斯魂魄,使用后获得米尔斯魂魄*1,,99999,
3039,米勒魂魄,使用后获得米勒魂魄*1,,99999,
3040,利柏特魂魄,,,99999,
3041,卡卢亚魂魄,使用后获得卡卢亚魂魄*1,,99999,
3042,亨德森魂魄,使用后获得亨德森魂魄*1,,99999,
3043,惠特福德魂魄,使用后获得惠特福德魂魄*1,,99999,
3044,凯瑟琳魂魄,使用后获得凯瑟琳魂魄*1,,99999,
3045,维科特魂魄,,,99999,
3046,萨菈魂魄,,,99999,
3047,sample_prop_name_3047,,,,
3048,sample_prop_name_3048,,,,
3049,sample_prop_name_3049,,,,
3050,sample_prop_name_3050,,,,
3101,巨人坦克,使用后获得巨人坦克*1,,,
3102,独角兽歼击车,,,,
3103,美杜莎自行火炮,,,,
3104,九头蛇火箭车,使用后获得九头蛇火箭车*1,,,
3105,武装采矿车,使用后获得武装采矿车*1,,,
3106,'土鸡'式采矿车,,,,
3107,T-99,使用后获得T-99*1,69,,
3108,秃鹫,,70,,
3109,T-100,使用后获得T-100*1,,99999,
3110,小飞象,,,99999,
3201,远征积分*100,使用后获得远征积分*100,,,
3202,竞技勋章*100,使用后获得竞技勋章*100,,,
3203,装备Exp*100,,,,
3204,竞技Exp*100,,,,
3205,战术Exp*100,使用后获得战术Exp*100,,,
3206,纳米元件*100,,,,
3301,配件熔炼宝箱,,,,
3302,进阶荣誉勋章,稀有的荣誉勋章，用于提升指挥官中级技能。,,99999,
3303,高阶荣誉勋章,,,99999,
3304,搜索雷达,,,99999,
3305,间谍卫星,使用后获得一位玩家当前某支正在采集的部队位置,,99999,
3306,馈赠红包,,,,
3307,获利红包,,,,
3308,狼穴进攻礼包,使用之后有几率获得稀有的进阶荣誉勋章或其他珍奇道具。,,,
3309,狼穴军需箱,使用之后很大几率获得稀有的进阶荣誉勋章或其他珍奇道具。,,,
3310,sample_prop_name_3310,,,,
3311,sample_prop_name_3311,,,,
3312,sample_prop_name_3312,,,,
3313,VIP青铜宝箱,使用获得加速前行*1，并有几率开出配件，资源和珍贵道具,,,
3314,VIP白银宝箱,使用获得荣誉勋章*5，并有几率开出高级配件及碎片，资源和珍贵道具,,,
3315,VIP黄金宝箱,使用获得中型钛矿开采*1，并有几率开出紫色配件，万能碎片，资源和珍贵道具,,,
3316,T-15阿玛塔,,,99999,
3317,鼠王坦克,使用后获得鼠王坦克*1《,,99999,
3318,脉冲坦克,,,99999,
3319,寒霜火箭车,使用后获得寒霜火箭车*1,,99999,
3320,随机先进坦克,随机获得先进坦克一辆,,,
3321,随机先进特战坦克,随机获得先进特战坦克一辆,,,
3322,随机先进+1特战坦克,,,,
3323,随机尖端特战坦克,,,,
3324,比赛分数,,,,
3325,维尼休斯头像,,,,
3326,扫荡令,,,,
3327,檀香,使用后可以获得少量资源，可从赏月行动任务中获得。,,,
3328,月饼,,,,
3329,桂花酒,,,,
3330,三周年专属头像,,,,
3331,巨象自行火炮,,,,
3332,铁十字勋章包,,,,
3333,活跃点数,,100,,
3334,神秘福袋,,101,,
3335,1号尖端碎片箱,,,,
3336,新型1号先进碎片箱,,,,
3337,感恩之心,感恩的心，感谢有您！使用感恩之心可在活动中兑换各种稀有奖励！,,,
3338,奇异宝石,,,,
3339,2号尖端碎片箱,打开随机获得尖端记忆合金碎片、钨芯弹头碎片、高爆弹头碎片1个,,,
3340,新型2号先进碎片箱,使用后可选择获得先进品质的钨芯弹头，高爆弹头或者记忆合金碎片1个,,,
3341,Vip特权头像(男),使用后可获得Vip特权头像（男）,,,
3342,Vip特权头像(女),,,,
3343,大将活跃宝箱,使用后可获得先进特战坦克宝箱*30，名将魂石箱*5，配件改造包*5，精工石碎片*5,,,
3344,大将回归宝箱,,,,
3345,新型3号先进碎片箱,使用后可选择获得先进品质的反应装甲或者仪表盘碎片1个,,,
3346,新型4号先进碎片箱,使用后可选择获得先进品质的复合装甲或者火控装置碎片1个,,,
3347,特战坦克宝箱,使用之后可以随机获得一辆特战坦克,,,
3348,同心结,,,,
3349,爱神丘比特,打开后可获得无独有偶专属称号：爱神丘比特,,,
3350,打砲好手,,,,
3351,新型4号精良碎片箱,,,,
3352,3号尖端碎片箱,使用后随机获得尖端品质的反应装甲或者仪表盘碎片1个,,,
3353,活跃点数,,100,,
3354,普通大奖,,,,
3355,精良大奖,,,,
3356,先进大奖,,,,
3357,尖端大奖,,,,
3358,回归大礼包,使用后获得红箭-8*300，金币*500，麦克阿瑟的魂魄*300，装备EXP*500,93,,
3359,周年庆大礼包,,,,
3360,4号尖端碎片箱,,,,
3361,战场功勋,,,,
3362,新型3号精良碎片,,,,
3363,sample_prop_name_3363,,,,
3364,sample_prop_name_3364,,,,
3365,sample_prop_name_3365,,,,
3366,sample_prop_name_3366,,,,
3367,sample_prop_name_3367,,,,
3368,sample_prop_name_3368,,,,
3369,4号新型尖端碎片箱,使用后选择获得尖端品质的复合装甲或者火控装置碎片1个,,,
3370,登录豪华礼包,使用后获得幸运币*2，荣誉勋章*2，少量铁锭*1，少量石油*1，少量铅矿*1，少量钛矿*1,,,
3371,5级豪华礼包,使用后获得幸运币*2，荣誉勋章*2，统率书*2,,,
3372,10级豪华礼包,使用后获得10分钟建筑加速*1，10分钟生产加速*1，10分钟科技加速*1，幸运币*3,,,
3373,15级豪华礼包,使用后获得30分钟建筑加速*1，30分钟生产加速*1，30分钟科技加速*1，统率书*3,,,
3374,20级豪华礼包,使用后获得重型火箭车*4，重型坦克*4，重型自行火炮*4，重型歼击车*4,,,
3375,25级豪华礼包,使用后获得绿色矩阵宝箱*1，小型资源箱1，幸运币*5,,,
3376,30级豪华礼包,使用后获得蓝色矩阵宝箱*1，中型资源箱1，统率书*2,,,
3377,恋爱之神,打开后可获得无独有偶专属称号：【恋爱之神】,,,
3378,字母-L,,,,
3379,字母-U,军事演习和远征军高概率掉落；攻打关卡，军团副本，装备探索，补给线，活动抽奖低概率掉落。,,,
3380,字母-C,,,,
3381,字母-K,,,,
3382,字母-Y,,,,
3383,文字-国,,,,
3384,文字-庆,,,,
3385,文字-节,,,,
3386,文字-快,,,,
3387,文字-乐,,,,
3388,新型中级心得包,使用后可选择获得1种中级心得,,99999,
3389,新型高级心得包,使用后可选择获得1种高级心得,,99999,
3390,圣诞礼盒,,,,
3391,圣诞头像,使用后可以获得【全民圣诞】活动专属的头像。,,,
3392,堕落天使,【雪人大战】活动专属头像！,,,
3401,10分钟建筑加速,减少10分钟建筑建造或升级时间,,,
3402,30分钟建筑加速,,,,
3403,2小时建筑加速,减少2小时建筑建造或升级时间,,,
3404,8小时建筑加速,,,,
3411,10分钟生产加速,减少10分钟坦克生产或改造时间,,,
3412,30分钟生产加速,,,,
3413,2小时生产加速,减少2小时坦克生产或改造时间,,,
3414,8小时生产加速,,,,
3421,10分钟科技加速,减少10分钟科技研发时间,,,
3422,30分钟科技加速,,,,
3423,2小时科技加速,减少2小时科技研发时间,,,
3424,8小时科技加速,,,,
3450,VIP11免费礼包,VIP11免费礼包，内含艾森豪威尔魂魄*50，高级技能专精*1，技能专精*40。,,,
3451,VIP12免费礼包,VIP12免费礼包，内含艾森豪威尔魂魄*50高级技能专精*2，技能专精*60。,,,
3452,sample_prop_name_3452,**sample_prop_des_3452,,,
3460,VIP11超值礼包,VIP11超值礼包，内含润滑剂*100，高级技能要领*6，中级技能要领*4。,,,
3461,VIP12超值礼包,VIP12超值礼包，内含润滑剂*150，高级技能要领*12，中级技能要领*4。,,,
3462,sample_prop_name_3462,**sample_prop_des_3462,,,
3501,三周年头像,使用后可获得三周年专属头像，完成活动任务累计活跃点数后免费获得。,,,
3502,A型改造材料包,购买后可立即获得神秘矿物*1，电钻*1，零件*75，设计蓝图*3,,,
3503,B型改造材料包,购买后可立即获得神秘矿物*5，电钻*1，零件*75，设计蓝图*1,,,
3504,C型改造材料包,"购买后可立即获得神秘矿物*2,电钻*15，零件*125，设计蓝图*1",,,
3505,D型改造材料包,购买后可立即获得神秘矿物*2，电钻*2，零件*775，设计蓝图*1,,,
3506,将领学说包,使用后随机获得1种将领学说,,99999,2
4001,军徽部件,用于军徽升级,,,
4002,高级军徽部件,用于军徽提升至高级,,,
4003,基础进阶图纸,用于基础军徽进阶,,,
4004,普通进阶图纸,用于普通军徽进阶,,,
4005,精良进阶图纸,用于精良军徽进阶,,,
4006,先进进阶图纸,用于先进军徽进阶,,,
4101,战魂军徽碎片,★★★★★活动获得，每20个可立即合成战魂军徽，活动结束后在背包查看。,,100,
4102,炙炎军徽碎片,活动获得，每20个可立即合成炙炎军徽，活动结束后在背包查看。,,100,
4103,爆破军徽碎片,活动获得，每20个可立即合成爆破军徽，活动结束后在背包查看。,,100,
4201,技能专精,用于升级技能时消耗的必须道具,,99999,
4202,高级技能专精,用于升级高阶技能时消耗的必须道具,,,
4203,初级技能要领,初级技能融合消耗的必须品,,,
4204,中级技能要领,中级技能融合消耗的必须品,,,
4205,高级技能要领,高级技能融合消耗的必须品,,,
4206,稀有技能要领,稀有技能融合消耗的必须品,,,
4207,萌新小兵,打开后可获得周年庆典专属称号：萌新小兵。,,,
4208,元老大将,打开后可获得周年庆典专属称号：元老大将。,,,
4209,Vip专属头像,使用后可获得四周年专属头像，VIP达到特定等级免费获得。,,,
4210,比蒙坦克,使用后获得比蒙坦克,,99999,
4211,泰坦歼击车,使用后获得泰坦歼击车,,99999,
4212,蛮王火炮,使用后获得蛮王火炮,,99999,
4213,红龙火箭车,使用后获得红龙火箭车,,99999,
4214,新型1号将领魂魄箱,使用后可选择获得魏特曼_魂魄、铁托_魂魄、曼纳海姆_魂魄、安东诺夫_魂魄或弗朗哥_魂魄1个。,,,
4215,新型2号将领魂魄箱,使用后可选择获得隆美尔_魂魄、豪赛尔_魂魄、迪特里希_魂魄、瓦尔特_魂魄或甘末林_魂魄1个。,,,
4216,新型3号将领魂魄箱,使用后可选择获得朱可夫_魂魄、戴高乐魂魄、韦维尔_魂魄、图哈切夫斯基_魂魄或布劳希奇_魂魄1个。,,,
4217,新型4号将领魂魄箱,使用后可选择获得古德里安_魂魄、梅耶魂魄、克莱斯特_魂魄、马歇尔_魂魄或梅塞_魂魄1个。,,,
4218,新型5号将领魂魄箱,使用后可选择获得曼施坦因_魂魄、曼陀菲尔_魂魄、斯利姆_魂魄、隆德施泰德_魂魄或莫德尔_魂魄1个。,,,
4501,指挥部队,使用后获得指挥部队,102,,
4502,抢修部队,使用后获得抢修部队,103,,
4503,雷达部队,使用后获得雷达部队,104,,
4504,通讯部队,使用后获得通讯部队,105,,
4505,补给部队,使用后获得补给部队,106,,
4506,保养部队,使用后获得保养部队,107,,
4507,指挥部队,使用后获得指挥部队,102,,
4508,抢修部队,使用后获得抢修部队,103,,
4509,雷达部队,使用后获得雷达部队,104,,
4510,通讯部队,使用后获得通讯部队,105,,
4511,补给部队,使用后获得补给部队,106,,
4512,保养部队,使用后获得保养部队,107,,
4513,指挥部队,使用后获得指挥部队,102,,
4514,抢修部队,使用后获得抢修部队,103,,
4515,雷达部队,使用后获得雷达部队,104,,
4516,通讯部队,使用后获得通讯部队,105,,
4517,补给部队,使用后获得补给部队,106,,
4518,保养部队,使用后获得保养部队,107,,
4519,指挥部队,使用后获得指挥部队,102,,
4520,抢修部队,使用后获得抢修部队,103,,
4521,雷达部队,使用后获得雷达部队,104,,
4522,通讯部队,使用后获得通讯部队,105,,
4523,补给部队,使用后获得补给部队,106,,
4524,保养部队,使用后获得保养部队,107,,
4601,白色矩阵宝箱,使用后随机获得白色装甲矩阵部队×1,,,
4602,绿色矩阵宝箱,使用后随机获得绿色装甲矩阵部队×1,,,
4603,蓝色矩阵宝箱,使用后随机获得蓝色装甲矩阵部队×1,,,
4604,紫色矩阵宝箱,使用后随机获得紫色装甲矩阵部队×1,,,
4605,新型白色矩阵宝箱,使用后可选择获得白色装甲矩阵部队×1,,,
4606,新型绿色矩阵宝箱,使用后可选择获得绿色装甲矩阵部队×1,,,
4607,新型蓝色矩阵宝箱,使用后可选择获得蓝色装甲矩阵部队×1,,,
4608,新型紫色矩阵宝箱,使用后可选择获得紫色装甲矩阵部队×1,,100,
4611,初级金币箱,使用后立即获得200金币,,,
4612,高级金币箱,使用后立即获得500金币,,,
4613,斋月头像,,,,
4614,紫色恐惧技能箱,使用后随机获得1个紫色品质的恐惧技能,,,
4615,紫色横扫技能箱,使用后随机获得1个紫色品质的横扫技能,,,
4616,蓝色空袭技能箱,使用后随机获得1个蓝色品质的空袭技能,,,
4617,蓝色技能箱,战机技能箱，使用后随机获得1个蓝色品质,,,
4618,紫色技能箱,战机技能箱，使用后随机获得1个紫色品质,,,
4619,新型恐惧技能箱,战机技能箱，使用后可选择获得任意1个紫色品质的恐惧技能,,10,
4620,电磁波技能箱,战机技能箱，使用后获得1个紫色品质的电磁波技能,,,
4630,研究值,增加200点研究值，用于使用战机技能。,,,
4631,革新精要,可用于升级战机技能。,,99999,
4707,鬼灵精怪,,,,
4708,新型1号尖端碎片箱,,,,
4709,新型2号尖端碎片箱,,,,
4710,新型3号尖端碎片箱,,,,
4820,新型1号尖端碎末箱,,,,
4821,新型2号尖端碎末箱,,,,
4822,新型3号尖端碎末箱,,,,
4823,新型4号尖端碎末箱,,,,
4824,1号尖端碎末箱,,,,
4825,2号尖端碎末箱,,,,
4826,3号尖端碎末箱,每30个可立即合成1个3号尖端碎片箱（随机)。,,,
4827,4号尖端碎末箱,每30个可立即合成1个4号尖端碎片箱（随机)。,,,
4828,1号究极碎片箱,使用后随机获得究极品质的陶瓷装甲碎片、炮口制退器、发射制退器碎片1个。,,4000,
4829,2号究极碎片箱,使用后随机获得究极品质的记忆合金碎片、钨芯弹头碎片、高爆弹头碎片1个。,,4000,
4830,3号究极碎片箱,使用后随机获得究极品质的反应装甲或者仪表盘碎片1个。,,4000,
4831,4号究极碎片箱,,4000,,
4832,新型1号究极碎片箱,,,,
4833,新型2号究极碎片箱,,,,
4834,新型3号究极碎片箱,,,,
4835,新型4号究极碎片箱,,,,
4836,1号究极碎末箱,每30个可立即合成1个1号究极碎片箱（随机)。,,,
4837,2号究极碎末箱,,,,
4838,3号究极碎末箱,,,,
4839,4号究极碎末箱,,,,
4840,新型1号究极碎末箱,,,,
4841,新型2号究极碎末箱,,,,
4842,新型3号究极碎末箱,,,,
4843,新型4号究极碎末箱,,,,
4844,陶瓷装甲新型先进箱,,,,
4845,炮口制退器新型先进箱,,,,
4846,记忆合金新型先进箱,记忆合金可选先进箱,,,
4847,钨芯弹头新型先进箱,,,,
4848,反应装甲新型先进箱,,,,
4849,仪表盘新型先进箱,仪表盘可选先进箱,,,
4850,复合装甲新型先进箱,,,,
4851,火控装置新型先进箱,,,,
4852,陶瓷装甲新型尖端箱,,,,
4853,炮口制退器新型尖端箱,,,,
4854,记忆合金新型尖端箱,记忆合金可选尖端箱,,,
4855,钨芯弹头新型尖端箱,,,,
4856,反应装甲新型尖端箱,,,,
4857,仪表盘新型尖端箱,,,,
4858,复合装甲新型尖端箱,复合装甲可选尖端箱,,,
4859,火控装置新型尖端箱,,,,
4916,聚合元素,,,,
4917,结晶宝箱,,,,
4918,紫色军徽宝箱,,,,
4919,电磁轨道炮蓝图宝箱,,,,
4920,伤害转移阵列蓝图宝箱,,,,
4921,红汞弹头蓝图宝箱,使用后可选择获得一种红汞弹头的设计蓝图1个。,,,
4922,弹道加速器蓝图宝箱,,,,
4923,护盾干扰器蓝图宝箱,,,,
4924,多层纳米装甲蓝图宝箱,,,,
4925,上帝之杖蓝图宝箱,使用后可选择获得一种上帝之杖的设计蓝图1个。,,,
4926,超级计算机蓝图宝箱,,,,
4927,碧绿装备材料包,,,99999,
4928,湛蓝装备材料包,,,99999,
4929,紫罗兰装备材料包,,,99999,
4930,装备精工包,使用后可选择获得一种将领装备精工需要的奖章或讲义1个。,,99999,
4931,军团跨服战积分,,,,
4932,群雄争霸积分,,,,
4933,改名卡,,,,
4934,精锐矩阵,,,99999,
4935,新型军徽碎片箱,,,,
4936,指挥部队,使用后获得指挥部队,102,,
4937,抢修部队,使用后获得抢修部队,103,,
4938,雷达部队,使用后获得雷达部队,104,,
4939,通讯部队,使用后获得通讯部队,105,,
4940,补给部队,使用后获得补给部队,106,,
4941,保养部队,使用后获得保养部队,107,,
4942,矩阵光环,,,99999,
4943,新型6号将领魂魄箱,,,,
4944,1.5K装甲经验,,,,
4945,强化图纸,用于升级建筑外观的星阶，提升外观属性加成。,,,
4946,战机技能箱,使用后可获得随机橙色品质战机技能1个,,,
4947,新型战机技能箱,,,100,
4948,尖端坦克宝箱,使用后随机获得尖端坦克一辆。,,,
4949,能量药剂,,,99999,
4950,周年锦鲤头像框,,,,
4951,五周年头像框,,,,
4952,狂欢乐园,,,,
4953,新型建筑装扮箱,,,,
4954,尊享结晶箱,使用后可立即获得随机种类的9级或10级能量结晶1个。,,,
4955,鉴定的科技能量,,,,
4956,万圣节装扮,,,,
4957,随机矩阵宝箱,,,,
4958,专家心得箱,,,,
4959,烛台,,,,
4960,许愿瓶,,,,
4961,幸运星,,,,
4962,神秘福袋,,101,,
4963,摩登之城【7天有效】,,,,
4964,初级部队随机箱,,,,
4965,中级部队随机箱,,,,
4966,祥瑞府邸【1天有效】,,,,
4967,新春至尊框,,,,
4968,新春金尊框,新春聚惠一等奖专属头像框，获得后永久有效。,,,
4969,涂装图纸,用于升级部队涂装的星阶，提升涂装属性加成。,,,
4970,将领副官包,,,,
4971,高级将领副官包,使用后可获得1名随机蓝色以上品阶副官《,,,
4972,攻击结晶Lv.8,使用后获得1个8级攻击结晶：攻击+120%,,,
4973,科技迷城,,,,
4974,圣诞宫殿,使用后可立即获得圣诞宫殿装扮，重复使用时会自动转化为强化图纸x50。,,,
4975,祥瑞府邸,使用后可立即获得祥瑞府邸装扮，重复使用时会自动转化为强化图纸x50。,,,
4976,先进特战坦克集装箱,使用之后可以选择获得50辆先进特战坦克,,,
4977,尖端特战坦克集装箱,使用之后可以选择获得50辆尖端特战坦克,,,
4978,究极特战坦克集装箱,使用之后可以选择获得50辆究极特战坦克,,,
4979,特战坦克芯片包,,,,
4980,白金勋章,用于将领副官升级,,,
4981,可选结晶Lv8,,,,
4982,可选结晶Lv9,使用后可获得自选种类的9级结晶1个,,,
4983,可选结晶Lv10,,,,
4984,1k装甲经验,,,,
4985,专家心得选择箱,使用后可获得自选的1种专家心得,,,
4986,核芯可选箱,,,,
4987,建筑装扮碎片,,,,
4988,新型核芯储备包,使用后可获得1个自选改装核芯,,,
4989,初级心得选择箱,使用后可获得1个自选初级心得,,99999,
4990,新型尖端特战坦克箱,,,,
4991,新型究极特战坦克箱,,,,
4992,万圣夜之城体验卡【7天】,使用后可立即获得万圣夜之城体验卡【7天】限时体验建筑装扮，该装扮无属性加成,,,
4993,万圣夜之城体验卡【30天】,使用后可立即获得万圣夜之城体验卡【30限时体验建筑装扮，该装扮无属性加天】成,,,
4994,狂欢乐园体验卡【7天】,使用后可立即获得狂欢乐园体验卡【7天】限时体验建筑装扮，该装扮无属性加成,,,
4995,狂欢乐园体验卡【30天】,使用后可立即获得狂欢乐园体验卡【30天】限时体验建筑装扮，该装扮无属性加成>,,,
4996,圣诞宫殿体验卡【7天】,,,,
4997,圣诞宫殿体验卡【30天】,使用后可立即获得圣诞宫殿体验卡【30天】限时体验建筑装扮，该装扮无属性加成,,,
4998,未来之城体验卡【1天】,使用后可立即获得未来之城体验卡【1天限时体验建筑装扮，该装扮无属性加成,,,
4999,新型究极坦克宝箱,,,,
5000,新型尖端坦克宝箱,使用后可获得一辆自选尖端坦克,,,
5001,新型先进坦克宝箱,,,,
5020,裁决佩剑,,,,
5021,捍卫权杖,,,,
5022,圣盾军徽碎片,,,,
5023,新型将领学说包,使用后可获得自选的1种将领学说,,,
5024,冰之歌头像框,,,,
5025,火之歌头像框,,,,
5026,中级心得包,,,,
5027,新型先进特战坦克箱,,,,
5028,联合军演究极奖励箱,使用后获得战火纷飞·高阶（7天）*1，迷彩框·高阶（7天）*1，迷彩气泡（7天）*1,,,
5029,联合军演尖端奖励箱,,,,
5030,联合军演先进奖励箱,,,,
5031,发射基地装扮【7天有效】,使用后可获得发射基地专属建筑装扮1个，有效期7天。,,,
5032,发射基地体验卡【7天】,使用后可立即获得发射基地体验卡【7天】限时体验建筑装扮，该装扮无属性加成。,,,
5033,修理工具,,,,
5034,跨服联合演习积分,,,,
5035,新型精良坦克宝箱,使用后可获得一辆自选精良坦克,,,
5036,坦克军令箱,使用后可随机开出万能碎片、50辆荣耀特战坦克等珍贵道具,,,
5037,特战坦克军令箱,,,,
5038,特战坦克芯片储备包,,,,
5039,新型普通坦克宝箱,使用后可获得一辆自选普通坦克,,,
5040,特权密匙,获得后激活特权：配件强化成功几率额外+10%,108,,
5041,特权密匙,获得后激活特权：配件强化成功几率额外+10%,108,,
5042,特权密匙,获得后激活特权：配件强化成功几率额外+10%,108,,
5043,特权密匙,获得后激活特权：配件强化成功几率额外+10%,108,,
5044,特权密匙,获得后激活特权：配件强化成功几率额外+10%,108,,
5045,特权密匙,获得后激活特权：配件强化成功几率额外+10%,108,,
5046,军令币,使用后立即获得1个军令币,,,
5047,尖端特战坦克宝箱,使用后可以随机获得一辆尖端特战坦克,71,,
5048,将领武器精工包,,,99999,
5049,涂装5折券,购买涂装T15-阿玛塔[机械版]时，享受5折优惠,109,,
5050,涂装5折券,购买涂装T15-阿玛塔[机械版]时，享受5折优惠,109,,
5051,涂装5折券,购买涂装T15-阿玛塔[机械版]时，享受5折优惠,109,,
5052,涂装5折券,购买涂装T15-阿玛塔[机械版]时，享受5折优惠,109,,
5053,涂装5折券,购买涂装T15-阿玛塔[机械版]时，享受5折优惠,109,,
5054,涂装5折券,购买涂装T15-阿玛塔[机械版]时，享受5折优惠,109,,
5055,涂装5折券,购买涂装T15-阿玛塔[机械版]时，享受5折优惠,109,,
5056,涂装5折券,购买涂装T15-阿玛塔[机械版]时，享受5折优惠,109,,
5057,涂装5折券,购买涂装T15-阿玛塔[机械版]时，享受5折优惠,109,,
5058,涂装5折券,购买涂装T15-阿玛塔[机械版]时，享受5折优惠,109,,
5059,涂装5折券,购买涂装T15-阿玛塔[机械版]时，享受5折优惠,109,,
5060,涂装5折券,购买涂装T15-阿玛塔[机械版]时，享受5折优惠,109,,
5061,涂装1折券,购买涂装巨象自行火炮[迷彩版]时，享受1折优惠,110,,
5062,涂装1折券,购买涂装巨象自行火炮[迷彩版]时，享受1折优惠,110,,
5063,涂装1折券,购买涂装巨象自行火炮[迷彩版]时，享受1折优惠,110,,
5064,涂装1折券,购买涂装巨象自行火炮[迷彩版]时，享受1折优惠,110,,
5065,涂装1折券,购买涂装巨象自行火炮[迷彩版]时，享受1折优惠,110,,
5066,涂装1折券,购买涂装巨象自行火炮[迷彩版]时，享受1折优惠,110,,
5067,涂装1折券,购买涂装巨象自行火炮[迷彩版]时，享受1折优惠,110,,
5068,涂装1折券,购买涂装巨象自行火炮[迷彩版]时，享受1折优惠,110,,
5069,涂装1折券,购买涂装巨象自行火炮[迷彩版]时，享受1折优惠,110,,
5070,涂装1折券,购买涂装巨象自行火炮[迷彩版]时，享受1折优惠,110,,
5071,涂装1折券,购买涂装巨象自行火炮[迷彩版]时，享受1折优惠,110,,
5072,涂装1折券,购买涂装巨象自行火炮[迷彩版]时，享受1折优惠,110,,
5073,5折涂装折扣券可选箱,使用后可获得1张自选涂装5折券,,,
5074,1折涂装折扣券可选箱,,,,
5075,稀有弱点打击技能箱,,,,
5076,稀有电磁锁定技能箱,,,,
5077,完美弱点打击技能箱,,,,
5078,完美电磁锁定技能箱,战机技能箱，使用后获得1个橙色品质的电磁锁定技能,,10,
5079,液态合金,,,,
5080,智能机芯,,,,
5081,生日快乐,使用可获得【生日快乐】聊天气泡（永久）,,,
5082,征服者,,,,
5083,挑战者,,,,
5084,挑战者装扮【1天有效】,,,,
5085,战略精要,,,,
5086,六周年头像框,,,,
5087,战略宝箱,,,,
5088,经验宝箱,,,,
5089,进阶生存AI箱,,,99999,
5090,合金宝箱,,,,
5091,黑铁军功章,,,,
5092,1000战略经验,,,,
5093,1000巅峰经验,使用后可获得巅峰战略经验X1000。,,,
5094,生存AI箱,使用之后可以获得一个生存A，重复获得时会自动转化为相应部队的碎片。,,99999,
5095,量子束AI箱,使用之后可以获得一个量子束A，重复获得时会自动转化为相应部队的碎片。,,99999,
5096,新型名将魂魄箱,使用后可选择获得亚尔曼_魂魄或坦小云_魂魄1个,,,
5097,可选结晶Lv11,,,,
5098,可选结晶Lv12,使用后可选择获得任意种类的12级结晶1,,,
5099,雪夜头像框,使用后可获得雪夜头像框，重复使用时会自动转化为金币×100。,,,
5100,独鼠一帜装扮,,,,
5101,独鼠一帜装扮【1天】,,,,
5102,配件导线,,,,
5103,B型[内勤]零件随机箱,,,,
5104,T型[坦克]零件随机箱,,,,
5105,A型[歼击车]零件随机箱,使用后随机获得A型飞艇[歼击车]紫色及以下品质的零件*1,,,
5106,W型[火炮]零件随机箱,,,,
5107,R型[火箭车]零件随机箱,,,,
5108,S型[通用]零件随机箱,使用后随机获得S型飞艇[通用]紫色及以下品质的零件*1,,,
5109,金星科研军徽碎片,,,,
5110,金星铸币军徽碎片,,,,
5111,金星仓储军徽碎片,,,,
5112,飞艇稀有零件随机箱,,,99999,10
5113,干扰芯片,用于改装赤炎系列自行火炮,,,
5114,赤炎自行火炮,,,,
5115,烈焰自行火炮,,,,
5116,熔岩自行火炮,,,,
5117,飞艇稀有零件箱,,,99999,
5118,U型[通用]零件随机箱,,,99999,
5119,巅峰王者头像框,,,,
5120,巅峰强者头像框,,,,
5121,巅峰挑战头像框,,,,
5122,巅峰王者头像,,,,
5123,巅峰最强称号,,,,
5124,王者圣殿装扮【7天有效】,,,,
5125,王者圣殿体验卡【7天】,,,,
5126,弹药,可在叛军宝库活动中使用,,,
5127,冲击AI箱,使用之后可以获得一个冲击A，重复获得时会自动转化为相应部队的碎片。,,99999,
5128,光波AI箱,,,99999,
5129,光子束AI箱,,,99999,
5130,AI部队经验,,,,
5131,巅峰强者头像,,,,
5132,装甲随机箱,,,,
5133,王者圣殿装扮【15天有效】,使用后可获得王者圣殿专属建筑装扮1个，15天有效。,,,
5134,王者圣殿装扮【30天有效】,,,,
5135,装甲补给箱,,,,
5136,国服之巅积分,,,,
5137,决斗令,可用于发起决斗,,,
5138,新型橙色矩阵宝箱,,,100,
5139,[幻影版]涂装可选箱,,,,
5140,传说圣域装扮,,,,
5141,传奇领域装扮,使用后可立即获得传奇领地专属建筑装扮，重复获得时会自动转化为强化图纸x50。,,,
5142,传奇领域装扮【1天】,,,,
5143,欢乐汇头像框,使用后可获得欢乐汇头像框，重复使用时会自动转化为金币×100。,,,
5144,尖端将领副官包,,,,
5145,先进将领副官可选包,使用之后可选择获得一个紫色副官,,,
5146,聚原石,,,,
5147,聚合脂,,,,
5148,睥睨天下装扮,,,,
5149,傲视群雄装扮,,,,
5150,傲视群雄装扮【1天】,,,,
5151,可选结晶Lv7,,,,
5152,时来运转宝箱,,,,
5153,7周年舞狮头像框,,,,
5154,【风】狮王专属称号,,,,
5155,【林】狮王专属称号,,,,
5156,【火】狮王专属称号,,,,
5157,【山】狮王专属称号,,,,
5159,进阶革新精要,可用于升级战机革新进阶技能,,,
5160,稀有全体-空袭技能箱,,,,
5161,稀有全体-反制技能箱,战机技能箱，使用后获得1个紫色品质的全体-反制技能,,,
5162,稀有全体-致残技能箱,,,,
5163,稀有全体-压制技能箱,战机技能箱，使用后获得1个紫色品质的全体-压制技能,,,
5164,稀有全体-偷袭技能箱,,,,
5165,稀有全体-无畏技能箱,战机技能箱，使用后获得1个紫色品质的全体-无畏技能,,,
5166,稀有全体-无惧技能箱,战机技能箱，使用后获得1个紫色品质的全体-无惧技能,,,
5167,完美全体-空袭技能箱,战机技能箱，使用后获得1个橙色品质的全体-空袭技能,,10,
5168,完美全体-反制技能箱,战机技能箱，使用后获得1个橙色品质的全体-反制技能,,10,
5169,完美全体-致残技能箱,,,10,
5170,完美全体-压制技能箱,,,10,
5171,完美全体-偷袭技能箱,战机技能箱，使用后获得1个橙色品质的全体-偷袭技能,,10,
5172,完美全体-无畏技能箱,,,10,
5173,完美全体-无惧技能箱,,,10,
5174,追击佩剑,【赖歇努】的专属武器精工道具,,,
5175,追击权杖,,,,
5176,无上权杖,,,,
5177,迁服令,,,,
5178,元旦雪之达人称号,,,,
5179,元旦英明雪人头像框,,,,
5180,元旦绅士雪人头像框,使用之后可以获得元旦绅士雪人头像框，重复使用时会自动转化为金币x100。,,,
5181,元旦幸运雪人头像框,,,,
5182,元旦活力雪人头像框,使用之后可以获得元旦活力雪人头像框，重复使用时会自动转化为金币x100。,,,
5183,复刻核心,,,,
5184,变更协议,,,,
5185,牛运亨通装扮,使用后可立即获得牛运亨通专属建筑装扮，重复获得时会自动转化为强化图纸,,,
5186,牛气冲天装扮,使用后可立即获得牛气冲天专属建筑装扮，重复获得时会自动转化为强化图纸,,,
5187,牛气冲天称号,,,,
5188,战机血魄头像,,,,
5189,战机幽夜头像,,,,
5190,战机蔚蓝头像,,,,
5191,战机玄岳头像,,,,
5192,战机星耀头像,,,,
5193,中势力经验*50,,,,
5194,美势力经验*50,,,,
5195,德势力经验*50,,,,
5196,俄势力经验*50,,,,
5197,紫色配件图纸,,,,
5198,橙色配件图纸,,,,
5199,魂魄徽章,,,,
5200,战斗飞艇稀有零件箱,使用后随机获得紫色品质及以下的TAWR飞艇稀有零件*1,,99999,10
5201,战斗飞艇绿色自选箱,,,99999,
5202,改造图纸,用于改造建筑外观的星阶，提升外观通用属性加成。,,,
5203,钢铁核心装扮,,,,
5204,战争巨炮装扮,,,,
5205,战争狂热称号,使用后可以获得战争狂热称号，重复使用时会自动转化为金币×100,,,
5206,红色配件图纸,,,,
5207,新型红色碎末片,,,,
5208,新型橙色碎末片,,,,
5209,初级模拟仪,,,,
5210,中级模拟仪,可用于兑换已解锁的AI中级部队,,,
5211,高级模拟仪,,,,
5212,10分钟通用加速,可用于：建造或升级、科技、生产或改造、战机革新,,,
5213,30分钟通用加速,,,,
5214,2小时通用加速,可用于：建造或升级、科技、生产或改造、战机革新,,,
5215,8小时通用加速,,,,
5216,尖端将领副官可选包,,,,
5217,1分钟通用加速,可用于：建造或升级、科技、生产或改造、战机革新,,,
5218,24小时通用加速,可用于：建造或升级、科技、生产或改造、战机革新,,,
5219,时间旅行者称号,使用之后可以获得时间旅行者称号，重复使用时会自动转化为金币×100。,,,
5220,穿梭战舰装扮,,,,
5221,时空霸主装扮,,,,
5222,坦克研发中心材料随机箱,,,,
5223,雷霆军徽碎片,,,100,
5224,威慑军徽碎片,,,100,
5225,大师心得选择箱,,,99999,
5226,战火之王头像框,,,,
5227,配件重置仪,,,,
5228,大师精炼臂,,,,
5229,擎天：战盔装扮,,,,
5230,迷雾城设计图,可在迷雾城活动中兑换奖励,,,
5231,未来之城装扮,使用后可立即获得未来之城专属建筑装扮，重复获得时会自动转化为强化图纸x50,,,
5232,飞艇稀有蓝色自选箱,,,99999,
5233,增幅器,,,,
5234,9级坦克可选箱,,,,
5235,历练币,通过[历练对决]活动获得，可在[历练对决门兑换商店中使用,,,
5236,摧坚陷阵【30天】,,,,
5237,摧坚陷阵【15天】,,,,
5238,摧坚陷阵【7天】,,,,
5239,铿锵玫瑰【30天】,,,,
5240,铿锵玫瑰【15天】,使用后获得铿锵玫瑰【15天】头像,,,
5241,铿锵玫瑰【7天】,,,,
5242,横扫千军【30天】,,,,
5243,横扫千军【7天】,,,,
5244,资源卡（高级）抵用券,,,,
5245,属性卡抵用券,,,,
5246,屏障发射器蓝图宝箱,,,,
5247,迷彩反射装甲蓝图宝箱,打开后选择迷彩反射装甲蓝图一张,,,
5248,可选结晶Lv13,使用后可选择获得任意种类的13级结晶1,,,
5249,可选结晶Lv14,,,100,
5250,中秋头像框,,,,
5251,中秋铭牌,使用之后可以获得中秋铭牌，重复使用时会自动转化为金币×100>,,,
5252,财源滚滚称号,,,,
5253,都市花园装扮,使用后可立即获得都市花园专属建筑装扮，重复获得时会自动转化为强化图纸x50。,,,
5254,商业帝国装扮,,,,
5255,模块自选宝箱,使用后可选择获得模块（驾驶）、模块（指挥）、模块（装弹）、模块（射击）中的一种。,,,
5256,新型高级武器蓝图,,,,
5257,积少成多头像【7天】,,,,
5258,挥金如雨头像【7天】,使用后可获得挥金如雨头像【7天】*1,,,
5259,争分夺秒头像【7天】,,,,
5260,合金*100,,,,
5261,超级模拟仪,,,,
5262,时来运转2021,,,,
5263,8周年头像,,,,
5264,8周年头像框,,,,
5265,宝库达人【30天】,,,,
5266,荣耀*100,,,,
5267,势力任务委托书,,,,
5268,精密元件,,,,
5269,重工材料,,,,
5270,高爆弹药,,,,
5271,轻工材料,俄势力体系进修道具,,,
5272,机械零件,联合国体系进修道具,,,
5273,焊接原料,,,,
5274,稳固扳手,,,,
5275,精准芯片（紫）可选箱,使用后可选择获得专属精准芯片（紫）*1,,,
5276,闪避芯片（紫）可选箱,使用后可选择获得专属闪避芯片（紫）*1,,,
5277,暴击芯片（紫）可选箱,,,,
5278,装甲芯片（紫）可选箱,,,,
5279,减伤芯片I（紫）可选箱,,,,
5280,减伤芯片II（紫）可选箱,,,,
5281,减伤芯片III（紫）可选箱,,,,
5282,减伤芯片IV（紫）可选箱,使用后可选择获得专属减伤芯片IV（紫）*1,,,
5283,精准芯片（橙）可选箱,,,,
5284,闪避芯片（橙）可选箱,使用后可选择获得专属闪避芯片（橙）*1,,,
5285,暴击芯片（橙）可选箱,,,,
5286,装甲芯片（橙）可选箱,使用后可选择获得专属装甲芯片（橙）*1,,,
5287,减伤芯片I（橙）可选箱,,,,
5288,减伤芯片II（橙）可选箱,,,,
5289,减伤芯片III（橙）可选箱,,,,
5290,减伤芯片IV（橙）可选箱,使用后可选择获得专属减伤芯片IV（橙）*1,,,
5291,联合国经验*50,,,,
5292,超级AI经验,,,99999,100
5293,群体壁垒AI箱,,,99999,
5294,群体防护AI箱,,,99999,
5295,群体击破AI箱,,,99999,
5296,镜像AI箱,,,,
5297,荣耀周年装扮,,,,
5298,特战坦克芯片自选包,,,,
5299,冬日雪人头像,,,,
5300,科技能源,,,,
5301,势力进修可选箱,,,,
5302,势力经验可选箱,使用后可选择获得中、美、德、俄势力经验*50,,,
5303,雪人小屋碎片,,,,
5304,万能晶片,,,,
5305,强权指挥刀,,,,
5306,自由佩剑,【克拉克】的专属武器精工道具,,,
5307,铁血权杖,,,,
5308,领袖指挥刀,,,,
5309,雪人小屋装扮,使用后可立即获得雪人小屋专属建筑装扮，重复获得时会自动转化为强化图纸x50。,,,
5310,喜气盈门头像框,使用后可获得喜气盈门头像框*1,,,
5311,特权密匙,获得后激活特权：配件强化成功几率额外+10%,,108,
5312,欢乐元宵,,,,
5313,完美避实击虚技能箱,,,10,
5314,完美威势重压技能箱,,,10,
5315,[碳纤版]涂装可选箱,使用后可选择获得[碳纤版]涂装*1,,,
5316,军团科技指南,,,,
5317,虎啸春临碎片,,,,
5318,虎啸春临装扮,使用后可立即获得虎啸春临专属建筑装扮，重复获得时会自动转化为强化图纸x50。,,,
5319,飞艇幸运自选箱,,,,
5320,飞艇福运自选箱,,,,
5321,飞艇鸿运自选箱,,,,
5322,飞艇先进随机箱,使用后随机获得紫色品质的飞艇稀有零件,,,
5323,战略物资,,,,
5324,普通核心,可用于升级基础战略特殊技能等级,,,
5325,高级核心,,,,
5326,战略随机箱,,,,
5327,内存条*1,,,,
5328,惊喜礼盒碎片,可用于兑换惊喜礼盒专属装扮，兑换后多出的碎片可使用转换为强化图纸x1。,,,
5329,惊喜礼盒装扮,,,,
5330,表情-谁叫我,,,,
5331,表情-面条泪,使用后可获得表情-面条泪*1，重复使用时会自动转化为金币×100。>,,,
5332,表情-水晶,,,,
5333,派对之星头像框,使用后可获得专属头像框，完成派对之星活动可获得，重复使用时会自动转化为金币x100。,,,
5334,惊喜福袋,,,,
5335,99A涂装[雨林版]碎片,可用于兑换99A涂装[雨林版]，兑换后多出的碎片可使用转换为涂装图纸x1。,,,
5336,巨象涂装[雨林版]碎片,,,,
5337,阿玛塔涂装[雨林版]碎片,,,,
5338,红箭10涂装[雨林版]碎片,,,,
5339,灵感石,可用于涂装技术提升,,,
5340,普通天赋,可用于涂装技术提升，概率提升3%,,,
5341,精良天赋,,,,
5342,稀有天赋,可用于涂装技术提升，概率提升9%,,,
5343,能量塔碎片,,,,
5344,能量塔装扮,,,,
5345,泳池派对头像,,,,
5346,真伤能量盾,,,,
5347,1、2号位先进配件可选箱,使用后可选择获得先进品质的陶瓷装甲，炮口制退器或者发射制退器1个,,,
5348,星火燎原头像框,,,,
5349,历程铭牌,,,,
5350,功成名就头像,使用后可获得功成名就头像*1，重复使用时会自动转化为金币×100。,,,
5351,声名赫赫头像框,使用后可获得声名赫赫头像框*1,,,
5352,平生功绩气泡,,,,
5353,功勋卓著称号,,,,
5354,势力卡抵用券,,,,
5355,涂装卡抵用券,,,,
5356,研发卡（高级）抵用券,,,,
5357,表情-月饼,,,,
5358,名满天下碎片,,,,
5359,丰功伟绩碎片,,,,
5360,表情-出发,,,,
5361,花园城市碎片,,,,
5362,海市蜃楼碎片,,,,
5363,金戈铁马头像,使用后可获得金戈铁马头像*1，重复使用时会自动转化为金币×100。,,,
5364,金戈铁马头像框,,,,
5365,金戈铁马称号,,,,
5400,传记印章,,,,
5417,战场喷漆,用于战场装扮等级提升,,,
5418,战场-凛冬已至,,,,
5419,巾帼须眉头像,,,,
5420,世界争霸积分,使用后可获得1点世界争霸积分,,,
5421,九周年头像,,,,
5422,九周年头像框,,,,
5423,球场硬汉头像,使用后可获得球场硬汉头像*1，重复使用时会自动转化为金币×100。,,,
5424,球场硬汉头像框,,,,
5425,球场硬汉称号,,,,
5426,战场-九周年庆典,使用后可立即获得战场-九周年庆典,,,
5427,商业帝国碎片,,,,
5428,擎天战盔碎片,可用于兑换擎天战盔专属装扮，兑换后多出的碎片可使用转换为强化图纸x1。,,,
5429,绿荫球场碎片,,,,
5430,球场盛典碎片,,,,
5431,周年自选宝箱,,,,
5432,进球币,,,,
5433,冠军币,,,,
5434,战功勋章,,,,
5435,战场-圣诞惊喜,使用后可立即获得战场-圣诞惊喜,,,
5436,兔年迎福头像,使用后可获得免年迎福头像*1，重复使用时会自动转化为金币×100。,,,
5437,兔年迎福头像框,,,,
5438,机械战兔碎片,,,,
5439,战场-福兔迎春,,,,
5440,花嫁殿堂碎片,可用于兑换花嫁殿堂专属装扮，兑换后多出的碎片可使用转换为强化图纸x1。,,,
5441,花嫁殿堂装扮,,,,
5442,坦克传记蓝色自选箱,,,,
5443,坦克传记紫色自选箱,,,,
5444,坦克传记橙色自选箱,,,,
5445,领袖传记蓝色自选箱,使用之后可选择获得一个蓝色领袖传记,,,
5446,领袖传记紫色自选箱,使用之后可选择获得一个紫色领袖传记,,,
5447,领袖传记橙色自选箱,使用之后可选择获得一个橙色领袖传记,,,
5448,制空传记蓝色自选箱,,,,
5449,制空传记紫色自选箱,,,,
5450,制空传记橙色自选箱,使用之后可选择获得一个橙色制空传记,,,
5451,未来传记蓝色自选箱,,,,
5452,未来传记紫色自选箱,,,,
5453,未来传记橙色自选箱,,,,
5454,彩蛋奇迹碎片,,,,
5455,坦克研发中心精品随机箱,使用后随机获得1种坦克研发所需材料,,,
5456,童心未泯碎片,可用于兑换童心未泯专属装扮，兑换后多出的碎片可使用转换为强化图纸x1。,,,
5457,童心未泯装扮,使用后可立即获得童心未泯专属建筑装扮，重复获得时会自动转化为强化图纸x50。,,,
5458,1分钟军装制作技术加速,,,,
5459,10分钟军装制作技术加速,,,,
5460,30分钟军装制作技术加速,,,,
5461,2小时军装制作技术加速,,,,
5462,8小时军装制作技术加速,可用于减少军装制作技术中研究节点时8小时剩余时间,,,
5463,24小时军装制作技术加速,,,,
5464,48小时军装制作技术加速,,,,
5465,常胜长官,使用后可立即获得形象-常胜长官,,,
5466,巾帼玫瑰,使用后可立即获得形象-巾帼玫瑰,,,
5467,原野斗士,使用后可立即获得形象-原野斗士,,,
5468,烈日狂花,,,,
5469,星际晶塔装扮,使用后可立即获得星际晶塔专属建筑装扮，重复获得时会自动转化为强化图纸x50。,,,
5470,星舰中枢装扮,使用后可立即获得星舰中枢专属建筑装扮，重复获得时会自动转化为强化图纸x50。,,,
5471,普通翻倍卡,,,,
5472,超级翻倍卡,,,,
5473,蓝色组件碎片箱,,,,
5474,紫色组件碎片箱,,,,
5475,营救行动-坦克头像,,,,
5476,营救行动-歼击车头像,,,,
5477,营救行动-自行火炮头像,,,,
5478,营救行动-火箭车头像,使用后可获得营救行动-火箭车头像*1，重复使用时会自动转化为金币×100。,,,
5479,普通货币,,,,
5480,高级货币,,,,
5481,科技芯片,军徽科技升级时所需消耗的必须道具,,,
5482,粒子对撞机,,,,
5483,混合能源,军徽科技升级时所需消耗的必须道具,,,
5484,技能重置道具,,,,
5485,2024年锦鲤卡,用于2024年鱼跃龙门活动中，投送使用。,,,
5486,十周年头像,,,,
5487,十周年头像框,使用后可获得十周年头像框*1，重复使用时会自动转化为金币×100。,,,
5488,机械圣诞树装扮,,,,
5489,机械圣诞树碎片,,,,
5490,节日礼包,,,,
5491,蓝色星环,,,,
5492,金色星环,,,,
5493,音乐热浪,,,,
5494,旋转圣诞树,使用后获得旋转圣诞树基地围墙,,,
5495,圣诞恋歌,,,,
5496,橙色军装随机箱,,,,
5497,科研魅影,,,,
5498,紫色军装随机箱,,,,
5499,巨龙守卫,,,,
5500,巨龙守卫碎片,,,,
5501,2024新年礼盒,使用后可随机获得礼盒中的一种奖励。,,,
5502,普通龙年礼包,使用后可随机获得礼包中的一种奖励。,,,
5503,高级龙年礼包,使用后可随机获得礼包中的一种奖励。,,,
5504,巨龙头像,,,,
5505,巨龙头像框,,,,
5506,真爱花语,,,,
5507,非特战橙色军装自选箱,,,,
5508,特战橙色军装自选箱,使用后可选择获取一件橙色特战军装,,,
5509,蓝色组件可选箱,,,,
5510,紫色组件可选箱,,,,
5511,橙色组件可选箱,,,,
5512,红色组件可选箱,,,,
5513,奇迹之树,,,,
5514,奇迹之树碎片,,,,
5515,金质龙币,使用后可获得1个金质龙币,,,
5516,银质龙币,使用后可获得1个银质龙币,,,
5517,春游野餐盒,,,,
5518,春游头像,,,,
5519,翠绿头像框,,,,
5520,女神花瓣基地围墙,使用后可获得女神花瓣基地围墙,,,
5521,公羊坦克[春季版]碎片,,,,
5522,半人马座歼击车[春季版]碎片,,,,
5523,帕拉丁火炮[春季版]碎片,,,,
5524,蛇鲨火箭车[春季版]碎片,,,,
5525,2024清明礼包,,,,
5526,兔子城堡,,,,
5527,兔子城堡皮肤碎片,,,,
5528,普通清明礼盒,,,,
5529,高级清明礼盒,可随机获得礼盒中的一种奖励,,,
5530,孩童牧牛头像,,,,
5531,青团头像框,,,,
5532,核弹军徽碎片,,,,
5533,铁卫军徽碎片,,,,
5534,鹰眼军徽碎片,,,,
5535,破军军徽碎片,,,,
5536,坚壁军徽碎片,,,,
5537,幽灵军徽碎片,★★★★可用于合成幽灵军徽，20个碎片可合成完整军徽,,,
5538,急速军徽碎片,★★★★可用于合成急速军徽，20个碎片可合成完整军徽,,,
5539,银星改造军徽碎片,,,,
5540,银星科研军徽碎片,,,,
5541,银星生产军徽碎片,★★★★可用于合成银星生产军徽，20个碎片可合成完整军徽,,,
5542,银星工程军徽碎片,★★★★可用于合成银星工程军徽，20个碎片可合成完整军徽,,,
5543,银星仓储军徽碎片,,,,
5544,灼烧军徽碎片,,,100,
5545,sample_prop_name_5545,,,,
5546,神戟军徽碎片,,,1000,
5547,壁垒军徽碎片,,,100,
5548,猎鹰军徽碎片,★★★★★可用于合成猎鹰军徽，20个碎片可合成完整军徽,,,
5549,战狼军徽碎片,,,100,
5550,陷阵军徽碎片,,,1000,
5551,sample_prop_name_5551,,,,
5552,sample_prop_name_5552,,,,
5553,sample_prop_name_5553,,,,
5554,饕餮军徽碎片,,,,
5555,金星改造军徽碎片,★★★★★可用于合成金星改造军徽，20个碎片可合成完整军徽,,,
5556,sample_prop_name_5556,,,,
5557,金星生产军徽碎片,,,,
5558,sample_prop_name_5558,,,,
5559,金星工程军徽碎片,贵★★★★可用于合成金星工程军徽，20个碎片可合成完整军徽,,,
5560,sample_prop_name_5560,,,,
5561,sample_prop_name_5561,,,,
5562,sample_prop_name_5562,,,,
5563,sample_prop_name_5563,,,,
5564,装扮可选箱I,,,,
5565,副官召集令,,,,
5566,小丑戏法,使用后可立即获得形象-小丑戏法,,,
5567,商业帝国建筑,使用后可立即获得商业帝国专属建筑装扮，重复获得时会自动转化为强化图纸x50。>,,,
5568,sample_prop_name_5568,,,,
5569,sample_prop_name_5569,,,,
5570,sample_prop_name_5570,,,,
5571,军徽科技随机箱,,,,
5572,熔岩工厂装扮,,,,
5573,熔岩工厂碎片,,,,
5574,2024劳动金币,使用后可获得1个2024劳动金币,,,
5575,2024劳动银币,使用后可获得1个2024劳动银币,,,
5576,劳动节礼包,,89,,
5577,劳动扳手头像,,,,
5578,五一劳动头像框,,,,
5579,节日烟火围墙永久版,,,,
5580,称号-竞猜之王,,,,
5581,称号-绿荫勇士,,,,
5582,闪耀球星基地皮肤永久版,,,,
5583,闪耀球星兑换券,,,,
5584,绿荫足球头像,使用后获得绿荫足球头像,,,
5585,足球狂欢头像框,使用后获得足球狂欢头像框,,,
5586,足球狂欢银币,,,,
5587,足球狂欢金币,,,,
5588,神秘档案,,,,
5589,黑天鹅,,,,
5590,好运之神称号,使用之后可以获得好运之神称号，重复使用时会自动转化为金币×100。,,,
5591,英勇指挥刀,【加里森】【娜塔莉亚】的专属武器精工道具！,,,
5592,边锋佩剑,,,,
5593,威令权杖,【埃里克】【凯特琳】的专属武器精工道具！,,,
5594,游园金币,可以在商店中兑换道具,,,
5595,游园银币,,,,
5596,游园礼包,,,,
5597,童趣游乐场,,,,
5598,儿童乐园皮肤碎片,可用于兑换儿童乐园专属装扮，兑换后多出的碎片可使用转换为强化图纸x1。,,,
5599,游园会头像,,,,
5600,电玩头像框,使用后获得电玩头像框,,,
5601,99A涂装[夏日版]碎片,,,,
5602,小飞象涂装[夏日版]碎片,,,,
5603,巨象涂装[夏日版]碎片,,,,
5604,红箭10涂装[夏日版]碎片,,,,
5605,讲义奖章自选箱,使用后可选择获取一个讲义或者奖章,,,
5606,初级能源晶核包,,,,
5607,中级能源晶核包,,,,
5608,高级能源晶核包,,,,
5609,威望级能源晶核包,使用后可获得1个紫色能源晶核,,,
5610,战塔强化包,,,,
5611,能源晶核原料包,,,,
5612,战塔强化指定包,,,,
5613,能源晶核原料指定包,,,,
5614,72小时能源晶核加速,使用后可获得生产能源晶核72h加速道具*,,,
5615,橙色坦克反击秘籍,,,,
5616,橙色分布提升1型秘籍,,,,
5617,橙色分布提升2型秘籍,,,,
5618,橙色分布提升3型秘籍,,,,
5619,橙色歼击车威力秘籍,,,,
5620,橙色火箭车劣势反杀秘籍,,,,
5621,橙色火炮目标打击秘籍,,,,
5622,橙色护盾补籍,使用可以解锁橙色能源晶核护盾的制作功能,,,
5623,紫色分布提升1型秘籍,使用可以解锁紫色能源晶核分布提升1型的制作功能,,,
5624,紫色分布提升2型秘籍,,,,
5625,紫色分布提升3型秘籍,,,,
5626,紫色歼击车威力秘籍,使用可以解锁紫色能源晶核歼击车威力的制作功能,,,
5627,紫色火箭车劣势反杀秘籍,使用可以解锁紫色能源晶核火箭车劣势反杀的制作功能,,,
5628,紫色火炮目标打击秘籍,,,,
5629,紫色坦克反击秘籍,使用可以解锁紫色能源晶核坦克反击的制作功能,,,
5630,贝壳金币,,,,
5631,贝壳银币,,,,
5632,2024夏日礼包,,,,
5633,沙雕城堡,,,,
5634,沙雕城堡皮肤碎片,,,,
5635,夏日头像,,,,
5636,夏日头像框,,,,
5637,夺宝礼盒,,,,
5638,绿色能源晶核箱,打开后随机获得初级或中级能源晶核*1,,,
5639,蓝色能源晶核箱,打开后随机获得中级或高级能源晶核*1,,,
5640,紫色能源晶核箱,打开后随机获得高级或威望级能源晶核*1,,,
5641,能源晶核随机箱,,,,
5643,橙色能源晶核随机箱,,,,
5644,橙色能源晶核可选箱,使用后选择获得一种橙色能源晶核,,,
5645,紫色伤害递增能源晶核,使用后获得一个紫色伤害递增能源晶核,,,
5646,紫色护盾能源晶核,,,,
5647,橙色分布提升能源晶核,,,,
5648,橙色先手威力能源晶核,使用后获得一个橙色先手威力能源晶核,,,
5649,橙色满编威力能源晶核,,,,
5650,橙色坦克反击能源晶核,,,,
5651,橙色分布提升1型,,,,
5652,橙色分布提升2型,使用可以获得一个分布提升橙色能源晶核,,,
5653,橙色分布提升3型,使用可以获得一个分布提升橙色能源晶核,,,
5654,橙色歼击车威力,,,,
5655,橙色火箭车劣势反杀,使用可以获得一个火箭车劣势反杀橙色能源晶核,,,
5656,橙色火炮目标打击,使用可以获得一个火炮目标打击橙色能源晶核,,,
5657,橙色护盾,使用可以获得一个护盾橙色能源晶核,,,
5658,紫色分布提升1型,,,,
5659,紫色分布提升2型,,,,
5660,紫色分布提升3型,,,,
5661,紫色歼击车威力,使用可以获得一个歼击车威力紫色能源晶核,,,
5662,紫色火箭车劣势反杀,使用可以获得一个火箭车劣势反杀紫色能源晶核,,,
5663,紫色火炮目标打击,使用可以获得一个火炮目标打击紫色能源晶核>,,,
5664,紫色坦克反伤,,,,
5665,能源晶核合成器原料指定包,,,,
5666,战塔科技材料随机箱,打开可随机获得一种战塔科技升级材料。,,,
5667,战塔科技材料可选箱,打开可选择获得一种战塔科技晶体,,,
5668,特级将领副官包,使用之后可以随机获得一个橙色副官,,,
5669,特级将领副官可选包,使用之后可选择获得一个橙色副官,,,
5670,金玫瑰,用于甜蜜七夕节活动组，甜蜜商店兑换奖励,,,
5671,银玫瑰,用于甜蜜七夕节活动组，甜蜜商店兑换奖励,,,
5672,甜蜜礼包,,,,
5673,甜蜜音律,使用后可立即获得甜蜜音律建筑装扮，重复获得时会自动转化为强化图纸x50。,,,
5674,甜蜜音律皮肤碎片,,,,
5675,七夕头像,使用后获得七夕头像,,,
5676,甜蜜头像框,,,,
5677,爱意环绕,用后获得爱意环绕基地围墙,,,
5678,sample_prop_name_5678,,,,
5679,sample_prop_name_5679,,,,
5680,sample_prop_name_5680,,,,
5681,军装箱钥匙,,,,
5682,橙色武器军装随机箱,打开后可以随机获取橙色武器一件,,,
5683,橙色军帽军装随机箱,,,,
5684,橙色作战服军装随机箱,,,,
5685,橙色战斗靴军装随机箱,,,,
5686,橙色配饰军装随机箱,打开后可以随机获取橙色配饰一件,,,
5687,橙色匕首军装随机箱,,,,
5688,橙色手枪军装随机箱,打开后可以随机获取橙色手枪一件,,,
5689,橙色武器军装可选箱,,,,
5690,橙色军帽军装可选箱,,,,
5691,橙色作战服军装可选箱,,,,
5692,橙色战斗靴军装可选箱,打开后可以指定获取橙色战斗靴一件,,,
5693,橙色配饰军装可选箱,,,,
5694,橙色匕首军装可选箱,,,,
5695,橙色手枪军装可选箱,,,,
5696,仿生星光-永久,使用后获得仿生星光基地围墙,,,
5697,仿生纳米,使用后获得仿生纳米*1，用于军装系统仿生聚能升级提供经验。,111,,
5698,虎III式[秋季版]碎片,,,,
5699,脉冲坦克[秋季版]碎片,,,,
5700,熔岩自行火炮[秋季版]碎片,,,,
5701,寒霜火箭车[秋季版]碎片,,,,
5702,月饼制造厂,,,,
5703,月饼制造厂皮肤碎片,可用于兑换月饼制造厂专属装扮，兑换后多出的碎片可使用转换为强化图纸x1。,,,
5704,追月头像,,,,
5705,追月头像框,,,,
5706,追月礼盒,,,,
5707,番茄培育所,使用后可立即获得番茄培育所建筑装扮，重复获得时会自动转化为强化图纸x50。,,,
5708,番茄培育所皮肤碎片,可用于兑换番茄培育所专属装扮，兑换后多出的碎片可使用转换为强化图纸x1。,,,
5709,2024番茄节头像,,,,
5710,2024番茄节头像框,,,,
5711,1型随机传奇碎片箱,,,1000,
5712,2型随机传奇碎片箱,,,1000,
5713,3型随机传奇碎片箱,,,1000,
5714,4型随机传奇碎片箱,,,1000,
5715,1型可选传奇碎片箱,打开后可以选择获取任意1、2号位的传奇配件碎片,,,
5716,2型可选传奇碎片箱,,,,
5717,3型可选传奇碎片箱,打开后可以选择获取任意5、6号位的传奇配件碎片,,,
5718,4型可选传奇碎片箱,,,,
5719,1型随机传奇碎末箱,,,,
5720,2型随机传奇碎末箱,每30个可立即合成2型随机传奇碎片箱,,,
5721,3型随机传奇碎末箱,,,,
5722,4型随机传奇碎末箱,,,,
5723,1型可选传奇碎末箱,每30个可立即合成1型可选传奇碎片箱,,,
5724,2型可选传奇碎末箱,每30个可立即合成2型可选传奇碎片箱,,,
5725,3型可选传奇碎末箱,每30个可立即合成3型可选传奇碎片箱,,,
5726,4型可选传奇碎末箱,每30个可立即合成4型可选传奇碎片箱,,,
5727,1号位随机传奇碎片箱,,,,
5728,1号位可选传奇碎片箱,打开后可以选择获取任意1号位的传奇配件碎片,,,
5729,1号位随机传奇碎末箱,,,,
5730,1号位可选传奇碎末箱,每30个可立即合成1号位可选传奇碎片箱,,,
5731,2号位随机传奇碎片箱,,,,
5732,2号位可选传奇碎片箱,,,,
5733,2号位随机传奇碎末箱,,,,
5734,2号位可选传奇碎末箱,,,,
5735,3号位随机传奇碎片箱,,,,
5736,3号位可选传奇碎片箱,,,,
5737,3号位随机传奇碎末箱,每30个可立即合成3号位随机传奇碎片箱,,,
5738,3号位可选传奇碎末箱,每30个可立即合成3号位可选传奇碎片箱,,,
5739,4号位随机传奇碎片箱,打开后可以随机获取4号位的传奇配件碎片,,,
5740,4号位可选传奇碎片箱,,,,
5741,4号位随机传奇碎末箱,,,,
5742,4号位可选传奇碎末箱,,,,
5743,5号位随机传奇碎片箱,,,,
5744,5号位可选传奇碎片箱,打开后可以选择获取任意5号位的传奇配件碎片,,,
5745,5号位随机传奇碎末箱,每30个可立即合成5号位随机传奇碎片箱,,,
5746,5号位可选传奇碎末箱,,,,
5747,6号位随机传奇碎片箱,,,,
5748,6号位可选传奇碎片箱,,,,
5749,6号位随机传奇碎末箱,,,,
5750,6号位可选传奇碎末箱,每30个可立即合成6号位可选传奇碎片箱,,,
5751,7号位随机传奇碎片箱,,,,
5752,7号位可选传奇碎片箱,,,,
5753,7号位随机传奇碎末箱,,,,
5754,7号位可选传奇碎末箱,每30个可立即合成7号位可选传奇碎片箱,,,
5755,8号位随机传奇碎片箱,,,,
5756,8号位可选传奇碎片箱,打开后可以选择获取任意8号位的传奇配件碎片,,,
5757,8号位随机传奇碎末箱,,,,
5758,8号位可选传奇碎末箱,每30个可立即合成8号位可选传奇碎片箱,,,
5759,碧海女武神,,,,
5760,彩色配件图纸,,,,
5761,普通晶蓝部件随机箱,,,,
5762,简易晶蓝部件随机箱,,,,
5763,精良晶蓝部件随机箱,使用后，随机获得一件精良品质的晶蓝部件,,,
5764,稀有晶蓝部件随机箱,,,,
5765,史诗晶蓝坦克部件随机箱,,,,
5766,史诗晶蓝歼击车部件随机箱,使用后，随机获得一件史诗品质，对应歼击车的晶蓝部件,,,
5767,史诗晶蓝火炮部件随机箱,,,,
5768,史诗晶蓝火箭车部件随机箱,使用后，随机获得一件史诗品质，对应火箭车的晶蓝部件,,,
5769,传奇晶蓝坦克部件随机箱,,,,
5770,传奇晶蓝歼击车部件随机箱,使用后，随机获得一件传奇品质，对应歼击车的晶蓝部件,,,
5771,传奇晶蓝火炮部件随机箱,,,,
5772,传奇晶蓝火箭车部件随机箱,使用后，随机获得一件传奇品质，对应火箭车的晶蓝部件,,,
5773,普通蜂黄部件随机箱,,,,
5774,简易蜂黄部件随机箱,,,,
5775,精良蜂黄部件随机箱,,,,
5776,稀有蜂黄部件随机箱,使用后，随机获得一件稀有品质的蜂黄部件,,,
5777,史诗蜂黄坦克部件随机箱,使用后，随机获得一件史诗品质，对应坦克的蜂黄部件,,,
5778,史诗蜂黄歼击车部件随机箱,使用后，随机获得一件史诗品质，对应歼击车的蜂黄部件,,,
5779,史诗蜂黄火炮部件随机箱,,,,
5780,史诗蜂黄火箭车部件随机箱,,,,
5781,传奇蜂黄坦克部件随机箱,,,,
5782,传奇蜂黄歼击车部件随机箱,使用后，随机获得一件传奇品质，对应歼击车的蜂黄部件,,,
5783,传奇蜂黄火炮部件随机箱,,,,
5784,传奇蜂黄火箭车部件随机箱,,,,
5785,普通翠绿部件随机箱,,,,
5786,简易翠绿部件随机箱,,,,
5787,精良翠绿部件随机箱,,,,
5788,稀有翠绿部件随机箱,,,,
5789,史诗翠绿坦克部件随机箱,,,,
5790,史诗翠绿歼击车部件随机箱,使用后，随机获得一件史诗品质，对应歼击车的翠绿部件,,,
5791,史诗翠绿火炮部件随机箱,使用后，随机获得一件史诗品质，对应火炮的翠绿部件,,,
5792,史诗翠绿火箭车部件随机箱,,,,
5793,传奇翠绿坦克部件随机箱,,,,
5794,传奇翠绿歼击车部件随机箱,使用后，随机获得一件传奇品质，对应歼击车的翠绿部件,,,
5795,传奇翠绿火炮部件随机箱,,,,
5796,传奇翠绿火箭车部件随机箱,,,,
5797,稀有炮口随机箱,,,,
5798,稀有炮管随机箱,,,,
5799,稀有舱盖随机箱,使用后，可随机获得一件稀有的舱盖,,,
5800,稀有装甲随机箱,使用后，可随机获得一件稀有的装甲,,,
5801,稀有轮子随机箱,,,,
5802,稀有弹药随机箱,使用后，可随机获得一件稀有的弹药,,,
5803,稀有照明随机箱,,,,
5804,稀有减震器随机箱,,,,
5805,稀有能动轮随机箱,使用后，可随机获得一件稀有的能动轮,,,
5806,稀有雷达随机箱,,,,
5807,稀有炮口指定箱,,,,
5808,稀有炮管指定箱,,,,
5809,稀有舱盖指定箱,使用后，可选择获得一件稀有的舱盖,,,
5810,稀有装甲指定箱,,,,
5811,稀有轮子指定箱,使用后，可选择获得一件稀有的轮子,,,
5812,稀有弹药指定箱,使用后，可选择获得一件稀有的弹药,,,
5813,稀有照明指定箱,,,,
5814,稀有减震器指定箱,,,,
5815,稀有能动轮指定箱,使用后，可选择获得一件稀有的能动轮,,,
5816,稀有雷达指定箱,使用后，可选择获得一件稀有的雷达,,,
5817,史诗炮口碎片随机箱,,,,
5818,史诗炮管碎片随机箱,,,,
5819,史诗舱盖碎片随机箱,使用后，可随机获得一个史诗的舱盖的碎片,,,
5820,史诗装甲碎片随机箱,使用后，可随机获得一个史诗的装甲的碎片,,,
5821,史诗轮子碎片随机箱,,,,
5822,史诗弹药碎片随机箱,使用后，可随机获得一个史诗的弹药的碎片,,,
5823,史诗照明碎片随机箱,,,,
5824,史诗减震器碎片随机箱,,,,
5825,史诗能动轮碎片随机箱,使用后，可随机获得一个史诗的能动轮的碎片,,,
5826,史诗雷达碎片随机箱,,,,
5827,史诗炮口碎片指定箱,使用后，可选择获得一个史诗的炮口的碎片,,,
5828,史诗炮管碎片指定箱,,,,
5829,史诗舱盖碎片指定箱,,,,
5830,史诗装甲碎片指定箱,,,,
5831,史诗轮子碎片指定箱,使用后，可选择获得一个史诗的轮子的碎片,,,
5832,史诗弹药碎片指定箱,,,,
5833,史诗照明碎片指定箱,,,,
5834,史诗减震器碎片指定箱,,,,
5835,史诗能动轮碎片指定箱,,,,
5836,史诗雷达碎片指定箱,,,,
5837,传奇炮口碎片随机箱,使用后，可随机获得一个传奇的炮口的碎片,,,
5838,传奇炮管碎片随机箱,,,,
5839,传奇舱盖碎片随机箱,,,,
5840,传奇装甲碎片随机箱,,,,
5841,传奇轮子碎片随机箱,使用后，可随机获得一个传奇的轮子的碎片,,,
5842,传奇弹药碎片随机箱,,,,
5843,传奇照明碎片随机箱,使用后，可随机获得一个传奇的照明的碎片,,,
5844,传奇减震器碎片随机箱,,,,
5845,传奇能动轮碎片随机箱,,,,
5846,传奇雷达碎片随机箱,,,,
5847,传奇炮口碎片指定箱,使用后，可选择获得一个传奇的炮口的碎片,,,
5848,传奇炮管碎片指定箱,,,,
5849,传奇舱盖碎片指定箱,,,,
5850,传奇装甲碎片指定箱,,,,
5851,传奇轮子碎片指定箱,,,,
5852,传奇弹药碎片指定箱,使用后，可选择获得一个传奇的弹药的碎片,,,
5853,传奇照明碎片指定箱,,,,
5854,传奇减震器碎片指定箱,,,,
5855,传奇能动轮碎片指定箱,,,,
5856,传奇雷达碎片指定箱,,,,
5857,史诗炮口随机箱,,,,
5858,史诗炮管随机箱,,,,
5859,史诗舱盖随机箱,,,,
5860,史诗装甲随机箱,,,,
5861,史诗轮子随机箱,打开后，随机获取一个史诗轮子,,,
5862,史诗弹药随机箱,打开后，随机获取一个史诗弹药,,,
5863,史诗照明随机箱,,,,
5864,史诗减震器随机箱,,,,
5865,史诗能动轮随机箱,打开后，随机获取一个史诗能动轮,,,
5866,史诗雷达随机箱,,,,
5867,史诗炮口随机箱(碎片),,,,
5868,史诗炮管随机箱(碎片),,,,
5869,史诗舱盖随机箱(碎片),,,,
5870,史诗装甲随机箱(碎片),,,,
5871,史诗轮子随机箱(碎片),,,,
5872,史诗弹药随机箱(碎片),,,,
5873,史诗照明随机箱(碎片),,,,
5874,史诗减震器随机箱(碎片),,,,
5875,史诗能动轮随机箱(碎片),,,,
5876,史诗雷达随机箱(碎片),,,,
5877,传奇炮口随机箱,打开后，随机获取一个传奇炮口,,,
5878,传奇炮管随机箱,打开后，随机获取一个传奇炮管,,,
5879,传奇舱盖随机箱,打开后，随机获取一个传奇舱盖,,,
5880,传奇装甲随机箱,,,,
5881,传奇轮子随机箱,,,,
5882,传奇弹药随机箱,,,,
5883,传奇照明随机箱,,,,
5884,传奇减震器随机箱,,,,
5885,传奇能动轮随机箱,,,,
5886,传奇雷达随机箱,打开后，随机获取一个传奇雷达,,,
5887,传奇炮口随机箱(碎片),,,,
5888,传奇炮管随机箱(碎片),,,,
5889,传奇舱盖随机箱(碎片),,,,
5890,传奇装甲随机箱(碎片),,,,
5891,传奇轮子随机箱(碎片),,,,
5892,传奇弹药随机箱(碎片),,,,
5893,传奇照明随机箱(碎片),,,,
5894,传奇减震器随机箱(碎片),,,,
5895,传奇能动轮随机箱(碎片),,,,
5896,传奇雷达随机箱(碎片),,,,
5897,初级研究室绿色设计图随机箱,,,,
5898,初级研究室蓝色设计图随机箱,,,,
5899,初级研究室紫色设计图随机箱,,,,
5900,高级研究室绿色设计图随机箱,,,,
5901,高级研究室蓝色设计图随机箱,,,,
5902,高级研究室紫色设计图随机箱,,,,
5903,初级研究室绿色设计图可选箱,,,,
5904,初级研究室蓝色设计图可选箱,,,,
5905,初级研究室紫色设计图可选箱,,,,
5906,初级研究室橙色设计图可选箱,,,,
5907,初级研究室红色设计图可选箱,,,,
5908,高级研究室绿色设计图可选箱,,,,
5909,高级研究室蓝色设计图可选箱,,,,
5910,高级研究室紫色设计图可选箱,,,,
5911,高级研究室橙色设计图可选箱,,,,
5912,高级研究室红色设计图可选箱,,,,
5913,初级研究室橙色设计图随机箱,,,,
5914,初级研究室红色设计图随机箱,,,,
5915,高级研究室橙色设计图随机箱,,,,
5916,高级研究室红色设计图随机箱,,,,
5917,史诗部件碎片可选箱,,,,
5918,传奇部件碎片可选箱,使用后可选择获得任意1个传奇（红色）部件碎片,,,
5919,称号-利剑大将,使用后获得利剑大将称号,,,
5920,称号-利剑中将,使用后获得利剑中将称号,,,
5921,称号-利剑少将,使用后获得利剑少将称号,,,
5922,烟火城堡装扮,,,,
5923,烟火城堡碎片,,,,
5924,利剑头像,联合利剑活动获得,,,
5925,利剑头像框,,,,
5926,利剑礼包,打开可概率获得造船图纸、金锚、银锚,112,,
5927,尖叫小屋,使用后可立即获得尖叫小屋建筑装扮，重复获得时会自动转化为强化图纸x50。,,,
5928,尖叫小屋皮肤碎片,可用于兑换尖叫小屋专属装扮，兑换后多出的碎片可使用转换为强化图纸x1。,,,
5929,惊吓南瓜头像,,,,
5930,惊吓头像框,使用后获得惊吓头像框,,,
5931,闹鬼礼盒,打开可概率获得蝙蝠金币、蝙蝠银币、巧克力。,,,
5932,金币雨基地围墙永久版,使用后获得金币雨基地围墙,,,
5933,金锚,,,,
5934,银锚,,,,
5935,星光环绕基地围墙,使用后可获得星光环绕基地围墙,,,
5936,潮汐领航皮肤,使用后可获得潮汐领航专属装扮,,,
5937,潮汐领航碎片,,,,
5938,sample_prop_name_5938,,,,
5939,sample_prop_name_5939,,,,
5940,烟火盛典基地围墙,,,,
5941,11周年庆典头像,使用后可获得11周年庆典头像,,,
5942,11周年庆典头像框,,,,
5943,庆典礼包,,,,
5944,厂房资源随机箱,打开后，随机获得一种厂房所需资源,,,
5945,厂房资源可选箱,打开后，可选择获得一种厂房所需资源,,,
5946,温馨感恩所基地皮肤永久版,,,,
5947,温馨感恩所碎片,,,,
5948,感恩火鸡货运装扮,使用后，获得感恩火鸡货运装扮（陆地）,,,
5949,感恩火鸡货运装扮-7天,,,,
5950,感恩火鸡货运装扮-30天,,,,
5951,罗马巨帆货运装扮,使用后，获得罗马巨帆货运装扮（海洋）,,,
5952,罗马巨帆货运装扮-7天,,,,
5953,罗马巨帆货运装扮-30天,,,,
5954,军团货运票据,用于贸易货运玩法，发起军团货运所消耗道具，每日0点系统会赠送给军团。,,,
5955,军团货运杂货箱,未选为护送员的参与奖励，打开后，会随机获得一种奖励。,,,
5956,比蒙坦克[冬季版]碎片,,,,
5957,泰坦歼击车[冬季版]碎片,可用于兑换泰坦歼击车[冬季版]，兑换后多出的碎片可使用转换为涂装图纸x1。,,,
5958,蛮王火炮[冬季版]碎片,,,,
5959,红龙火箭车[冬季版]碎片,,,,
5960,金色圣诞铃,用于欢乐圣诞活动组中的商店兑换,,,
5961,红色圣诞球,,,,
5962,2024圣诞节礼包,开启后有概率获得圣诞袜、金色圣诞铃、红色圣诞球,,,
5963,圣诞飞车装扮,使用后可立即获得圣诞飞车专属建筑装扮，重复获得时会自动转化为强化图纸x50。,,,
5964,圣诞飞车碎片,,,,
5965,驯鹿旋舞基地围墙,,,,
5966,2024圣诞飞车头像,,,,
5967,2024冰雪世界头像框,,,,
5968,研究室绿色设计图可选箱,,,,
5969,圣诞女郎,,,,
5970,金蛇币,用于金蛇迎春活动组，金蛇商店兑换奖励,,,
5971,银蛇币,,,,
5972,金蛇礼盒,有概率获得金蛇币、银蛇币，破译标记,,,
5973,金蛇圣所,,,,
5974,金蛇圣所皮肤碎片,可用于兑换金蛇圣所专属装扮，兑换后多出的碎片可使用转换为强化图纸x1。,,,
5975,金蛇头像,,,,
5976,金蛇头像框,,,,
5977,资源卡（中级）抵用券,,,,
5978,战场-海岸烽火,,,,
5979,玫瑰花束,,,,
5980,一朵玫瑰,用于浪漫情人活动组，浪漫商店兑换奖励,,,
5981,情人礼盒,,,,
5982,浪漫庭院,,,,
5983,浪漫庭院碎片,,,,
5984,浪漫头像,使用后获得浪漫头像,,,
5985,浪漫头像框,使用后获得浪漫头像框,,,
5986,粉色辣妹,使用后解锁人物形象粉色辣妹，并解锁三个相关表情,,,
5987,新型将领魂魄可选箱Ⅰ,,,,
5988,新型将领魂魄可选箱Ⅱ,,,,
5989,绿叶金币,,,,
5990,绿叶银币,,,,
5991,踏青礼包,,,,
5992,甜品王国基地皮肤,,,,
5993,甜品王国基地皮肤碎片,,,,
5994,甜品头像,使用后获得甜品头像,,,
5995,踏青头像框,使用后获得踏青头像框,,,
5996,神圣之翼基地围墙,,,,
5997,碧海女神将,,,,
5998,利剑礼包,打开可概率获得造船图纸、金锚、银锚,112,,
5999,黄金船锚,用于活动商店中兑换物品,,,
6000,白银船锚,用于活动商店中兑换物品,,,
6001,雨燕金币,,,,
6002,雨燕银币,用于清明活动组，活动商店兑换奖励,,,
6003,露珠礼包,,,,
6004,彩蛋教堂基地皮肤永久版,,,,
6005,彩蛋教堂基地皮肤碎片,,,,
6006,雨燕头像,,,,
6007,游湖头像框,,,,
6008,间谍-柚梦通缉令,,113,,
6009,威赫权杖,【米勒】和【利柏特】的专属武器精工道具！,,,
6010,断绝之剑,,,,
6011,屠戮之刃,,,,
6012,崩坏之刃,,,,
6013,战场-沙漠风暴,使用后可立即获得战场-沙漠风暴,,,
6014,小丑狂飙货运装扮,,,,
6015,小丑狂飙货运装扮-7天,,,,
6016,小丑狂飙货运装扮-30天,,,,
6017,仿生纳米,使用后获得仿生纳米*1，用于军装系统仿生聚能升级提供经验。,111,,
6018,核能晶体,,,,
6019,2025劳动金币,,,,
6020,2025劳动银币,,,,
6021,劳动礼盒,有概率获得2025劳动金币、2025劳动银币，更有概率获得货车钥匙,,,
6022,罗马纷争基地皮肤,,,,
6023,罗马纷争碎片,使用后可立即获得罗马纷争专属建筑装扮，重复获得时会自动转化为强化图纸x50,,,
6024,2025劳动头像,,,,
6025,2025劳动头像框,使用后获得2025劳动头像框,,,
6026,仿生神经,,,,
6027,强化芯片箱,,,,
6028,结晶固定器,,,,
6029,结晶粘合器,,,,
6030,正义同盟基地围墙永久版,使用后获得正义同盟基地围墙,,,
6031,枪林弹雨-永久版,使用后获得枪林弹雨基地围墙,,,
6032,荣誉钞票,可在荣誉对决商店购买道具。,,,
6033,童梦金徽,,,,
6034,童梦银徽,,,,
6035,童梦礼包,,,,
6036,梦幻童堡,使用后获得梦幻童堡皮肤,,,
6037,梦幻童堡碎片,,,,
6038,童梦奇缘,,,,
6039,2025六一头像框,,,,
6040,端阳龙舟货运装扮,,,,
6041,端阳龙舟货运装扮-7天,,,,
6042,端阳龙舟货运装扮-30天,,,,
6043,皇家战舰货运装扮,,,,
6044,皇家战舰货运装扮-7天,使用后，获得皇家战舰货运装扮，持续7天,,,
6045,皇家战舰货运装扮-30天,,,,
6046,星澜翼舰货运装扮,,,,
6047,星澜翼舰货运装扮-7天,,,,
6048,星澜翼舰货运装扮-30天,使用后，获得星澜翼舰货运装扮，持续30天,,,
6049,汽水,,,,
6050,冰棒,在夏日指针活动中抽中普通奖励时获得，用于兑换活动商店的商品,,,
6051,2025夏日礼包,,,,
6052,煌金御空-永久版,,,,
6053,煌金碎片,,,,
6054,水晶爱意,使用后获得水晶爱意头像,,,
6055,浪漫玫瑰头像框,,,,
6056,Lv12可选结晶,使用后可选择获得任意种类的12级结晶1,,,
6057,炽能晶芒-3日版,,,,
6058,炽能晶芒-30日版,使用后，名片背景改变为炽能晶芒，持续30天,,,
6059,焰狱天启-3日版,使用后，名片背景改变为焰狱天启，持续3天,,,
6060,焰狱天启-30日版,,,,
6061,铁幕戍卫-3日版,,,,
6062,铁幕戍卫-30日版,,,,
6063,动态头像2-3日版,使用后，头像改变为动态头像2，持续3天,,,
6064,动态头像2-30日版,,,,
6065,炽能晶芒-永久版,,,,
6066,远航者飞艇装扮永久版,使用后获得远航者飞艇装扮,,,
6067,远航者飞艇装扮30日版,,,,
6068,远航者飞艇装扮7日版,使用后获得远航者飞艇装扮，持续7天,,,
6069,死神之镰飞艇装扮永久版,,,,
6070,死神之镰飞艇装扮30日版,,,,
6071,死神之镰飞艇装扮7日版,使用后获得死神之镰飞艇装扮，持续7天,,,
6072,所有形象包（测试用）,,,,
6073,金块,你这次的酬劳是全部的百分之一'，用于飞鹰计划商店中兑换精品货物,,,
6074,岩金,,,,
6075,飞鹰计划礼包,,,,
6076,狂沙翼虎,使用后获得狂沙翼虎基地皮肤,,,
6077,狂沙翼虎皮肤碎片,,,,
6078,天启坦克[闪电版]碎片,,,,
6079,猛虎歼击车[闪电版]碎片,,,,
6080,黑豹自行火炮[闪电版]碎片,,,,
6081,尖啸者火箭车[闪电版]碎片,,,,
6082,福利装扮兑换券,用于福利装扮活动兑换道具,,,
6083,完美红外干扰技能箱,战机技能箱，使用后获得1个橙色品质的红外干扰技能,,1,
6084,完美隐身涂装技能箱,战机技能箱，使用后获得1个橙色品质的隐身涂装技能,,1,
6085,完美连环射击技能箱,,,1,
6086,完美坦克-战痕技能箱,战机技能箱，使用后获得1个橙色品质的坦克-战痕技能,,1,
6087,完美歼击车-战痕技能箱,,,1,
6088,完美自行火炮-战痕技能箱,战机技能箱，使用后获得1个橙色品质的自行火炮-战痕技能,,1,
6089,完美火箭车-战痕技能箱,,,1,
6090,完美精锐部队技能箱,,,1,
6091,完美构筑工事技能箱,,,1,
6092,完美坦克-烟雾弹技能箱,战机技能箱，使用后获得1个橙色品质的坦克-烟雾弹技能,,1,
6093,完美歼击车-烟雾弹技能箱,,,1,
6094,完美自行火炮-烟雾弹技能箱,战机技能箱，使用后获得1个橙色品质的自行火炮-烟雾弹技能,,1,
6095,完美火箭车-烟雾弹技能箱,,,1,
6096,浪漫花束,,,,
6097,浪漫玫瑰,,,,
6098,2025七夕礼盒,,,,
6099,海洋研究所,使用后可立即获得海洋研究所专属建筑装扮，重复获得时会自动转化为强化图纸x50,,,
6100,海洋研究所碎片,可用于兑换海洋研究所专属装扮，兑换后多出的碎片可使用转换为强化图纸×1。,,,
6101,白氅少帅,,,,
6102,番茄祭舞基地围墙,,,,
6103,春季版涂装碎片可选箱,,,,
6104,夏日版涂装碎片可选箱,,,,
6105,秋季版涂装碎片可选箱,使用后可选择获得1个虎川式涂装[秋季版】碎片、脉冲坦克涂装[秋季版]碎片、熔岩自行火炮涂装[秋季版]碎片、寒霜火箭车涂装[秋季版]碎片,,,
6106,冬季版涂装碎片可选箱,,,,
6107,闪电版涂装碎片可选箱,,,,
6200,金枪鱼战车装扮永久版,使用后获得金枪鱼战车货运装扮。,,,
6201,金枪鱼战车装扮7日版,,,,
6202,金枪鱼战车装扮30日版,使用后获得金枪鱼战车货运装扮，持续30天。,,,
6203,战争火喉飞艇装扮永久版,,,,
6204,战争火喉飞艇装扮30日版,,,,
6205,战争火喉飞艇装扮7日版,使用后获得战争火喉飞艇装扮，持续7天,,,
6206,剑鱼号飞艇装扮永久版,使用后获得剑鱼号飞艇装扮,,,
6207,剑鱼号飞艇装扮30日版,,,,
6208,剑鱼号飞艇装扮7日版,,,,
6209,麦芽战舰基地皮肤,,,,
6210,麦芽战舰基地皮肤碎片,,,,
6211,2025啤酒节礼包,,,,
6212,啤酒马车装扮永久版,使用后获得啤酒马车货运装扮。,,,
6213,啤酒马车装扮7日版,使用后获得啤酒马车货运装扮，持续7天。,,,
6214,啤酒马车装扮30日版,,,,
6215,捕鲨船装扮永久版,,,,
6216,捕鲨船装扮7日版,,,,
6217,捕鲨船装扮30日版,使用后获得捕鲨船货运装扮，持续30天。,,,
6218,赤红晶核,斗轮机有概率产出稀有物品，可在十一商店中兑换道具,,,
6219,幽壤,,,,
6220,2025伐木活动礼包,有概率获得高级货币、普通货币和破影石,,,
6221,月隐灵鹿,,,,
6222,月隐灵鹿碎片,可用于兑换月隐灵鹿专属装扮，兑换后多出的碎片可使用转换为强化图纸x1。,,,
6223,苍蓝战姬,,,,
6224,火箭车反熵能源,,,,
6225,歼击车反熵能源,负熵系统中升级歼击车能源道具,,,
6226,火炮反熵能源,,,,
6227,坦克反熵能源,,,,
6228,反熵能源晶体,负熵系统中升级全体能源道具,,,
6229,迁徙之辉-永久版,,,,
6230,迁徙之辉-3日版,,,,
6231,迁徙之辉-30日版,使用后迁城特效将改变为迁徙之辉，持续30天,,,
6232,鎏金盛典-永久版,使用后迁城特效将改变为鎏金盛典,,,
6233,鎏金盛典-3日版,使用后迁城特效将改变为鎏金盛典，持续3天,,,
6234,鎏金盛典-30日版,,,,
6235,所有基地皮肤包,,,,
6236,所有围墙包,,,,
6237,所有贸易运送皮肤包,,,,
6238,加速装置,,,,
6239,2025糖果金币,可在活动商店中兑换高级商品,,,
6240,2025糖果银币,,,,
6241,2025南瓜礼包,,,,
6242,2025万圣节名片-3日版,,,,
6243,2025万圣节名片-30日版,,,,
6244,飞沙走石基地围墙,使用后可获得飞沙走石基地围墙。,,,
6245,公羊坦克[银河版]碎片,,,,
6246,半人马歼击车[银河版]碎片,,,,
6247,帕拉丁火炮[银河版]碎片,,,,
6248,蛇鲨火箭车[银河版]碎片,,,,
6249,冰封王座,,,,
6250,冰封王座碎片,可用于兑换冰封王座专属装扮，兑换后多出的碎片可使用转换为强化图纸×1。,,,
6251,名满天下基地皮肤,使用后可立即获得名满天下专属建筑装扮，重复获得时会自动转化为强化图纸x50。,,,
6252,丰功伟绩基地皮肤,,,,
6253,花园城市基地皮肤,,,,
6254,海市蜃楼基地皮肤,,,,
6255,绿荫球场基地皮肤,使用后可立即获得绿荫球场专属建筑装扮，重复获得时会自动转化为强化图纸x50。,,,
6256,球场盛典基地皮肤,,,,
6257,机械战兔基地皮肤,,,,
6258,彩蛋奇迹基地皮肤,,,,
6259,中势力铭牌,,,,
6260,美势力铭牌,使用之后可以获得美势力铭牌，重复使用时会自动转化为金币×100。,,,
6261,德势力铭牌,,,,
6262,俄势力铭牌,,,,
6263,稀有部件可选箱,使用后可选择获得任意1个稀有（紫色）部件,,,
6264,复活币,,,,
6265,2025年锦鲤卡,,,,
6266,远海通行券,,,,
6267,夜钓灯,,,,
6268,高级放线器,使用后可额外增加2次鱼钩保护次数,,,
6269,生物定位仪,使用后可在鱼钩回收时看到4、5星鱼类的位置和距离,,,
6270,金鳞天枢,,,,
6271,金鳞天枢碎片,可用于兑换金鳞天枢专属装扮，兑换后多出的碎片可使用转换为强化图纸×1。,,,
6272,海钓金币,,,,
6273,海钓银币,十二周年庆活动商店使用的货币，用于兑换奖励。,,,
6274,海钓礼盒,,,,
6275,十二周年庆头像,使用后获得十二周年庆头像。,,,
6276,十二周年庆头像框,,,,
6277,庆典铲车,,,,
6278,庆典铲车7日版,,,,
6279,庆典铲车30日版,,,,
6280,指挥部队矩阵精华,,,,
6281,抢修部队矩阵精华,,,,
6282,雷达部队矩阵精华,,,,
6283,通讯部队矩阵精华,通讯部队矩阵突破至红色所需的材料,,,
6284,补给部队矩阵精华,,,,
6285,保养部队矩阵精华,保养部队矩阵突破至红色所需的材料,,,
6286,1-3号传奇A型组件碎片箱,,,,
6287,4-6号传奇A型组件碎片箱,,,,
6288,1-3号传奇B型组件碎片箱,,,,
6289,4-6号传奇B型组件碎片箱,,,,
6290,1-3号传奇C型组件碎片箱,,,,
6291,4-6号传奇C型组件碎片箱,,,,
6292,1-3号传奇A型组件碎末箱,30个碎末可合成1个1-3号位传奇A型组件碎片箱。,,,
6293,4-6号传奇A型组件碎末箱,,,,
6294,1-3号传奇B型组件碎末箱,,,,
6295,4-6号传奇B型组件碎末箱,,,,
6296,1-3号传奇C型组件碎末箱,30个碎末可合成1个1-3号位传奇C型组件碎片箱。,,,
6297,4-6号传奇C型组件碎末箱,,,,
6298,海神圣殿,,,,
6299,海神圣殿碎片,,,,
6300,2025金铃铛,,,,
6301,2025红棉球,用于2025圣诞节活动中，节日商店中兑换奖励,,,
6302,2025圣诞节礼包,使用后有概率获得2025金铃铛、2025红棉球、圣诞袜,,,
6303,电闪雷鸣基地围墙,使用后可获得电闪雷鸣基地围墙。,,,
6304,蓝锚火薇,,,,
6305,2026元旦礼包,,,,
6306,冒险金币,用于在2026元旦活动中兑换高级奖励。,,,
6307,冒险银币,用于在2026元旦活动中兑换奖励。,,,
6308,流亡者之刃,【科瓦奇】的专属武器精工道具！,,,
6309,黑曜长剑,【阿德勒】的专属武器精工道具！,,,
6310,金色飞翼剑,【阿列克谢】的专属武器精工道具！,,,
6311,苍蓝骑士剑,,,,
6312,凛冬审判者,,,,
6313,帝国血色法典,【叶卡捷琳娜】的专属武器精工道具！,,,
6314,游骑兵手记,,,,
6315,守望者法典,【莉莉安】的专属武器精工道具！,,,
6316,翡翠节杖,,,,
6317,普罗米修斯权杖,,,,
6318,回声,使用后解锁间谍-回声的捕获任务,,,
6319,极光,使用后解锁间谍一极光的捕获任务,,,
6320,鼠王坦克[极地版]碎片,可用于兑换鼠王坦克[极地版]，此涂装仅在战斗中改变外观，兑换后多出的碎片可使用转换为涂装图纸×1。,,,
6321,脉冲坦克[极地版]碎片,可用于兑换脉冲坦克[极地版]，此涂装仅在战斗中改变外观，兑换后多出的碎片可使用转换为涂装图纸×1。,,,
6322,熔岩自行火炮[极地版]碎片,可用于兑换熔岩自行火炮[极地版]，此涂装仅在战斗中改变外观，兑换后多出的碎片可使用转换为涂装图纸×1。,,,
6323,寒霜火箭车[极地版]碎片,可用于兑换寒霜火箭车[极地版]，此涂装仅在战斗中改变外观，兑换后多出的碎片可使用转换为涂装图纸×1。,,,
6324,踏浪行宫,使用后可立即获得踏浪行宫专属建筑装扮，重复获得时会自动转化为强化图纸x50。,,,
6325,踏浪行宫碎片,,,,
6326,2026海钓金币,,,,
6327,2026海钓银币,,,,
6328,2026春节礼盒,,,,
6329,雪影踪迹货运装扮,,,,
6330,雪影踪迹货运装扮-7天,,,,
6331,雪影踪迹货运装扮-30天,使用后，获得雪影踪迹货运装扮，持续30天,,,
6332,海盗船货运装扮,,,,
6333,海盗船货运装扮-7天,,,,
6334,海盗船货运装扮-30天,使用后，获得海盗船货运装扮，持续30天,,,
6335,元宵城堡,,,,
6336,青竹灯,翠竹为骨，素绸为面，散发淡淡草木清香。,,,
6337,流云灯,,,,
6338,墨梅灯,精雕木架配红梅，烛影摇曳间尽显古韵。,,,
6339,凤华灯,,,,
6340,盛世华章基地围墙,,,,
6341,白色秘宝碎片随机箱,,,,
6342,白色秘宝碎片自选箱,,,,
6343,绿色秘宝碎片随机箱,打开随机获得绿色秘宝碎片*1,,,
6344,绿色秘宝碎片自选箱,,,,
6345,蓝色秘宝碎片随机箱,打开随机获得蓝色秘宝碎片*1,,,
6346,蓝色秘宝碎片自选箱,,,,
6347,紫色秘宝碎片随机箱,打开随机获得紫色秘宝碎片*1,,,
6348,紫色秘宝碎片自选箱,打开选择获得紫色秘宝碎片*1,,,
6349,橙色秘宝碎片随机箱,,,,
6350,橙色秘宝碎片自选箱,打开选择获得橙色秘宝碎片*1,,,
6351,红色秘宝碎片随机箱,,,,
6352,红色秘宝碎片自选箱,,,,
6353,2026雨燕金币,,,,
6354,2026雨燕银币,,,,
6355,2026清明节礼包,,,,
6356,清风迎春-3日版,使用后获得清风迎春名片，持续3天,,,
6357,清风迎春-30日版,使用后获得清风迎春名片，持续30天,,,
6358,花殿春庭,使用后可立即获得花殿春庭专属建筑装扮，重复获得时会自动转化为强化图纸x50。,,,
6359,花殿春庭碎片,,,,
6360,星云掠夺者飞艇装扮永久版,,,,
6361,星云掠夺者飞艇装扮30日版,使用后获得星云掠夺者飞艇装扮，持续30天,,,
6362,星云掠夺者飞艇装扮7日版,,,,
6367,传奇碟影飞艇装扮永久版,,,,
6368,传奇碟影飞艇装扮30日版,,,,
6369,传奇碟影飞艇装扮7日版,,,,
6370,秘藏币,,,,
6371,2026力量金币,用于在2026欢庆五一节日商店中兑换高级奖励。,,,
6372,2026力量银币,,,,
6373,2026五一礼包,,,,
6374,基建狂兔,使用后可获得基建狂兔专属建筑装扮，重复获得时会自动转化为强化图纸x50。,,,
6375,基建狂兔皮肤碎片,,,,
6376,蓝图总工,,,,
6377,2026劳动节头像框,,,,
6378,雪国先锋,,,,
6379,相位跃迁-永久版,,,,
6380,相位跃迁-3日版,使用后迁城特效可改变为相位跃迁，持续3天。,,,
6381,相位跃迁-30日版,使用后迁城特效可改变为相位跃迁，持续30天。>,,,
6382,装扮可选箱,,,,
6390,擎天战车货运装扮,,,,
6391,擎天战车货运装扮-7天,使用后，获得擎天战车货运装扮，持续7天,,,
6392,擎天战车货运装扮-30天,,,,
6393,积木金币,可用于2026儿童节活动中，活动集市兑换高级奖励,,,
6394,积木银币,,,,
6395,2026儿童节礼包,有概率获得积木金币、积木银币、柴油奖励,,,
6396,泡泡城堡基地皮肤,,,,
6397,泡泡城堡基地皮肤碎片,,,,
6398,糖芯小队,使用后可解锁人物糖芯小队,,,
6399,虎王坦克[恶魔版]碎片,可用于兑换虎王坦克[恶魔版]涂装，兑换后多出的碎片可使用转换为涂装图纸x1。,,,
6400,斗狼歼击车[恶魔版]碎片,可用于兑换斗狼歼击车[恶魔版]涂装，兑换后多出的碎片可使用转换为涂装图纸x1,,,
6401,猛犸自行火炮[恶魔版]碎片,,,,
6402,怒狮火箭车[恶魔版]碎片,可用于兑换怒狮火箭车[恶魔版】涂装，兑换后多出的碎片可使用转换为涂装图纸x1,,,
6403,2026足球银币,,,,
6404,2026足球金币,,,,
6405,百猜百中,,,,
6406,纵横赛场,使用后获得称号纵横赛场,,,
6407,重炮轰门基地围墙,,,,
6408,sample_prop_name_6408,,,,
6409,sample_prop_name_6409,,,,
6410,sample_prop_name_6410,,,,
6411,sample_prop_name_6411,,,,
6412,sample_prop_name_6412,,,,
6413,sample_prop_name_6413,,,,
6414,sample_prop_name_6414,,,,
6415,sample_prop_name_6415,,,,
6416,sample_prop_name_6416,,,,
6417,sample_prop_name_6417,,,,
6418,sample_prop_name_6418,,,,
6419,sample_prop_name_6419,,,,
6420,sample_prop_name_6420,,,,
6421,sample_prop_name_6421,,,,
6422,sample_prop_name_6422,,,,
6423,sample_prop_name_6423,,,,
6424,sample_prop_name_6424,,,,
6425,sample_prop_name_6425,,,,
6426,sample_prop_name_6426,,,,
6427,sample_prop_name_6427,,,,
6428,sample_prop_name_6428,,,,
6429,sample_prop_name_6429,,,,
6430,sample_prop_name_6430,,,,
6431,sample_prop_name_6431,,,,
6432,sample_prop_name_6432,,,,
6433,sample_prop_name_6433,,,,
6434,sample_prop_name_6434,,,,
6435,sample_prop_name_6435,,,,
6436,sample_prop_name_6436,,,,
6437,sample_prop_name_6437,,,,
6438,sample_prop_name_6438,,,,
6439,sample_prop_name_6439,,,,
6440,sample_prop_name_6440,,,,
6441,sample_prop_name_6441,,,,
6442,sample_prop_name_6442,,,,
6443,sample_prop_name_6443,,,,
6444,sample_prop_name_6444,,,,
6445,sample_prop_name_6445,,,,
6446,sample_prop_name_6446,,,,
6447,sample_prop_name_6447,,,,
6448,sample_prop_name_6448,,,,
6449,sample_prop_name_6449,,,,
6450,sample_prop_name_6450,,,,
6451,sample_prop_name_6451,,,,
6452,sample_prop_name_6452,,,,
6453,sample_prop_name_6453,,,,
6454,sample_prop_name_6454,,,,
6455,sample_prop_name_6455,,,,
6456,sample_prop_name_6456,,,,
6457,sample_prop_name_6457,,,,
6458,sample_prop_name_6458,,,,
6459,sample_prop_name_6459,,,,
6460,sample_prop_name_6460,,,,
6461,sample_prop_name_6461,,,,
6462,sample_prop_name_6462,,,,
6463,sample_prop_name_6463,,,,
6464,sample_prop_name_6464,,,,
6465,sample_prop_name_6465,,,,
6466,sample_prop_name_6466,,,,
6467,sample_prop_name_6467,,,,
6468,sample_prop_name_6468,,,,
6469,sample_prop_name_6469,,,,
6470,sample_prop_name_6470,,,,
6471,sample_prop_name_6471,,,,
6472,sample_prop_name_6472,,,,
6473,sample_prop_name_6473,,,,
6474,sample_prop_name_6474,,,,
6475,sample_prop_name_6475,,,,
6476,sample_prop_name_6476,,,,
6477,sample_prop_name_6477,,,,
6478,sample_prop_name_6478,,,,
6479,sample_prop_name_6479,,,,
6480,sample_prop_name_6480,,,,
6481,sample_prop_name_6481,,,,
6482,sample_prop_name_6482,,,,
6483,sample_prop_name_6483,,,,
6484,sample_prop_name_6484,,,,
6485,sample_prop_name_6485,,,,
6486,sample_prop_name_6486,,,,
6487,sample_prop_name_6487,,,,
6488,sample_prop_name_6488,,,,
6489,sample_prop_name_6489,,,,
6490,sample_prop_name_6490,,,,
6491,sample_prop_name_6491,,,,
6492,sample_prop_name_6492,,,,
6493,sample_prop_name_6493,,,,
6494,sample_prop_name_6494,,,,
6495,sample_prop_name_6495,,,,
6496,sample_prop_name_6496,,,,
6497,sample_prop_name_6497,,,,
6498,sample_prop_name_6498,,,,
6499,sample_prop_name_6499,,,,
6500,sample_prop_name_6500,,,,
6501,sample_prop_name_6501,,,,
6502,sample_prop_name_6502,,,,
6503,sample_prop_name_6503,,,,
6504,sample_prop_name_6504,,,,
6505,sample_prop_name_6505,,,,
6506,sample_prop_name_6506,,,,
6507,sample_prop_name_6507,,,,
6508,sample_prop_name_6508,,,,
6509,sample_prop_name_6509,,,,
6510,sample_prop_name_6510,,,,
6511,sample_prop_name_6511,,,,
6512,sample_prop_name_6512,,,,
6513,sample_prop_name_6513,,,,
6514,sample_prop_name_6514,,,,
6515,sample_prop_name_6515,,,,
6516,sample_prop_name_6516,,,,
6517,sample_prop_name_6517,,,,
6518,sample_prop_name_6518,,,,
6519,sample_prop_name_6519,,,,
6520,sample_prop_name_6520,,,,
6521,sample_prop_name_6521,,,,
6522,sample_prop_name_6522,,,,
6523,sample_prop_name_6523,,,,
6524,sample_prop_name_6524,,,,
6525,sample_prop_name_6525,,,,
6526,sample_prop_name_6526,,,,
6527,sample_prop_name_6527,,,,
6528,sample_prop_name_6528,,,,
6529,sample_prop_name_6529,,,,
6530,sample_prop_name_6530,,,,
6531,sample_prop_name_6531,,,,
6532,sample_prop_name_6532,,,,
6533,sample_prop_name_6533,,,,
6534,sample_prop_name_6534,,,,
6535,sample_prop_name_6535,,,,
6536,sample_prop_name_6536,,,,
6537,sample_prop_name_6537,,,,
6538,sample_prop_name_6538,,,,
6539,sample_prop_name_6539,,,,
6540,sample_prop_name_6540,,,,
6541,sample_prop_name_6541,,,,
6542,sample_prop_name_6542,,,,
6543,sample_prop_name_6543,,,,
6544,sample_prop_name_6544,,,,
6545,sample_prop_name_6545,,,,
6546,sample_prop_name_6546,,,,
6547,sample_prop_name_6547,,,,
6548,sample_prop_name_6548,,,,
6549,sample_prop_name_6549,,,,
6550,sample_prop_name_6550,,,,
6551,sample_prop_name_6551,,,,
6552,sample_prop_name_6552,,,,
6553,sample_prop_name_6553,,,,
6554,sample_prop_name_6554,,,,
6555,sample_prop_name_6555,,,,
6556,sample_prop_name_6556,,,,
6557,sample_prop_name_6557,,,,
6558,sample_prop_name_6558,,,,
6559,sample_prop_name_6559,,,,
6560,sample_prop_name_6560,,,,
6561,sample_prop_name_6561,,,,
6562,sample_prop_name_6562,,,,
6563,sample_prop_name_6563,,,,
6564,sample_prop_name_6564,,,,
6565,sample_prop_name_6565,,,,
6566,sample_prop_name_6566,,,,
6567,sample_prop_name_6567,,,,
6568,sample_prop_name_6568,,,,
6569,sample_prop_name_6569,,,,
6570,sample_prop_name_6570,,,,
6571,sample_prop_name_6571,,,,
6572,sample_prop_name_6572,,,,
6573,sample_prop_name_6573,,,,
6574,sample_prop_name_6574,,,,
6575,sample_prop_name_6575,,,,
6576,sample_prop_name_6576,,,,
6577,sample_prop_name_6577,,,,
6578,sample_prop_name_6578,,,,
6579,sample_prop_name_6579,,,,
6580,sample_prop_name_6580,,,,
6581,sample_prop_name_6581,,,,
6582,sample_prop_name_6582,,,,
6583,sample_prop_name_6583,,,,
6584,sample_prop_name_6584,,,,
6585,sample_prop_name_6585,,,,
6586,sample_prop_name_6586,,,,
6587,sample_prop_name_6587,,,,
6588,sample_prop_name_6588,,,,
6589,sample_prop_name_6589,,,,
6590,sample_prop_name_6590,,,,
6591,sample_prop_name_6591,,,,
6592,sample_prop_name_6592,,,,
6593,sample_prop_name_6593,,,,
6594,sample_prop_name_6594,,,,
6595,sample_prop_name_6595,,,,
6596,sample_prop_name_6596,,,,
6597,sample_prop_name_6597,,,,
6598,sample_prop_name_6598,,,,
6599,sample_prop_name_6599,,,,
6600,sample_prop_name_6600,,,,
6601,sample_prop_name_6601,,,,
6602,sample_prop_name_6602,,,,
6603,sample_prop_name_6603,,,,
6604,sample_prop_name_6604,,,,
6605,sample_prop_name_6605,,,,
6606,sample_prop_name_6606,,,,
6607,sample_prop_name_6607,,,,
6608,sample_prop_name_6608,,,,
6609,sample_prop_name_6609,,,,
6610,sample_prop_name_6610,,,,
6611,sample_prop_name_6611,,,,
6612,sample_prop_name_6612,,,,
6613,sample_prop_name_6613,,,,
6614,sample_prop_name_6614,,,,
6615,sample_prop_name_6615,,,,
6616,sample_prop_name_6616,,,,
6617,sample_prop_name_6617,,,,
6618,sample_prop_name_6618,,,,
6619,sample_prop_name_6619,,,,
6620,sample_prop_name_6620,,,,
6621,sample_prop_name_6621,,,,
6622,sample_prop_name_6622,,,,
6623,sample_prop_name_6623,,,,
6624,sample_prop_name_6624,,,,
6625,sample_prop_name_6625,,,,
6626,sample_prop_name_6626,,,,
6627,sample_prop_name_6627,,,,
6628,sample_prop_name_6628,,,,
6629,sample_prop_name_6629,,,,
6630,sample_prop_name_6630,,,,
6631,sample_prop_name_6631,,,,
6632,sample_prop_name_6632,,,,
6633,sample_prop_name_6633,,,,
6634,sample_prop_name_6634,,,,
6635,sample_prop_name_6635,,,,
6636,sample_prop_name_6636,,,,
6637,sample_prop_name_6637,,,,
6638,sample_prop_name_6638,,,,
6639,sample_prop_name_6639,,,,
6640,sample_prop_name_6640,,,,
6641,sample_prop_name_6641,,,,
6642,sample_prop_name_6642,,,,
6643,sample_prop_name_6643,,,,
6644,sample_prop_name_6644,,,,
6645,sample_prop_name_6645,,,,
6646,sample_prop_name_6646,,,,
6647,sample_prop_name_6647,,,,
6648,sample_prop_name_6648,,,,
6649,sample_prop_name_6649,,,,
6650,sample_prop_name_6650,,,,
6651,sample_prop_name_6651,,,,
6652,sample_prop_name_6652,,,,
6653,sample_prop_name_6653,,,,
6654,sample_prop_name_6654,,,,
6655,sample_prop_name_6655,,,,
6656,sample_prop_name_6656,,,,
6657,sample_prop_name_6657,,,,
6658,sample_prop_name_6658,,,,
6659,sample_prop_name_6659,,,,
6660,sample_prop_name_6660,,,,
6661,sample_prop_name_6661,,,,
6662,sample_prop_name_6662,,,,
6663,sample_prop_name_6663,,,,
6664,sample_prop_name_6664,,,,
6665,sample_prop_name_6665,,,,
6666,sample_prop_name_6666,,,,
6667,sample_prop_name_6667,,,,
6668,sample_prop_name_6668,,,,
6669,sample_prop_name_6669,,,,
6670,sample_prop_name_6670,,,,
6671,sample_prop_name_6671,,,,
6672,sample_prop_name_6672,,,,
6673,sample_prop_name_6673,,,,
6674,sample_prop_name_6674,,,,
6675,sample_prop_name_6675,,,,
6677,sample_prop_name_6677,,,,
6678,sample_prop_name_6678,,,,
6679,sample_prop_name_6679,,,,
6680,sample_prop_name_6680,,,,
6681,sample_prop_name_6681,,,,
6682,sample_prop_name_6682,,,,
6683,sample_prop_name_6683,,,,
6684,sample_prop_name_6684,,,,
6685,sample_prop_name_6685,,,,
6686,sample_prop_name_6686,,,,
6687,sample_prop_name_6687,,,,
6688,sample_prop_name_6688,,,,
6689,sample_prop_name_6689,,,,
6690,sample_prop_name_6690,,,,
6691,sample_prop_name_6691,,,,
6692,sample_prop_name_6692,,,,
6693,sample_prop_name_6693,,,,
6694,sample_prop_name_6694,,,,
6695,sample_prop_name_6695,,,,
6696,sample_prop_name_6696,,,,
6697,sample_prop_name_6697,,,,
6698,sample_prop_name_6698,,,,
6699,sample_prop_name_6699,,,,
6700,sample_prop_name_6700,,,,
6701,sample_prop_name_6701,,,,
6702,sample_prop_name_6702,,,,
6703,sample_prop_name_6703,,,,
6704,sample_prop_name_6704,,,,
6705,sample_prop_name_6705,,,,
6706,sample_prop_name_6706,,,,
6707,sample_prop_name_6707,,,,
6708,sample_prop_name_6708,,,,
6709,sample_prop_name_6709,,,,
6710,sample_prop_name_6710,,,,
6711,sample_prop_name_6711,,,,
6712,sample_prop_name_6712,,,,
6713,sample_prop_name_6713,,,,
6714,sample_prop_name_6714,,,,
6715,sample_prop_name_6715,,,,
6716,sample_prop_name_6716,,,,
6717,sample_prop_name_6717,,,,
6718,sample_prop_name_6718,,,,
6719,sample_prop_name_6719,,,,
6720,sample_prop_name_6720,,,,
6721,sample_prop_name_6721,,,,
6722,sample_prop_name_6722,,,,
6723,sample_prop_name_6723,,,,
6724,sample_prop_name_6724,,,,
6725,sample_prop_name_6725,,,,
6726,sample_prop_name_6726,,,,
6727,sample_prop_name_6727,,,,
6728,sample_prop_name_6728,,,,
6729,sample_prop_name_6729,,,,
6730,sample_prop_name_6730,,,,
6731,sample_prop_name_6731,,,,
6732,sample_prop_name_6732,,,,
6733,sample_prop_name_6733,,,,
6734,sample_prop_name_6734,,,,
6735,sample_prop_name_6735,,,,
6736,sample_prop_name_6736,,,,
6737,sample_prop_name_6737,,,,
6738,sample_prop_name_6738,,,,
6739,sample_prop_name_6739,,,,
6740,sample_prop_name_6740,,,,
6741,sample_prop_name_6741,,,,
6742,sample_prop_name_6742,,,,
6743,sample_prop_name_6743,,,,
6744,sample_prop_name_6744,,,,
6745,sample_prop_name_6745,,,,
6746,sample_prop_name_6746,,,,
6747,sample_prop_name_6747,,,,
6748,sample_prop_name_6748,,,,
6749,sample_prop_name_6749,,,,
6750,sample_prop_name_6750,,,,
6751,sample_prop_name_6751,,,,
6752,sample_prop_name_6752,,,,
6753,sample_prop_name_6753,,,,
6754,sample_prop_name_6754,,,,
6755,sample_prop_name_6755,,,,
6756,sample_prop_name_6756,,,,
6757,sample_prop_name_6757,,,,
6758,sample_prop_name_6758,,,,
6759,sample_prop_name_6759,,,,
6760,sample_prop_name_6760,,,,
6761,sample_prop_name_6761,,,,
6762,sample_prop_name_6762,,,,
6763,sample_prop_name_6763,,,,
6764,sample_prop_name_6764,,,,
6765,sample_prop_name_6765,,,,
6766,sample_prop_name_6766,,,,
6767,sample_prop_name_6767,,,,
6768,sample_prop_name_6768,,,,
6769,sample_prop_name_6769,,,,
6770,sample_prop_name_6770,,,,
6771,sample_prop_name_6771,,,,
6772,sample_prop_name_6772,,,,
6773,sample_prop_name_6773,,,,
6774,sample_prop_name_6774,,,,
6775,sample_prop_name_6775,,,,
6776,sample_prop_name_6776,,,,
6777,sample_prop_name_6777,,,,
6778,sample_prop_name_6778,,,,
6779,sample_prop_name_6779,,,,
6780,sample_prop_name_6780,,,,
6781,sample_prop_name_6781,,,,
6782,sample_prop_name_6782,,,,
6783,sample_prop_name_6783,,,,
6784,sample_prop_name_6784,,,,
6785,sample_prop_name_6785,,,,
6786,sample_prop_name_6786,,,,
6787,sample_prop_name_6787,,,,
6788,sample_prop_name_6788,,,,
6789,sample_prop_name_6789,,,,
6790,sample_prop_name_6790,,,,
6791,sample_prop_name_6791,,,,
6792,sample_prop_name_6792,,,,
6793,sample_prop_name_6793,,,,
6794,sample_prop_name_6794,,,,
6795,sample_prop_name_6795,,,,
6796,sample_prop_name_6796,,,,
6797,sample_prop_name_6797,,,,
6798,sample_prop_name_6798,,,,
6799,sample_prop_name_6799,,,,
6800,sample_prop_name_6800,,,,
6801,sample_prop_name_6801,,,,
6802,sample_prop_name_6802,,,,
6803,sample_prop_name_6803,,,,
6804,sample_prop_name_6804,,,,
6805,sample_prop_name_6805,,,,
6806,sample_prop_name_6806,,,,
6807,sample_prop_name_6807,,,,
6808,sample_prop_name_6808,,,,
6809,sample_prop_name_6809,,,,
6810,sample_prop_name_6810,,,,
6811,sample_prop_name_6811,,,,
6812,sample_prop_name_6812,,,,
6813,sample_prop_name_6813,,,,
6814,sample_prop_name_6814,,,,
6815,sample_prop_name_6815,,,,
6816,sample_prop_name_6816,,,,
6817,sample_prop_name_6817,,,,
6818,sample_prop_name_6818,,,,
6819,sample_prop_name_6819,,,,
6820,sample_prop_name_6820,,,,
6821,sample_prop_name_6821,,,,
6822,sample_prop_name_6822,,,,
6823,sample_prop_name_6823,,,,
6824,sample_prop_name_6824,,,,
6825,sample_prop_name_6825,,,,
6826,sample_prop_name_6826,,,,
6827,sample_prop_name_6827,,,,
6828,sample_prop_name_6828,,,,
6829,sample_prop_name_6829,,,,
6830,sample_prop_name_6830,,,,
6831,sample_prop_name_6831,,,,
6832,sample_prop_name_6832,,,,
6833,sample_prop_name_6833,,,,
6834,sample_prop_name_6834,,,,
6835,sample_prop_name_6835,,,,
6836,sample_prop_name_6836,,,,
6837,sample_prop_name_6837,,,,
6838,sample_prop_name_6838,,,,
6839,sample_prop_name_6839,,,,
6840,sample_prop_name_6840,,,,
6841,sample_prop_name_6841,,,,
6842,sample_prop_name_6842,,,,
6843,sample_prop_name_6843,,,,
6844,sample_prop_name_6844,,,,
6845,sample_prop_name_6845,,,,
6846,sample_prop_name_6846,,,,
6847,sample_prop_name_6847,,,,
6848,sample_prop_name_6848,,,,
6849,sample_prop_name_6849,,,,
6850,sample_prop_name_6850,,,,
6851,sample_prop_name_6851,,,,
6852,sample_prop_name_6852,,,,
6853,sample_prop_name_6853,,,,
6854,sample_prop_name_6854,,,,
6855,sample_prop_name_6855,,,,
6856,sample_prop_name_6856,,,,
6857,sample_prop_name_6857,,,,
6858,sample_prop_name_6858,,,,
6859,sample_prop_name_6859,,,,
6860,sample_prop_name_6860,,,,
6861,sample_prop_name_6861,,,,
6862,sample_prop_name_6862,,,,
6863,sample_prop_name_6863,,,,
6864,sample_prop_name_6864,,,,
6865,sample_prop_name_6865,,,,
6866,sample_prop_name_6866,,,,
6867,sample_prop_name_6867,,,,
6868,sample_prop_name_6868,,,,
6869,sample_prop_name_6869,,,,
6870,sample_prop_name_6870,,,,
6871,sample_prop_name_6871,,,,
6872,sample_prop_name_6872,,,,
6873,sample_prop_name_6873,,,,
6874,sample_prop_name_6874,,,,
6875,sample_prop_name_6875,,,,
6876,sample_prop_name_6876,,,,
6877,sample_prop_name_6877,,,,
6878,sample_prop_name_6878,,,,
6879,sample_prop_name_6879,,,,
6880,sample_prop_name_6880,,,,
6881,sample_prop_name_6881,,,,
6882,sample_prop_name_6882,,,,
6883,sample_prop_name_6883,,,,
6884,sample_prop_name_6884,,,,
6885,sample_prop_name_6885,,,,
6886,sample_prop_name_6886,,,,
6887,sample_prop_name_6887,,,,
6888,sample_prop_name_6888,,,,
6889,sample_prop_name_6889,,,,
6890,sample_prop_name_6890,,,,
6891,sample_prop_name_6891,,,,
6892,sample_prop_name_6892,,,,
6893,sample_prop_name_6893,,,,
6894,sample_prop_name_6894,,,,
6895,sample_prop_name_6895,,,,
6896,sample_prop_name_6896,,,,
6897,sample_prop_name_6897,,,,
6898,sample_prop_name_6898,,,,
6899,sample_prop_name_6899,,,,
6900,sample_prop_name_6900,,,,
6901,sample_prop_name_6901,,,,
6902,sample_prop_name_6902,,,,
6903,sample_prop_name_6903,,,,
6904,sample_prop_name_6904,,,,
6905,sample_prop_name_6905,,,,
6906,sample_prop_name_6906,,,,
6907,sample_prop_name_6907,,,,
6908,sample_prop_name_6908,,,,
6909,sample_prop_name_6909,,,,
6910,sample_prop_name_6910,,,,
6911,sample_prop_name_6911,,,,
6912,sample_prop_name_6912,,,,
6913,sample_prop_name_6913,,,,
6914,sample_prop_name_6914,,,,
6915,sample_prop_name_6915,,,,
6916,sample_prop_name_6916,,,,
6917,sample_prop_name_6917,,,,
6918,sample_prop_name_6918,,,,
6919,sample_prop_name_6919,,,,
6920,sample_prop_name_6920,,,,
6921,sample_prop_name_6921,,,,
6922,sample_prop_name_6922,,,,
6923,sample_prop_name_6923,,,,
6924,sample_prop_name_6924,,,,
6925,sample_prop_name_6925,,,,
6926,sample_prop_name_6926,,,,
6927,sample_prop_name_6927,,,,
6928,sample_prop_name_6928,,,,
6929,sample_prop_name_6929,,,,
6930,sample_prop_name_6930,,,,
6931,sample_prop_name_6931,,,,
6932,sample_prop_name_6932,,,,
6933,sample_prop_name_6933,,,,
6934,sample_prop_name_6934,,,,
6935,sample_prop_name_6935,,,,
6936,sample_prop_name_6936,,,,
6937,sample_prop_name_6937,,,,
6938,sample_prop_name_6938,,,,
6939,sample_prop_name_6939,,,,
6940,sample_prop_name_6940,,,,
6941,sample_prop_name_6941,,,,
6942,sample_prop_name_6942,,,,
6943,sample_prop_name_6943,,,,
6944,sample_prop_name_6944,,,,
6945,sample_prop_name_6945,,,,
6946,sample_prop_name_6946,,,,
6947,sample_prop_name_6947,,,,
6948,sample_prop_name_6948,,,,
6949,sample_prop_name_6949,,,,
6950,sample_prop_name_6950,,,,
6951,sample_prop_name_6951,,,,
6952,sample_prop_name_6952,,,,
6953,sample_prop_name_6953,,,,
6954,sample_prop_name_6954,,,,
6955,sample_prop_name_6955,,,,
6956,sample_prop_name_6956,,,,
6957,sample_prop_name_6957,,,,
6958,sample_prop_name_6958,,,,
6959,sample_prop_name_6959,,,,
6960,sample_prop_name_6960,,,,
6961,sample_prop_name_6961,,,,
6962,sample_prop_name_6962,,,,
6963,sample_prop_name_6963,,,,
6964,sample_prop_name_6964,,,,
6965,sample_prop_name_6965,,,,
6966,sample_prop_name_6966,,,,
6967,sample_prop_name_6967,,,,
6968,sample_prop_name_6968,,,,
6969,sample_prop_name_6969,,,,
6970,sample_prop_name_6970,,,,
6971,sample_prop_name_6971,,,,
6972,sample_prop_name_6972,,,,
6973,sample_prop_name_6973,,,,
6974,sample_prop_name_6974,,,,
6975,sample_prop_name_6975,,,,
6976,sample_prop_name_6976,,,,
6977,sample_prop_name_6977,,,,
6978,sample_prop_name_6978,,,,
6979,sample_prop_name_6979,,,,
6980,sample_prop_name_6980,,,,
6981,sample_prop_name_6981,,,,
6982,sample_prop_name_6982,,,,
6983,sample_prop_name_6983,,,,
6984,sample_prop_name_6984,,,,
6985,sample_prop_name_6985,,,,
6986,sample_prop_name_6986,,,,
6987,sample_prop_name_6987,,,,
6988,sample_prop_name_6988,,,,
6989,sample_prop_name_6989,,,,
6990,sample_prop_name_6990,,,,
6991,sample_prop_name_6991,,,,
6992,sample_prop_name_6992,,,,
6993,sample_prop_name_6993,,,,
6994,sample_prop_name_6994,,,,
6995,sample_prop_name_6995,,,,
6996,sample_prop_name_6996,,,,
6997,sample_prop_name_6997,,,,
6998,sample_prop_name_6998,,,,
6999,sample_prop_name_6999,,,,
7000,sample_prop_name_7000,,,,
7001,sample_prop_name_7001,,,,
7002,sample_prop_name_7002,,,,
7003,sample_prop_name_7003,,,,
7004,sample_prop_name_7004,,,,
7005,sample_prop_name_7005,,,,
7006,sample_prop_name_7006,,,,
7007,sample_prop_name_7007,,,,
7008,sample_prop_name_7008,,,,
7009,sample_prop_name_7009,,,,
7010,sample_prop_name_7010,,,,
7011,sample_prop_name_7011,,,,
7012,sample_prop_name_7012,,,,
7013,sample_prop_name_7013,,,,
7014,sample_prop_name_7014,,,,
7015,sample_prop_name_7015,,,,
7016,sample_prop_name_7016,,,,
7017,sample_prop_name_7017,,,,
7018,sample_prop_name_7018,,,,
7019,sample_prop_name_7019,,,,
7020,sample_prop_name_7020,,,,
7021,sample_prop_name_7021,,,,
7022,sample_prop_name_7022,,,,
7023,sample_prop_name_7023,,,,
7024,sample_prop_name_7024,,,,
7025,sample_prop_name_7025,,,,
7026,sample_prop_name_7026,,,,
7027,sample_prop_name_7027,,,,
7028,sample_prop_name_7028,,,,
7029,sample_prop_name_7029,,,,
7030,sample_prop_name_7030,,,,
7031,sample_prop_name_7031,,,,
7032,sample_prop_name_7032,,,,
7033,sample_prop_name_7033,,,,
7034,sample_prop_name_7034,,,,
7035,sample_prop_name_7035,,,,
7036,sample_prop_name_7036,,,,
7037,sample_prop_name_7037,,,,
7038,sample_prop_name_7038,,,,
7039,sample_prop_name_7039,,,,
7040,sample_prop_name_7040,,,,
7041,sample_prop_name_7041,,,,
7042,sample_prop_name_7042,,,,
7043,sample_prop_name_7043,,,,
7044,sample_prop_name_7044,,,,
7045,sample_prop_name_7045,,,,
7046,sample_prop_name_7046,,,,
7047,sample_prop_name_7047,,,,
7048,sample_prop_name_7048,,,,
7049,sample_prop_name_7049,,,,
7050,sample_prop_name_7050,,,,
7051,sample_prop_name_7051,,,,
7052,sample_prop_name_7052,,,,
7053,sample_prop_name_7053,,,,
7054,sample_prop_name_7054,,,,
7055,sample_prop_name_7055,,,,
7056,sample_prop_name_7056,,,,
7057,sample_prop_name_7057,,,,
7058,sample_prop_name_7058,,,,
7059,sample_prop_name_7059,,,,
7060,sample_prop_name_7060,,,,
7061,sample_prop_name_7061,,,,
7062,sample_prop_name_7062,,,,
7063,sample_prop_name_7063,,,,
7064,sample_prop_name_7064,,,,
7065,sample_prop_name_7065,,,,
7066,sample_prop_name_7066,,,,
7067,sample_prop_name_7067,,,,
7068,sample_prop_name_7068,,,,
7069,sample_prop_name_7069,,,,
7070,sample_prop_name_7070,,,,
7071,sample_prop_name_7071,,,,
7072,sample_prop_name_7072,,,,
7073,sample_prop_name_7073,,,,
7074,sample_prop_name_7074,,,,
7075,sample_prop_name_7075,,,,
7076,sample_prop_name_7076,,,,
7077,sample_prop_name_7077,,,,
7078,sample_prop_name_7078,,,,
7079,sample_prop_name_7079,,,,
7080,sample_prop_name_7080,,,,
7081,sample_prop_name_7081,,,,
7082,sample_prop_name_7082,,,,
7083,sample_prop_name_7083,,,,
7084,sample_prop_name_7084,,,,
7085,sample_prop_name_7085,,,,
7086,sample_prop_name_7086,,,,
7087,sample_prop_name_7087,,,,
7088,sample_prop_name_7088,,,,
7089,sample_prop_name_7089,,,,
7090,sample_prop_name_7090,,,,
7091,sample_prop_name_7091,,,,
7092,sample_prop_name_7092,,,,
7093,sample_prop_name_7093,,,,
7094,sample_prop_name_7094,,,,
7095,sample_prop_name_7095,,,,
7096,sample_prop_name_7096,,,,
7097,sample_prop_name_7097,,,,
7098,sample_prop_name_7098,,,,
7099,sample_prop_name_7099,,,,
7100,sample_prop_name_7100,,,,
7101,sample_prop_name_7101,,,,
7102,sample_prop_name_7102,,,,
7103,sample_prop_name_7103,,,,
7104,sample_prop_name_7104,,,,
7105,sample_prop_name_7105,,,,
7106,sample_prop_name_7106,,,,
7107,sample_prop_name_7107,,,,
7108,sample_prop_name_7108,,,,
7109,sample_prop_name_7109,,,,
7110,sample_prop_name_7110,,,,
7111,sample_prop_name_7111,,,,
7112,sample_prop_name_7112,,,,
7113,sample_prop_name_7113,,,,
7114,sample_prop_name_7114,,,,
7115,sample_prop_name_7115,,,,
7116,sample_prop_name_7116,,,,
7117,sample_prop_name_7117,,,,
7118,sample_prop_name_7118,,,,
7119,sample_prop_name_7119,,,,
7120,sample_prop_name_7120,,,,
7121,sample_prop_name_7121,,,,
7122,sample_prop_name_7122,,,,
7123,sample_prop_name_7123,,,,
7124,sample_prop_name_7124,,,,
7125,sample_prop_name_7125,,,,
7126,sample_prop_name_7126,,,,
7127,sample_prop_name_7127,,,,
7128,sample_prop_name_7128,,,,
7129,sample_prop_name_7129,,,,
7130,sample_prop_name_7130,,,,
7131,sample_prop_name_7131,,,,
7132,sample_prop_name_7132,,,,
7133,sample_prop_name_7133,,,,
7134,sample_prop_name_7134,,,,
7135,sample_prop_name_7135,,,,
7136,sample_prop_name_7136,,,,
7137,sample_prop_name_7137,,,,
7138,sample_prop_name_7138,,,,
7139,sample_prop_name_7139,,,,
7140,sample_prop_name_7140,,,,
7141,sample_prop_name_7141,,,,
7142,sample_prop_name_7142,,,,
7143,sample_prop_name_7143,,,,
7144,sample_prop_name_7144,,,,
7145,sample_prop_name_7145,,,,
7146,sample_prop_name_7146,,,,
7147,sample_prop_name_7147,,,,
7148,sample_prop_name_7148,,,,
7149,sample_prop_name_7149,,,,
7150,sample_prop_name_7150,,,,
7151,sample_prop_name_7151,,,,
7152,sample_prop_name_7152,,,,
7153,sample_prop_name_7153,,,,
7154,sample_prop_name_7154,,,,
7155,sample_prop_name_7155,,,,
7156,sample_prop_name_7156,,,,
7157,sample_prop_name_7157,,,,
7158,sample_prop_name_7158,,,,
7159,sample_prop_name_7159,,,,
7160,sample_prop_name_7160,,,,
7161,sample_prop_name_7161,,,,
7162,sample_prop_name_7162,,,,
7163,sample_prop_name_7163,,,,
7164,sample_prop_name_7164,,,,
7165,sample_prop_name_7165,,,,
7166,sample_prop_name_7166,,,,
7167,sample_prop_name_7167,,,,
7168,sample_prop_name_7168,,,,
7169,sample_prop_name_7169,,,,
7170,sample_prop_name_7170,,,,
7171,sample_prop_name_7171,,,,
7172,sample_prop_name_7172,,,,
7173,sample_prop_name_7173,,,,
7174,sample_prop_name_7174,,,,
7175,sample_prop_name_7175,,,,
7176,sample_prop_name_7176,,,,
7177,sample_prop_name_7177,,,,
7178,sample_prop_name_7178,,,,
7179,sample_prop_name_7179,,,,
7180,sample_prop_name_7180,,,,
7181,sample_prop_name_7181,,,,
7182,sample_prop_name_7182,,,,
7183,sample_prop_name_7183,,,,
7184,sample_prop_name_7184,,,,
7185,sample_prop_name_7185,,,,
7186,sample_prop_name_7186,,,,
7187,sample_prop_name_7187,,,,
7188,sample_prop_name_7188,,,,
7189,sample_prop_name_7189,,,,
7190,sample_prop_name_7190,,,,
7191,sample_prop_name_7191,,,,
7192,sample_prop_name_7192,,,,
7193,sample_prop_name_7193,,,,
7194,sample_prop_name_7194,,,,
7195,sample_prop_name_7195,,,,
7196,sample_prop_name_7196,,,,
7197,sample_prop_name_7197,,,,
7198,sample_prop_name_7198,,,,
7199,sample_prop_name_7199,,,,
7200,sample_prop_name_7200,,,,
7201,sample_prop_name_7201,,,,
7202,sample_prop_name_7202,,,,
7203,sample_prop_name_7203,,,,
7204,sample_prop_name_7204,,,,
7205,sample_prop_name_7205,,,,
7206,sample_prop_name_7206,,,,
7207,sample_prop_name_7207,,,,
7208,sample_prop_name_7208,,,,
7209,sample_prop_name_7209,,,,
7210,sample_prop_name_7210,,,,
7211,sample_prop_name_7211,,,,
7212,sample_prop_name_7212,,,,
7213,sample_prop_name_7213,,,,
7214,sample_prop_name_7214,,,,
7215,sample_prop_name_7215,,,,
7216,sample_prop_name_7216,,,,
7217,sample_prop_name_7217,,,,
7218,sample_prop_name_7218,,,,
7219,sample_prop_name_7219,,,,
7220,sample_prop_name_7220,,,,
7221,sample_prop_name_7221,,,,
7222,sample_prop_name_7222,,,,
7223,sample_prop_name_7223,,,,
7224,sample_prop_name_7224,,,,
7225,sample_prop_name_7225,,,,
7226,sample_prop_name_7226,,,,
7227,sample_prop_name_7227,,,,
7228,sample_prop_name_7228,,,,
7229,sample_prop_name_7229,,,,
7230,sample_prop_name_7230,,,,
7231,sample_prop_name_7231,,,,
7232,sample_prop_name_7232,,,,
7233,sample_prop_name_7233,,,,
7234,sample_prop_name_7234,,,,
7235,sample_prop_name_7235,,,,
7236,sample_prop_name_7236,,,,
7237,sample_prop_name_7237,,,,
7238,sample_prop_name_7238,,,,
7239,sample_prop_name_7239,,,,
7240,sample_prop_name_7240,,,,
7241,sample_prop_name_7241,,,,
7242,sample_prop_name_7242,,,,
7243,sample_prop_name_7243,,,,
7244,sample_prop_name_7244,,,,
7245,sample_prop_name_7245,,,,
7246,sample_prop_name_7246,,,,
7247,sample_prop_name_7247,,,,
7248,sample_prop_name_7248,,,,
7249,sample_prop_name_7249,,,,
7250,sample_prop_name_7250,,,,
7251,sample_prop_name_7251,,,,
7252,sample_prop_name_7252,,,,
7253,sample_prop_name_7253,,,,
7254,sample_prop_name_7254,,,,
7255,sample_prop_name_7255,,,,
7256,sample_prop_name_7256,,,,
7257,sample_prop_name_7257,,,,
7258,sample_prop_name_7258,,,,
7259,sample_prop_name_7259,,,,
7260,sample_prop_name_7260,,,,
7261,sample_prop_name_7261,,,,
7262,sample_prop_name_7262,,,,
7263,sample_prop_name_7263,,,,
7264,sample_prop_name_7264,,,,
7265,sample_prop_name_7265,,,,
7266,sample_prop_name_7266,,,,
7267,sample_prop_name_7267,,,,
7268,sample_prop_name_7268,,,,
7269,sample_prop_name_7269,,,,
7270,sample_prop_name_7270,,,,
7271,sample_prop_name_7271,,,,
7272,sample_prop_name_7272,,,,
7273,sample_prop_name_7273,,,,
7274,sample_prop_name_7274,,,,
7275,sample_prop_name_7275,,,,
7276,sample_prop_name_7276,,,,
7277,sample_prop_name_7277,,,,
7278,sample_prop_name_7278,,,,
7279,sample_prop_name_7279,,,,
7280,sample_prop_name_7280,,,,
7281,sample_prop_name_7281,,,,
7282,sample_prop_name_7282,,,,
7283,sample_prop_name_7283,,,,
7284,sample_prop_name_7284,,,,
7285,sample_prop_name_7285,,,,
7286,sample_prop_name_7286,,,,
7287,sample_prop_name_7287,,,,
7288,sample_prop_name_7288,,,,
7289,sample_prop_name_7289,,,,
7290,sample_prop_name_7290,,,,
7291,sample_prop_name_7291,,,,
7292,sample_prop_name_7292,,,,
7293,sample_prop_name_7293,,,,
7294,sample_prop_name_7294,,,,
7295,sample_prop_name_7295,,,,
7296,sample_prop_name_7296,,,,
7297,sample_prop_name_7297,,,,
7298,sample_prop_name_7298,,,,
7299,sample_prop_name_7299,,,,
7300,sample_prop_name_7300,,,,
7301,sample_prop_name_7301,,,,
7302,sample_prop_name_7302,,,,
7303,sample_prop_name_7303,,,,
7304,sample_prop_name_7304,,,,
7305,sample_prop_name_7305,,,,
7306,sample_prop_name_7306,,,,
7307,sample_prop_name_7307,,,,
7308,sample_prop_name_7308,,,,
7309,sample_prop_name_7309,,,,
7310,sample_prop_name_7310,,,,
7311,sample_prop_name_7311,,,,
7312,sample_prop_name_7312,,,,
7313,sample_prop_name_7313,,,,
7314,sample_prop_name_7314,,,,
7315,sample_prop_name_7315,,,,
7316,sample_prop_name_7316,,,,
7317,sample_prop_name_7317,,,,
7318,sample_prop_name_7318,,,,
7319,sample_prop_name_7319,,,,
7320,sample_prop_name_7320,,,,
7321,sample_prop_name_7321,,,,
7322,sample_prop_name_7322,,,,
7323,sample_prop_name_7323,,,,
7324,sample_prop_name_7324,,,,
7325,sample_prop_name_7325,,,,
7326,sample_prop_name_7326,,,,
7327,sample_prop_name_7327,,,,
7328,sample_prop_name_7328,,,,
7329,sample_prop_name_7329,,,,
7330,sample_prop_name_7330,,,,
7331,sample_prop_name_7331,,,,
7332,sample_prop_name_7332,,,,
7333,sample_prop_name_7333,,,,
7334,sample_prop_name_7334,,,,
7335,sample_prop_name_7335,,,,
7336,sample_prop_name_7336,,,,
7337,sample_prop_name_7337,,,,
7338,sample_prop_name_7338,,,,
7339,sample_prop_name_7339,,,,
7340,sample_prop_name_7340,,,,
7341,sample_prop_name_7341,,,,
7342,sample_prop_name_7342,,,,
7343,sample_prop_name_7343,,,,
7344,sample_prop_name_7344,,,,
7345,sample_prop_name_7345,,,,
7346,sample_prop_name_7346,,,,
7347,sample_prop_name_7347,,,,
7348,sample_prop_name_7348,,,,
7349,sample_prop_name_7349,,,,
7350,sample_prop_name_7350,,,,
7351,sample_prop_name_7351,,,,
7352,sample_prop_name_7352,,,,
7353,sample_prop_name_7353,,,,
7354,sample_prop_name_7354,,,,
7355,sample_prop_name_7355,,,,
7356,sample_prop_name_7356,,,,
7357,sample_prop_name_7357,,,,
7358,sample_prop_name_7358,,,,
7359,sample_prop_name_7359,,,,
7360,sample_prop_name_7360,,,,
7361,sample_prop_name_7361,,,,
7362,sample_prop_name_7362,,,,
7363,sample_prop_name_7363,,,,
7364,sample_prop_name_7364,,,,
7365,sample_prop_name_7365,,,,
7366,sample_prop_name_7366,,,,
7367,sample_prop_name_7367,,,,
7368,sample_prop_name_7368,,,,
7369,sample_prop_name_7369,,,,
7370,sample_prop_name_7370,,,,
7371,sample_prop_name_7371,,,,
7372,sample_prop_name_7372,,,,
7373,sample_prop_name_7373,,,,
7374,sample_prop_name_7374,,,,
7375,sample_prop_name_7375,,,,
7376,sample_prop_name_7376,,,,
7377,sample_prop_name_7377,,,,
7378,sample_prop_name_7378,,,,
7379,sample_prop_name_7379,,,,
7380,sample_prop_name_7380,,,,
7381,sample_prop_name_7381,,,,
7382,sample_prop_name_7382,,,,
7383,sample_prop_name_7383,,,,
7384,sample_prop_name_7384,,,,
7385,sample_prop_name_7385,,,,
7386,sample_prop_name_7386,,,,
7387,sample_prop_name_7387,,,,
7388,sample_prop_name_7388,,,,
7389,sample_prop_name_7389,,,,
7391,sample_prop_name_7391,,,,
7392,sample_prop_name_7392,,,,
7393,sample_prop_name_7393,,,,
7394,sample_prop_name_7394,,,,
7395,sample_prop_name_7395,,,,
7396,sample_prop_name_7396,,,,
7397,sample_prop_name_7397,,,,
7398,sample_prop_name_7398,,,,
7399,sample_prop_name_7399,,,,
7400,sample_prop_name_7400,,,,
7401,sample_prop_name_7401,,,,
7402,sample_prop_name_7402,,,,
7403,sample_prop_name_7403,,,,
7404,sample_prop_name_7404,,,,
7405,sample_prop_name_7405,,,,
7406,sample_prop_name_7406,,,,
7407,sample_prop_name_7407,,,,
7408,sample_prop_name_7408,,,,
7409,sample_prop_name_7409,,,,
7410,sample_prop_name_7410,,,,
7411,sample_prop_name_7411,,,,
7412,sample_prop_name_7412,,,,
7413,sample_prop_name_7413,,,,
7414,sample_prop_name_7414,,,,
7415,sample_prop_name_7415,,,,
7416,sample_prop_name_7416,,,,
7417,sample_prop_name_7417,,,,
7418,sample_prop_name_7418,,,,
7419,sample_prop_name_7419,,,,
7420,sample_prop_name_7420,,,,
7421,sample_prop_name_7421,,,,
7422,sample_prop_name_7422,,,,
7423,sample_prop_name_7423,,,,
7424,sample_prop_name_7424,,,,
7425,sample_prop_name_7425,,,,
7426,sample_prop_name_7426,,,,
7427,sample_prop_name_7427,,,,
7428,sample_prop_name_7428,,,,
7429,sample_prop_name_7429,,,,
7430,sample_prop_name_7430,,,,
7431,sample_prop_name_7431,,,,
7432,sample_prop_name_7432,,,,
7433,sample_prop_name_7433,,,,
7434,sample_prop_name_7434,,,,
7435,sample_prop_name_7435,,,,
7436,sample_prop_name_7436,,,,
7437,sample_prop_name_7437,,,,
7438,sample_prop_name_7438,,,,
7439,sample_prop_name_7439,,,,
7440,sample_prop_name_7440,,,,
7441,sample_prop_name_7441,,,,
7442,sample_prop_name_7442,,,,
7443,sample_prop_name_7443,,,,
7444,sample_prop_name_7444,,,,
7445,sample_prop_name_7445,,,,
7446,sample_prop_name_7446,,,,
7447,sample_prop_name_7447,,,,
7448,sample_prop_name_7448,,,,
7449,sample_prop_name_7449,,,,
7450,sample_prop_name_7450,,,,
7451,sample_prop_name_7451,,,,
7452,sample_prop_name_7452,,,,
7453,sample_prop_name_7453,,,,
7454,sample_prop_name_7454,,,,
7455,sample_prop_name_7455,,,,
7456,sample_prop_name_7456,,,,
7457,sample_prop_name_7457,,,,
7458,sample_prop_name_7458,,,,
7459,sample_prop_name_7459,,,,
7460,sample_prop_name_7460,,,,
7461,sample_prop_name_7461,,,,
7462,sample_prop_name_7462,,,,
7463,sample_prop_name_7463,,,,
7464,sample_prop_name_7464,,,,
7465,sample_prop_name_7465,,,,
7466,sample_prop_name_7466,,,,
7467,sample_prop_name_7467,,,,
7468,sample_prop_name_7468,,,,
7469,sample_prop_name_7469,,,,
7470,sample_prop_name_7470,,,,
7471,sample_prop_name_7471,,,,
7472,sample_prop_name_7472,,,,
7473,sample_prop_name_7473,,,,
7474,sample_prop_name_7474,,,,
7475,sample_prop_name_7475,,,,
7476,sample_prop_name_7476,,,,
7477,异星武器碎片可选箱（1期）,,,,
7478,异星武器碎片随机箱（1期）,,,,
7479,sample_prop_name_7479,,,,
7480,sample_prop_name_7480,,,,
7481,sample_prop_name_7481,,,,
7482,sample_prop_name_7482,,,,
7483,sample_prop_name_7483,,,,
7484,sample_prop_name_7484,,,,
7485,sample_prop_name_7485,,,,
7486,sample_prop_name_7486,,,,
7487,sample_prop_name_7487,,,,
7488,sample_prop_name_7488,,,,
7489,sample_prop_name_7489,,,,
7490,sample_prop_name_7490,,,,
7491,sample_prop_name_7491,,,,
7492,sample_prop_name_7492,,,,
7493,sample_prop_name_7493,,,,
7494,sample_prop_name_7494,,,,
7495,sample_prop_name_7495,,,,
7496,sample_prop_name_7496,,,,
7497,sample_prop_name_7497,,,,
7498,sample_prop_name_7498,,,,
7499,sample_prop_name_7499,,,,
7500,sample_prop_name_7500,,,,
7501,sample_prop_name_7501,,,,
7502,sample_prop_name_7502,,,,
7503,sample_prop_name_7503,,,,
7504,sample_prop_name_7504,,,,
7505,sample_prop_name_7505,,,,
7506,sample_prop_name_7506,,,,
7507,sample_prop_name_7507,,,,
7508,sample_prop_name_7508,,,,
7509,sample_prop_name_7509,,,,
7510,sample_prop_name_7510,,,,
7511,sample_prop_name_7511,,,,
7512,sample_prop_name_7512,,,,
7513,sample_prop_name_7513,,,,
7514,sample_prop_name_7514,,,,
7515,sample_prop_name_7515,,,,
7516,sample_prop_name_7516,,,,
7517,sample_prop_name_7517,,,,
7518,sample_prop_name_7518,,,,
7519,sample_prop_name_7519,,,,
7520,sample_prop_name_7520,,,,
7521,sample_prop_name_7521,,,,
7522,sample_prop_name_7522,,,,
7523,sample_prop_name_7523,,,,
7524,sample_prop_name_7524,,,,
7525,sample_prop_name_7525,,,,
7526,sample_prop_name_7526,,,,
7527,sample_prop_name_7527,,,,
7528,sample_prop_name_7528,,,,
7529,sample_prop_name_7529,,,,
7530,sample_prop_name_7530,,,,
7531,sample_prop_name_7531,,,,
7532,sample_prop_name_7532,,,,
7533,sample_prop_name_7533,,,,
7534,sample_prop_name_7534,,,,
7535,sample_prop_name_7535,,,,
7536,sample_prop_name_7536,,,,
7537,sample_prop_name_7537,,,,
7538,sample_prop_name_7538,,,,
7539,sample_prop_name_7539,,,,
7540,sample_prop_name_7540,,,,
7541,sample_prop_name_7541,,,,
7542,sample_prop_name_7542,,,,
7543,sample_prop_name_7543,,,,
7544,sample_prop_name_7544,,,,
7545,sample_prop_name_7545,,,,
7546,sample_prop_name_7546,,,,
7547,sample_prop_name_7547,,,,
7548,sample_prop_name_7548,,,,
7549,sample_prop_name_7549,,,,
7550,sample_prop_name_7550,,,,
7551,sample_prop_name_7551,,,,
7552,sample_prop_name_7552,,,,
7553,sample_prop_name_7553,,,,
7554,sample_prop_name_7554,,,,
7555,sample_prop_name_7555,,,,
7556,sample_prop_name_7556,,,,
7557,sample_prop_name_7557,,,,
7558,sample_prop_name_7558,,,,
7559,sample_prop_name_7559,,,,
7560,sample_prop_name_7560,,,,
7561,sample_prop_name_7561,,,,
7562,sample_prop_name_7562,,,,
7563,sample_prop_name_7563,,,,
7564,sample_prop_name_7564,,,,
7565,sample_prop_name_7565,,,,
7566,sample_prop_name_7566,,,,
7567,sample_prop_name_7567,,,,
7568,sample_prop_name_7568,,,,
7569,sample_prop_name_7569,,,,
7570,sample_prop_name_7570,,,,
7571,sample_prop_name_7571,,,,
7572,sample_prop_name_7572,,,,
7573,sample_prop_name_7573,,,,
7574,sample_prop_name_7574,,,,
7575,sample_prop_name_7575,,,,
7576,sample_prop_name_7576,,,,
7577,sample_prop_name_7577,,,,
7578,sample_prop_name_7578,,,,
7579,sample_prop_name_7579,,,,
7580,sample_prop_name_7580,,,,
7581,sample_prop_name_7581,,,,
7582,sample_prop_name_7582,,,,
7583,sample_prop_name_7583,,,,
7584,sample_prop_name_7584,,,,
7585,sample_prop_name_7585,,,,
7586,sample_prop_name_7586,,,,
7587,sample_prop_name_7587,,,,
7588,sample_prop_name_7588,,,,
7589,sample_prop_name_7589,,,,
7590,sample_prop_name_7590,,,,
7591,sample_prop_name_7591,,,,
7592,sample_prop_name_7592,,,,
7593,sample_prop_name_7593,,,,
7594,sample_prop_name_7594,,,,
7595,sample_prop_name_7595,,,,
7596,sample_prop_name_7596,,,,
7597,sample_prop_name_7597,,,,
7598,sample_prop_name_7598,,,,
7599,sample_prop_name_7599,,,,
7600,sample_prop_name_7600,,,,
7601,sample_prop_name_7601,,,,
7602,sample_prop_name_7602,,,,
7603,sample_prop_name_7603,,,,
7604,sample_prop_name_7604,,,,
7605,sample_prop_name_7605,,,,
7606,sample_prop_name_7606,,,,
7607,sample_prop_name_7607,,,,
7608,sample_prop_name_7608,,,,
7609,sample_prop_name_7609,,,,
7610,sample_prop_name_7610,,,,
7611,sample_prop_name_7611,,,,
7612,sample_prop_name_7612,,,,
7613,sample_prop_name_7613,,,,
7614,sample_prop_name_7614,,,,
7615,sample_prop_name_7615,,,,
7616,sample_prop_name_7616,,,,
7617,sample_prop_name_7617,,,,
7618,sample_prop_name_7618,,,,
7619,sample_prop_name_7619,,,,
7620,sample_prop_name_7620,,,,
7621,sample_prop_name_7621,,,,
7622,sample_prop_name_7622,,,,
7623,sample_prop_name_7623,,,,
7624,sample_prop_name_7624,,,,
7625,sample_prop_name_7625,,,,
7626,sample_prop_name_7626,,,,
7627,sample_prop_name_7627,,,,
7628,sample_prop_name_7628,,,,
7629,sample_prop_name_7629,,,,
7630,sample_prop_name_7630,,,,
7631,sample_prop_name_7631,,,,
7632,sample_prop_name_7632,,,,
7633,sample_prop_name_7633,,,,
7634,sample_prop_name_7634,,,,
7635,sample_prop_name_7635,,,,
7636,sample_prop_name_7636,,,,
7637,sample_prop_name_7637,,,,
7638,sample_prop_name_7638,,,,
7639,sample_prop_name_7639,,,,
7640,sample_prop_name_7640,,,,
7641,sample_prop_name_7641,,,,
7642,sample_prop_name_7642,,,,
7643,sample_prop_name_7643,,,,
7644,sample_prop_name_7644,,,,
7645,sample_prop_name_7645,,,,
7646,sample_prop_name_7646,,,,
7647,sample_prop_name_7647,,,,
7648,sample_prop_name_7648,,,,
7649,sample_prop_name_7649,,,,
7650,sample_prop_name_7650,,,,
7651,sample_prop_name_7651,,,,
7652,sample_prop_name_7652,,,,
7653,sample_prop_name_7653,,,,
7654,sample_prop_name_7654,,,,
7655,sample_prop_name_7655,,,,
7656,sample_prop_name_7656,,,,
7657,sample_prop_name_7657,,,,
7658,sample_prop_name_7658,,,,
7659,sample_prop_name_7659,,,,
7660,sample_prop_name_7660,,,,
7661,sample_prop_name_7661,,,,
7662,sample_prop_name_7662,,,,
7663,sample_prop_name_7663,,,,
7664,sample_prop_name_7664,,,,
7665,sample_prop_name_7665,,,,
7666,sample_prop_name_7666,,,,
7667,sample_prop_name_7667,,,,
7668,sample_prop_name_7668,,,,
7669,sample_prop_name_7669,,,,
7670,sample_prop_name_7670,,,,
7671,sample_prop_name_7671,,,,
7672,sample_prop_name_7672,,,,
7673,sample_prop_name_7673,,,,
7674,sample_prop_name_7674,,,,
7675,sample_prop_name_7675,,,,
7676,sample_prop_name_7676,,,,
7677,sample_prop_name_7677,,,,
7678,sample_prop_name_7678,,,,
7679,sample_prop_name_7679,,,,
7680,sample_prop_name_7680,,,,
7681,sample_prop_name_7681,,,,
7682,sample_prop_name_7682,,,,
7683,sample_prop_name_7683,,,,
7684,sample_prop_name_7684,,,,
7685,sample_prop_name_7685,,,,
7686,sample_prop_name_7686,,,,
7687,sample_prop_name_7687,,,,
7688,sample_prop_name_7688,,,,
7689,sample_prop_name_7689,,,,
7690,sample_prop_name_7690,,,,
7691,sample_prop_name_7691,,,,
7692,sample_prop_name_7692,,,,
7693,sample_prop_name_7693,,,,
7694,sample_prop_name_7694,,,,
7695,sample_prop_name_7695,,,,
7696,sample_prop_name_7696,,,,
7697,sample_prop_name_7697,,,,
8000,sample_prop_name_8000,,,,
8001,sample_prop_name_8001,,,,
8002,sample_prop_name_8002,,,,
8003,sample_prop_name_8003,,,,
8004,sample_prop_name_8004,,,,
8005,sample_prop_name_8005,,,,
8006,sample_prop_name_8006,,,,
8007,sample_prop_name_8007,,,,
8008,sample_prop_name_8008,,,,
8009,sample_prop_name_8009,,,,
8010,sample_prop_name_8010,,,,
8011,sample_prop_name_8011,,,,
8012,sample_prop_name_8012,,,,
8013,sample_prop_name_8013,,,,
8014,sample_prop_name_8014,,,,
8015,sample_prop_name_8015,,,,
8016,sample_prop_name_8016,,,,
8017,sample_prop_name_8017,,,,
8018,sample_prop_name_8018,,,,
8019,sample_prop_name_8019,,,,
8020,sample_prop_name_8020,,,,
8021,sample_prop_name_8021,,,,
8022,sample_prop_name_8022,,,,
8023,sample_prop_name_8023,,,,
8024,sample_prop_name_8024,,,,
8025,sample_prop_name_8025,,,,
8026,sample_prop_name_8026,,,,
8027,sample_prop_name_8027,,,,
8028,sample_prop_name_8028,,,,
8029,sample_prop_name_8029,,,,
8030,sample_prop_name_8030,,,,
8031,sample_prop_name_8031,,,,
8032,sample_prop_name_8032,,,,
8033,sample_prop_name_8033,,,,
8034,sample_prop_name_8034,,,,
8035,sample_prop_name_8035,,,,
8036,sample_prop_name_8036,,,,
8037,sample_prop_name_8037,,,,
8038,sample_prop_name_8038,,,,
8039,sample_prop_name_8039,,,,
8040,sample_prop_name_8040,,,,
8041,sample_prop_name_8041,,,,
8042,sample_prop_name_8042,,,,
8043,sample_prop_name_8043,,,,
8044,sample_prop_name_8044,,,,
8045,sample_prop_name_8045,,,,
8046,sample_prop_name_8046,,,,
8047,sample_prop_name_8047,,,,
8048,sample_prop_name_8048,,,,
8049,sample_prop_name_8049,,,,
8050,sample_prop_name_8050,,,,
8051,sample_prop_name_8051,,,,
8052,sample_prop_name_8052,,,,
8053,sample_prop_name_8053,,,,
8054,sample_prop_name_8054,,,,
8055,sample_prop_name_8055,,,,
8056,sample_prop_name_8056,,,,
8057,sample_prop_name_8057,,,,
8058,sample_prop_name_8058,,,,
8059,sample_prop_name_8059,,,,
8060,sample_prop_name_8060,,,,
8061,sample_prop_name_8061,,,,
8062,sample_prop_name_8062,,,,
8068,sample_prop_name_8068,,,,
8069,sample_prop_name_8069,,,,
8070,sample_prop_name_8070,,,,
8071,sample_prop_name_8071,,,,
8072,sample_prop_name_8072,,,,
8073,sample_prop_name_8073,,,,
8074,sample_prop_name_8074,,,,
8075,sample_prop_name_8075,,,,
8076,sample_prop_name_8076,,,,
8077,sample_prop_name_8077,,,,
8078,sample_prop_name_8078,,,,
8079,sample_prop_name_8079,,,,
8080,sample_prop_name_8080,,,,
8081,sample_prop_name_8081,,,,
8082,sample_prop_name_8082,,,,
8083,sample_prop_name_8083,,,,
8084,sample_prop_name_8084,,,,
8085,sample_prop_name_8085,,,,
8086,sample_prop_name_8086,,,,
8087,sample_prop_name_8087,,,,
8088,sample_prop_name_8088,,,,
8089,sample_prop_name_8089,,,,
8090,sample_prop_name_8090,,,,
8091,sample_prop_name_8091,,,,
8092,sample_prop_name_8092,,,,
8093,sample_prop_name_8093,,,,
8094,sample_prop_name_8094,,,,
8095,sample_prop_name_8095,,,,
8096,sample_prop_name_8096,,,,
8097,sample_prop_name_8097,,,,
8098,sample_prop_name_8098,,,,
8099,sample_prop_name_8099,,,,
8100,sample_prop_name_8100,,,,
8101,sample_prop_name_8101,,,,
8102,sample_prop_name_8102,,,,
8103,sample_prop_name_8103,,,,
8104,sample_prop_name_8104,,,,
8105,sample_prop_name_8105,,,,
8106,sample_prop_name_8106,,,,
8107,sample_prop_name_8107,,,,
8108,sample_prop_name_8108,,,,
8109,sample_prop_name_8109,,,,
8110,sample_prop_name_8110,,,,
8111,sample_prop_name_8111,,,,
8112,sample_prop_name_8112,,,,
8113,sample_prop_name_8113,,,,
8114,sample_prop_name_8114,,,,
8115,sample_prop_name_8115,,,,
8116,sample_prop_name_8116,,,,
8117,sample_prop_name_8117,,,,
8118,sample_prop_name_8118,,,,
8119,sample_prop_name_8119,,,,
8120,sample_prop_name_8120,,,,
8121,sample_prop_name_8121,,114,,
8122,sample_prop_name_8122,,115,,
8123,sample_prop_name_8123,,116,,
8124,sample_prop_name_8124,,,,
8125,sample_prop_name_8125,,,,
8126,sample_prop_name_8126,,,,
8127,sample_prop_name_8127,,,,
8128,sample_prop_name_8128,,,,
8129,sample_prop_name_8129,,,,
8130,sample_prop_name_8130,,,,
8131,sample_prop_name_8131,,,,
8132,sample_prop_name_8132,,,,
8133,sample_prop_name_8133,,,,
8134,sample_prop_name_8134,,,,
8135,sample_prop_name_8135,,,,
8136,sample_prop_name_8136,,,,
8137,sample_prop_name_8137,,,,
8138,sample_prop_name_8138,,,,
8139,sample_prop_name_8139,,,,
8140,sample_prop_name_8140,,,,
8141,sample_prop_name_8141,,,,
8142,sample_prop_name_8142,,,,
8143,sample_prop_name_8143,,,,
8144,sample_prop_name_8144,,,,
8145,sample_prop_name_8145,,,,
8146,sample_prop_name_8146,,,,
8147,sample_prop_name_8147,,,,
8148,sample_prop_name_8148,,,,
8149,sample_prop_name_8149,,,,
8150,sample_prop_name_8150,,,,
8151,sample_prop_name_8151,,,,
8152,sample_prop_name_8152,,,,
8153,sample_prop_name_8153,,,,
8154,sample_prop_name_8154,,,,
8155,sample_prop_name_8155,,,,
8156,sample_prop_name_8156,,,,
8157,sample_prop_name_8157,,,,
8158,sample_prop_name_8158,,,,
8159,sample_prop_name_8159,,,,
8160,sample_prop_name_8160,,,,
8161,sample_prop_name_8161,,,,
8162,sample_prop_name_8162,,,,
8163,sample_prop_name_8163,,,,
8164,sample_prop_name_8164,,,,
8165,sample_prop_name_8165,,,,
8166,sample_prop_name_8166,,,,
8167,sample_prop_name_8167,,,,
8168,sample_prop_name_8168,,,,
8169,sample_prop_name_8169,,,,
8170,sample_prop_name_8170,,,,
8171,sample_prop_name_8171,,,,
8172,sample_prop_name_8172,,,,
8173,sample_prop_name_8173,,,,
8174,sample_prop_name_8174,,,,
8175,sample_prop_name_8175,,,,
8176,sample_prop_name_8176,,,,
8177,sample_prop_name_8177,,,,
8178,sample_prop_name_8178,,,,
8179,sample_prop_name_8179,,,,
8180,sample_prop_name_8180,,,,
8181,sample_prop_name_8181,,,,
8182,sample_prop_name_8182,,,,
8183,sample_prop_name_8183,,,,
8184,sample_prop_name_8184,,,,
8185,sample_prop_name_8185,,,,
8186,sample_prop_name_8186,,,,
8187,sample_prop_name_8187,,,,
8188,sample_prop_name_8188,,,,
8189,sample_prop_name_8189,,,,
8190,sample_prop_name_8190,,,,
8191,sample_prop_name_8191,,,,
8192,sample_prop_name_8192,,,,
8193,sample_prop_name_8193,,,,
8194,sample_prop_name_8194,,,,
8195,sample_prop_name_8195,,,,
8196,sample_prop_name_8196,,,,
8197,sample_prop_name_8197,,,,
8198,sample_prop_name_8198,,,,
8199,sample_prop_name_8199,,,,
8200,间谍-柚梦通缉令,,113,,
8201,sample_prop_name_8201,,,,
8202,sample_prop_name_8202,,,,
8203,sample_prop_name_8203,,,,
8204,sample_prop_name_8204,,,,
8205,sample_prop_name_8205,,,,
8206,sample_prop_name_8206,,,,
8207,sample_prop_name_8207,,,,
8208,sample_prop_name_8208,,,,
8209,sample_prop_name_8209,,,,
8210,sample_prop_name_8210,,,,
8211,sample_prop_name_8211,,,,
8212,sample_prop_name_8212,,,,
8213,sample_prop_name_8213,,,,
8214,sample_prop_name_8214,,,,
8215,sample_prop_name_8215,,,,
8230,sample_prop_name_8230,,,,
8231,sample_prop_name_8231,,,,
8232,sample_prop_name_8232,,,,
8233,sample_prop_name_8233,,,,
8234,sample_prop_name_8234,,,,
8235,sample_prop_name_8235,,,,
8236,sample_prop_name_8236,,,,
8237,sample_prop_name_8237,,,,
8238,sample_prop_name_8238,,,,
8239,sample_prop_name_8239,,,,
8240,sample_prop_name_8240,,,,
8241,sample_prop_name_8241,,,,
8242,sample_prop_name_8242,,,,
8243,sample_prop_name_8243,,,,
8244,sample_prop_name_8244,,,,
8245,sample_prop_name_8245,,,,
8246,sample_prop_name_8246,,,,
8247,sample_prop_name_8247,,,,
8248,sample_prop_name_8248,,,,
8249,sample_prop_name_8249,,,,
8250,sample_prop_name_8250,,,,
8251,sample_prop_name_8251,,,,
8252,sample_prop_name_8252,,,,
8253,sample_prop_name_8253,,,,
8254,sample_prop_name_8254,,,,
8255,sample_prop_name_8255,,,,
8256,sample_prop_name_8256,,,,
8257,sample_prop_name_8257,,,,
8258,sample_prop_name_8258,,,,
8259,sample_prop_name_8259,,,,
8260,sample_prop_name_8260,,,,
8261,sample_prop_name_8261,,,,
8262,sample_prop_name_8262,,,,
8263,sample_prop_name_8263,,,,
8264,sample_prop_name_8264,,,,
8265,sample_prop_name_8265,,,,
8266,sample_prop_name_8266,,,,
8267,sample_prop_name_8267,,,,
8268,sample_prop_name_8268,,,,
8269,sample_prop_name_8269,,,,
8270,sample_prop_name_8270,,,,
8271,sample_prop_name_8271,,,,
8272,sample_prop_name_8272,,,,
8273,sample_prop_name_8273,,,,
8274,sample_prop_name_8274,,,,
8275,sample_prop_name_8275,,,,
8276,sample_prop_name_8276,,,,
8277,sample_prop_name_8277,,,,
8278,sample_prop_name_8278,,,,
8279,sample_prop_name_8279,,,,
8280,sample_prop_name_8280,,,,
8281,sample_prop_name_8281,,,,
8282,sample_prop_name_8282,,,,
8283,sample_prop_name_8283,,,,
8284,sample_prop_name_8284,,,,
8285,sample_prop_name_8285,,,,
8286,sample_prop_name_8286,,,,
8287,sample_prop_name_8121,,114,,
8288,sample_prop_name_8122,,115,,
8289,sample_prop_name_8123,,116,,
8290,sample_prop_name_8290,,,,
8291,sample_prop_name_8291,,,,
8292,sample_prop_name_8292,,,,
8293,sample_prop_name_8293,,,,
8294,sample_prop_name_8294,,,,
8295,sample_prop_name_8295,,,,
8296,sample_prop_name_8296,,,,
8297,sample_prop_name_8297,,,,
8298,sample_prop_name_8298,,,,
8299,sample_prop_name_8299,,,,
8300,sample_prop_name_8300,,,,
8301,sample_prop_name_8301,,,,
8302,sample_prop_name_8302,,,,
8303,sample_prop_name_8303,,,,
8304,sample_prop_name_8304,,,,
8305,sample_prop_name_8305,,,,
8306,sample_prop_name_8306,,,,
8307,sample_prop_name_8307,,,,
8308,sample_prop_name_8308,,,,
8309,sample_prop_name_8309,,,,
8310,sample_prop_name_8310,,,,
8311,sample_prop_name_8311,,,,
8312,sample_prop_name_8312,,,,
8313,sample_prop_name_8313,,,,
8314,sample_prop_name_8314,,,,
8315,sample_prop_name_8315,,,,
8316,sample_prop_name_8316,,,,
8317,sample_prop_name_8317,,,,
8318,sample_prop_name_8318,,,,
8319,sample_prop_name_8319,,,,
8320,sample_prop_name_8320,,,,
8321,sample_prop_name_8321,,,,
8322,sample_prop_name_8322,,,,
8323,sample_prop_name_8323,,,,
8324,sample_prop_name_8324,,,,
8325,sample_prop_name_8325,,,,
8326,sample_prop_name_8326,,,,
8327,sample_prop_name_8327,,,,
8328,sample_prop_name_8328,,,,
8329,sample_prop_name_8329,,,,
8330,sample_prop_name_8330,,,,
8331,sample_prop_name_8331,,,,
8341,sample_prop_name_8341,,,,
8342,sample_prop_name_8342,,,,
8343,sample_prop_name_8343,,,,
8344,sample_prop_name_8344,,,,
8345,sample_prop_name_8345,,,,
8346,sample_prop_name_8346,,,,
8347,sample_prop_name_8347,,,,
8348,sample_prop_name_8348,,,,
8349,sample_prop_name_8349,,,,
8350,sample_prop_name_8350,,,,
8351,sample_prop_name_8351,,,,
8352,sample_prop_name_8352,,,,
8353,sample_prop_name_8353,,,,
8354,sample_prop_name_8354,,,,
8355,sample_prop_name_8355,,,,
