序号,名称,数量,
1,荣誉勋章包,1,
2,小型资源箱,2,
3,中型资源箱,3,
4,大型资源箱,4,
5,加速生产,5,
6,小型铁矿开采,6,
7,小型石油开采,7,
8,小型铅矿开采,8,
9,小型钛矿开采,9,
10,小型水晶开采,10,
11,小型能量盾,11,
12,热核炸药,12,
13,加速前行,13,
14,小型保护盾,14,
15,迁徙令,15,
16,高级迁徙令,16,
17,空中支援,17,
18,机动回避,18,
19,荣誉勋章,19,
20,统率书,20,
21,少量铁锭,21,
22,少量石油,22,
23,少量铅矿,23,
24,少量钛矿,24,
25,少量水晶,25,
26,大量铁锭,26,
27,大量石油,27,
28,大量铅矿,28,
29,大块钛矿,29,
30,大量水晶,30,
31,新手礼包,31,
32,海量铁锭,32,
33,海量石油,33,
34,海量铅矿,34,
35,海量钛矿,35,
36,海量水晶,36,
37,中型铁矿开采,37,
38,中型石油开采,38,
39,中型铅矿开采,39,
40,中型钛矿开采,40,
41,中型水晶开采,41,
42,高能火药,42,
43,大型能量盾,43,
44,极速前行,44,
45,中型保护盾,45,
46,大型保护盾,46,
47,幸运币,47,
48,大荣誉勋章包,48,
49,统率书箱,49,
50,发展宝箱,50,
51,超量钛矿,51,
52,邀请礼包,52,
53,小箱金币,53,
54,中箱金币,54,
55,大箱金币,55,
56,神秘宝箱,56,
57,宝箱钥匙,57,
58,3号芯片匣,58,
59,感恩礼包,59,
60,水晶礼包,60,
61,小有名气礼包,61,
62,呼朋引伴礼包,62,
63,高朋满座礼包,63,
64,英雄集聚礼包,64,
65,独家装甲礼包,65,
66,铁骑礼包,66,
67,先机礼包,67,
68,铁血礼包,68,
69,雷霆礼包,69,
70,辉煌礼包,70,
71,重装礼包,71,
72,神奇礼包,72,
73,希望礼包,73,
74,元气礼包,74,
75,钢弹礼包,75,
76,铁甲礼包,76,
77,捷径礼包,77,
78,突击礼包,78,
79,闪击礼包,79,
80,参谋礼包,80,
81,野望礼包,81,
82,合金礼包,82,
83,武装礼包,83,
84,征伐礼包,84,
85,血火礼包,85,
86,风云礼包,86,
87,彩蛋礼包,87,
88,普通配件箱,88,
89,精良配件箱,89,
90,先进配件箱,90,
91,尖端配件箱,91,
92,军团辉煌礼包,92,
93,军团强袭礼包,93,
94,军团征战礼包,94,
95,军团发展礼包,95,
96,超量水晶,96,
97,超量铁锭,97,
98,超量石油,98,
99,超量铅矿,99,
100,天赐礼包,100,
101,陶瓷装甲，普通配件,101,
102,陶瓷装甲，精良配件,102,
103,陶瓷装甲，先进配件,103,
104,陶瓷装甲，尖端配件,104,
105,炮口制退器，普通配件,105,
106,炮口制退器，精良配件,106,
107,炮口制退器，先进配件,107,
108,炮口制退器，尖端配件,108,
109,记忆合金，普通配件,109,
110,记忆合金，精良配件,110,
111,记忆合金，先进配件,111,
112,记忆合金，尖端配件,112,
113,钨芯弹头，普通配件,113,
114,钨芯弹头，精良配件,114,
115,钨芯弹头，先进配件,115,
116,钨芯弹头，尖端配件,116,
117,陶瓷装甲，普通配件,117,
118,陶瓷装甲，精良配件,118,
119,陶瓷装甲，先进配件,119,
120,陶瓷装甲，尖端配件,120,
121,炮口制退器，普通配件,121,
122,炮口制退器，精良配件,122,
123,炮口制退器，先进配件,123,
124,炮口制退器，尖端配件,124,
125,记忆合金，普通配件,125,
126,记忆合金，精良配件1,126,
127,记忆合金，先进配件,127,
128,记忆合金，尖端配件,128,
129,钨芯弹头，普通配件,129,
130,钨芯弹头，精良配件,130,
131,钨芯弹头，先进配件,131,
132,钨芯弹头，尖端配件,132,
133,陶瓷装甲，普通配件,133,
134,陶瓷装甲，精良配件,134,
135,陶瓷装甲，先进配件,135,
136,陶瓷装甲，尖端配件,136,
137,炮口制退器，普通配件,137,
138,炮口制退器，精良配件,138,
139,炮口制退器，先进配件,139,
140,炮口制退器，尖端配件,140,
141,记忆合金，普通配件,141,
142,记忆合金，精良配件,142,
143,记忆合金，先进配件,143,
144,记忆合金，尖端配件,144,
145,钨芯弹头，普通配件,145,
146,钨芯弹头，精良配件,146,
147,钨芯弹头，先进配件,147,
148,钨芯弹头，尖端配件,148,
149,陶瓷装甲，普通配件,149,
150,陶瓷装甲，精良配件,150,
151,陶瓷装甲，先进配件,151,
152,陶瓷装甲，尖端配件,152,
153,发射制退器，普通配件,153,
154,发射制退器，精良配件,154,
155,发射制退器，先进配件,155,
156,发射制退器，尖端配件,156,
157,记忆合金，普通配件,157,
158,记忆合金，精良配件,158,
159,记忆合金，先进配件,159,
160,记忆合金，尖端配件,160,
161,高爆弹头，普通配件,161,
162,高爆弹头，精良配件,162,
163,高爆弹头，先进配件,163,
164,高爆弹头，尖端配件,164,
165,陶瓷装甲碎片，精良配件,165,
166,陶瓷装甲碎片，先进配件,166,
167,陶瓷装甲碎片，尖端配件,167,
168,炮口制退器碎片，精良配件,168,
169,炮口制退器碎片，先进配件,169,
170,炮口制退器碎片，尖端配件,170,
171,记忆合金碎片，精良配件,171,
172,记忆合金碎片，先进配件,172,
173,记忆合金碎片，尖端配件,173,
174,钨芯弹头碎片，精良配件,174,
175,钨芯弹头碎片，先进配件,175,
176,钨芯弹头碎片，尖端配件,176,
177,陶瓷装甲碎片，精良配件,177,
178,陶瓷装甲碎片，先进配件,178,
179,陶瓷装甲碎片，尖端配件,179,
180,炮口制退器碎片，精良配件,180,
181,炮口制退器碎片，先进配件,181,
182,炮口制退器碎片，尖端配件,182,
183,记忆合金碎片，精良配件,183,
184,记忆合金碎片，先进配件,184,
185,记忆合金碎片，尖端配件,185,
186,钨芯弹头碎片，精良配件,186,
187,钨芯弹头碎片，先进配件,187,
188,钨芯弹头碎片，尖端配件,188,
189,陶瓷装甲碎片，精良配件,189,
190,陶瓷装甲碎片，先进配件,190,
191,陶瓷装甲碎片，尖端配件,191,
192,炮口制退器碎片，精良配件,192,
193,炮口制退器碎片，先进配件,193,
194,炮口制退器碎片，尖端配件,194,
195,记忆合金碎片，精良配件,195,
196,记忆合金碎片，先进配件,196,
197,记忆合金碎片，尖端配件,197,
198,钨芯弹头碎片，精良配件,198,
199,钨芯弹头碎片，先进配件,199,
200,钨芯弹头碎片，尖端配件,200,
201,陶瓷装甲碎片，精良配件,201,
202,陶瓷装甲碎片，先进配件,202,
203,陶瓷装甲碎片，尖端配件,203,
204,发射制退器碎片，精良配件,204,
205,发射制退器碎片，先进配件,205,
206,发射制退器碎片，尖端配件,206,
207,记忆合金碎片，精良配件,207,
208,记忆合金碎片，先进配件,208,
209,记忆合金碎片，尖端配件,209,
210,高爆弹头碎片，精良配件,210,
211,高爆弹头碎片，先进配件,211,
212,高爆弹头碎片，尖端配件,212,
213,强化补给包,213,
214,万能碎片,214,
215,小有名气礼包,215,
216,呼朋引伴礼包,216,
217,高朋满座礼包,217,
218,英雄集聚礼包,218,
219,豪华新手礼包,219,
220,1000金币,220,
221,黑鹰礼包,221,
222,黑鹰出击,222,
223,T-90,223,
224,黑鹰,224,
225,突击虎,225,
226,鼠式坦克,226,
227,轻型坦克,227,
228,中型坦克,228,
229,重型坦克,229,
230,豹式坦克,230,
231,天启坦克,231,
232,轻型歼击车,232,
233,中型歼击车,233,
234,重型歼击车,234,
235,追猎者歼击车,235,
236,猛虎歼击车,236,
237,轻型自行火炮,237,
238,中型自行火炮,238,
239,重型自行火炮,239,
240,野蜂自行火炮,240,
241,黑豹自行火炮,241,
242,轻型火箭车,242,
243,中型火箭车,243,
244,重型火箭车,244,
245,冰雹火箭车,245,
246,尖啸者火箭车,246,
247,青铜宝箱,247,
248,白银宝箱,248,
249,黄金宝箱,249,
250,精良碎片箱,250,
251,先进碎片箱,251,
252,卡夫卡的普通配件箱,252,
253,卡夫卡的精良配件箱,253,
254,卡夫卡的先进配件箱,254,
255,卡夫卡的尖端配件箱,255,
256,青铜军功章,256,
257,白银军功章,257,
258,黄金军功章,258,
259,设计蓝图,259,
260,神秘矿物,260,
261,电钻,261,
262,复原图纸,262,
263,工具箱,263,
264,零件*20,264,
265,零件*100,265,
266,零件*500,266,
267,零件*2000,267,
268,零件*10000,268,
269,铁质军功章,269,
270,小箱幸运币,270,
271,大箱幸运币,271,
272,小型资源开采包,272,
273,中型资源开采包,273,
274,加速礼包,274,
275,演习礼包,275,
276,演习令,276,
277,5星司令,277,
278,4星将军,278,
279,3星中将,279,
280,坦克币,280,
281,反应装甲，普通配件,281,
282,反应装甲，精良配件,282,
283,反应装甲，先进配件,283,
284,反应装甲，尖端配件,284,
285,仪表盘，普通配件,285,
286,仪表盘，精良配件,286,
287,仪表盘，先进配件,287,
288,仪表盘，尖端配件,288,
289,反应装甲，普通配件,289,
290,反应装甲，精良配件,290,
291,反应装甲，先进配件,291,
292,反应装甲，尖端配件,292,
293,仪表盘，普通配件,293,
294,仪表盘，精良配件,294,
295,仪表盘，先进配件,295,
296,仪表盘，尖端配件,296,
297,反应装甲，普通配件,297,
298,反应装甲，精良配件,298,
299,反应装甲，先进配件,299,
300,反应装甲，尖端配件,300,
301,仪表盘，普通配件,301,
302,仪表盘，精良配件,302,
303,仪表盘，先进配件,303,
304,仪表盘，尖端配件,304,
305,反应装甲，普通配件,305,
306,反应装甲，精良配件,306,
307,反应装甲，先进配件,307,
308,反应装甲，尖端配件,308,
309,仪表盘，普通配件,309,
310,仪表盘，精良配件,310,
311,仪表盘，先进配件,311,
312,仪表盘，尖端配件,312,
313,反应装甲碎片，普通配件,313,
314,反应装甲碎片，精良配件,314,
315,反应装甲碎片，先进配件,315,
316,反应装甲碎片，尖端配件,316,
317,仪表盘碎片，普通配件,317,
318,仪表盘碎片，精良配件,318,
319,仪表盘碎片，先进配件,319,
320,仪表盘碎片，尖端配件,320,
321,反应装甲碎片，普通配件,321,
322,反应装甲碎片，精良配件,322,
323,反应装甲碎片，先进配件,323,
324,反应装甲碎片，尖端配件,324,
325,仪表盘碎片，普通配件,325,
326,仪表盘碎片，精良配件,326,
327,仪表盘碎片，先进配件,327,
328,仪表盘碎片，尖端配件,328,
329,反应装甲碎片，普通配件,329,
330,反应装甲碎片，精良配件,330,
331,反应装甲碎片，先进配件,331,
332,反应装甲碎片，尖端配件,332,
333,仪表盘碎片，普通配件,333,
334,仪表盘碎片，精良配件,334,
335,仪表盘碎片，先进配件,335,
336,仪表盘碎片，尖端配件,336,
337,反应装甲碎片，普通配件,337,
338,反应装甲碎片，精良配件,338,
339,反应装甲碎片，先进配件,339,
340,反应装甲碎片，尖端配件,340,
341,仪表盘碎片，普通配件,341,
342,仪表盘碎片，精良配件,342,
343,仪表盘碎片，先进配件,343,
344,仪表盘碎片，尖端配件,344,
345,神秘军需箱,345,
346,黄金军需箱,346,
347,白银军需箱,347,
348,铁质军需箱,348,
349,木质军需箱,349,
350,小型军需箱,350,
351,金币礼包（小）,351,
352,金币礼包（中）,352,
353,金币礼包（大）,353,
354,小荣誉勋章包,354,
355,火控核芯,355,
356,聚变核芯,356,
357,导航核芯,357,
358,爆燃核芯,358,
359,火控核芯箱,359,
360,聚变核芯箱,360,
361,导航核芯箱,361,
362,爆燃核芯箱,362,
363,火控核芯集装箱,363,
364,聚变核芯集装箱,364,
365,导航核芯集装箱,365,
366,爆燃核芯集装箱,366,
367,复原药水,367,
368,模糊不清的藏宝图,368,
369,完整的藏宝图,369,
370,卡夫卡的终极大礼,370,
371,间谍雷达,371,
372,力场芯片,372,
373,蓄能芯片,373,
374,制导芯片,374,
375,聚裂芯片,375,
376,寻踪芯片,376,
377,坦克宝箱,377,
378,高级坦克宝箱,378,
379,配件补充包,379,
380,10金币宝箱,380,
381,100金币宝箱,381,
382,1000金币宝箱,382,
383,热核炸药II,383,
384,小型能量盾II,384,
385,加速前行II,385,
386,高能火药II,386,
387,大型能量盾II,387,
388,极速前行II,388,
389,命中提升,389,
390,闪避提升,390,
391,暴击提升,391,
392,装甲提升,392,
393,命中提升II,393,
394,闪避提升II,394,
395,暴击提升II,395,
396,装甲提升II,396,
397,加速生产II,397,
398,小型铁矿开采II,398,
399,小型石油开采II,399,
400,小型铅矿开采II,400,
401,小型钛矿开采II,401,
402,小型水晶开采II,402,
403,中型铁矿开采II,403,
404,中型石油开采II,404,
405,中型铅矿开采II,405,
406,中型钛矿开采II,406,
407,中型水晶开采II,407,
408,初级将领经验书,408,
409,中级将领经验书,409,
410,高级将领经验书,410,
411,专家将领经验书,411,
412,大师将领经验书,412,
413,初级装备图纸,413,
414,初级装备图纸+1,414,
415,初级装备图纸+2,415,
416,中级装备图纸,416,
417,中级装备图纸+1,417,
418,中级装备图纸+2,418,
419,中级装备图纸+3,419,
420,高级装备图纸,420,
421,高级装备图纸+1,421,
422,高级装备图纸+2,422,
423,高级装备图纸+3,423,
424,高级装备图纸+4,424,
425,大师装备图纸,425,
426,大师装备图纸+1,426,
427,大师装备图纸+2,427,
428,大师装备图纸+3,428,
429,大师装备图纸+4,429,
430,大师装备图纸+5,430,
431,碧绿肩章,431,
432,碧绿臂章,432,
433,碧绿勋带,433,
434,湛蓝肩章,434,
435,湛蓝臂章,435,
436,湛蓝勋带,436,
437,紫罗兰肩章,437,
438,紫罗兰臂章,438,
439,紫罗兰勋带,439,
440,黄金肩章,440,
441,黄金臂章,441,
442,黄金勋带,442,
443,精工石,443,
444,铁血战术讲义,444,
445,荣誉战术讲义,445,
446,坚毅战术讲义,446,
447,猎鹰奖章,447,
448,猛虎奖章,448,
449,狡狐奖章,449,
450,沙狐权杖,450,
451,铁甲权杖,451,
452,闪击权杖,452,
453,火炮权杖,453,
454,英雄指挥刀,454,
455,荣耀指挥刀,455,
456,坚毅指挥刀,456,
457,血胆配剑,457,
458,统御配剑,458,
459,改革配剑,459,
460,自由配剑,460,
461,追猎配剑,461,
462,复合装甲，普通配件,462,
463,复合装甲，精良配件,463,
464,复合装甲，先进配件,464,
465,复合装甲，尖端配件,465,
466,火控装置，普通配件,466,
467,火控装置，精良配件,467,
468,火控装置，先进配件,468,
469,火控装置，尖端配件,469,
470,复合装甲，普通配件,470,
471,复合装甲，精良配件,471,
472,复合装甲，先进配件,472,
473,复合装甲，尖端配件,473,
474,火控装置，普通配件,474,
475,火控装置，精良配件,475,
476,火控装置，先进配件,476,
477,火控装置，尖端配件,477,
478,复合装甲，普通配件,478,
479,复合装甲，精良配件,479,
480,复合装甲，先进配件,480,
481,复合装甲，尖端配件,481,
482,火控装置，普通配件,482,
483,火控装置，精良配件,483,
484,火控装置，先进配件,484,
485,火控装置，尖端配件,485,
486,复合装甲，普通配件,486,
487,复合装甲，精良配件,487,
488,复合装甲，先进配件,488,
489,复合装甲，尖端配件,489,
490,火控装置，普通配件,490,
491,火控装置，精良配件,491,
492,火控装置，先进配件,492,
493,火控装置，尖端配件,493,
494,复合装甲碎片，普通配件,494,
495,复合装甲碎片，精良配件,495,
496,复合装甲碎片，先进配件,496,
497,复合装甲碎片，尖端配件,497,
498,火控装置碎片，普通配件,498,
499,火控装置碎片，精良配件,499,
500,火控装置碎片，先进配件,500,
501,火控装置碎片，尖端配件,501,
502,复合装甲碎片，普通配件,502,
503,复合装甲碎片，精良配件,503,
504,复合装甲碎片，先进配件,504,
505,复合装甲碎片，尖端配件,505,
506,火控装置碎片，普通配件,506,
507,火控装置碎片，精良配件,507,
508,火控装置碎片，先进配件,508,
509,火控装置碎片，尖端配件,509,
510,复合装甲碎片，普通配件,510,
511,复合装甲碎片，精良配件,511,
512,复合装甲碎片，先进配件,512,
513,复合装甲碎片，尖端配件,513,
514,火控装置碎片，普通配件,514,
515,火控装置碎片，精良配件,515,
516,火控装置碎片，先进配件,516,
517,火控装置碎片，尖端配件,517,
518,复合装甲碎片，普通配件,518,
519,复合装甲碎片，精良配件,519,
520,复合装甲碎片，先进配件,520,
521,复合装甲碎片，尖端配件,521,
522,火控装置碎片，普通配件,522,
523,火控装置碎片，精良配件,523,
524,火控装置碎片，先进配件,524,
525,火控装置碎片，尖端配件,525,
526,卡夫卡的普通配件箱改,526,
527,卡夫卡的精良配件箱改,527,
528,卡夫卡的先进配件箱改,528,
529,卡夫卡的尖端配件箱改,529,
530,1号新式碎片箱,530,
531,2号新式碎片箱,531,
532,1号尖端配件箱,532,
533,2号尖端配件箱,533,
534,虎王坦克,534,
535,斗狼歼击车,535,
536,猛犸自行火炮,536,
537,怒狮火箭车,537,
538,飓风火箭车,538,
539,59式坦克,539,
540,配件进化包,540,
541,坦克进化包,541,
542,角色进化包,542,
543,积分,543,
544,精锐勋章,544,
545,紫金勋章,545,
546,铜质装甲勋章,546,
547,银质装甲勋章,547,
548,金质装甲勋章,548,
549,装甲作战学说,549,
550,地势作战学说,550,
551,作战支撑学说,551,
552,指挥体系学说,552,
553,部队掌握学说,553,
554,战线推进学说,554,
555,部队编组学说,555,
556,士官训练学说,556,
557,初级指挥心得,557,
558,初级坚韧心得,558,
559,初级精准心得,559,
560,初级闪避心得,560,
561,初级暴击心得,561,
562,初级装甲心得,562,
563,初级决战心得,563,
564,中级指挥心得,564,
565,中级坚韧心得,565,
566,中级精准心得,566,
567,中级闪避心得,567,
568,中级暴击心得,568,
569,中级装甲心得,569,
570,中级决战心得,570,
571,高级指挥心得,571,
572,高级坚韧心得,572,
573,高级精准心得,573,
574,高级闪避心得,574,
575,高级暴击心得,575,
576,高级装甲心得,576,
577,高级决战心得,577,
578,专家指挥心得,578,
579,专家坚韧心得,579,
580,专家精准心得,580,
581,专家闪避心得,581,
582,专家暴击心得,582,
583,专家装甲心得,583,
584,专家决战心得,584,
585,大师指挥心得,585,
586,大师坚韧心得,586,
587,大师精准心得,587,
588,大师闪避心得,588,
589,大师暴击心得,589,
590,大师装甲心得,590,
591,大师决战心得,591,
592,微型资源箱,592,
593,巨型资源箱,593,
594,海量资源箱,594,
595,超级资源箱,595,
596,配件改造包,596,
597,功勋宝箱,597,
598,终极配件包,598,
599,无穷资源包,599,
600,天启四骑士,600,
601,狂怒,601,
602,200金币礼包,602,
603,500金币礼包,603,
604,10元启程礼包,604,
605,20元作战礼包,605,
606,30元进阶礼包,606,
607,特惠海量铁锭,607,
608,特惠海量石油,608,
609,特惠海量铅矿,609,
610,特惠海量钛矿,610,
611,特惠海量水晶,611,
612,特惠小型能量盾包,612,
613,特惠热核炸药包,613,
614,特惠加速前行包,614,
615,特惠空中支援包,615,
616,特惠机动回避包,616,
617,特惠小型资源箱,617,
618,特惠中型资源箱,618,
619,特惠大型资源箱,619,
620,特惠迁徙令包,620,
621,特惠高级迁徙令包,621,
622,特惠荣誉勋章包,622,
623,特惠统率书包,623,
624,特惠幸运币包,624,
625,隆美尔魂石箱,625,
626,古德里安魂石箱,626,
627,曼施坦因魂石箱,627,
628,魏特曼魂石箱,628,
629,梅耶魂石箱,629,
630,克莱斯特魂石箱,630,
631,曼陀菲尔魂石箱,631,
632,迪特里希魂石箱,632,
633,布劳希奇魂石箱,633,
634,隆德施泰德魂石箱,634,
635,豪赛尔魂石箱,635,
636,莫德尔魂石箱,636,
637,朱可夫魂石箱,637,
638,崔可夫魂石箱,638,
639,铁木辛哥魂石箱,639,
640,叶廖缅科魂石箱,640,
641,科涅夫魂石箱,641,
642,罗科索夫斯基魂石箱,642,
643,图哈切夫斯基魂石箱,643,
644,华西列夫斯基魂石箱,644,
645,安东诺夫魂石箱,645,
646,瓦连佐夫魂石箱,646,
647,马利诺夫斯基魂石箱,647,
648,巴顿魂石箱,648,
649,艾森豪威尔魂石箱,649,
650,麦克阿瑟魂石箱,650,
651,布莱德雷魂石箱,651,
652,艾布拉姆斯魂石箱,652,
653,马歇尔魂石箱,653,
654,戴高乐魂石箱,654,
655,甘末林魂石箱,655,
656,蒙哥马利魂石箱,656,
657,斯利姆魂石箱,657,
658,韦维尔魂石箱,658,
659,布鲁克魂石箱,659,
660,曼纳海姆魂石箱,660,
661,梅塞魂石箱,661,
662,弗朗哥魂石箱,662,
663,铁托魂石箱,663,
664,瓦尔特魂石箱,664,
665,sample_prop_name_741,665,
666,sample_prop_name_742,666,
667,sample_prop_name_743,667,
668,sample_prop_name_744,668,
669,sample_prop_name_745,669,
670,sample_prop_name_746,670,
671,sample_prop_name_747,671,
672,sample_prop_name_748,672,
673,sample_prop_name_749,673,
674,sample_prop_name_750,674,
675,隆美尔大魂石箱,675,
676,古德里安大魂石箱,676,
677,曼施坦因大魂石箱,677,
678,魏特曼大魂石箱,678,
679,梅耶大魂石箱,679,
680,克莱斯特大魂石箱,680,
681,曼陀菲尔大魂石箱,681,
682,迪特里希大魂石箱,682,
683,布劳希奇大魂石箱,683,
684,隆德施泰德大魂石箱,684,
685,豪赛尔大魂石箱,685,
686,莫德尔大魂石箱,686,
687,朱可夫大魂石箱,687,
688,崔可夫大魂石箱,688,
689,铁木辛哥大魂石箱,689,
690,叶廖缅科大魂石箱,690,
691,科涅夫大魂石箱,691,
692,罗科索夫斯基大魂石箱,692,
693,图哈切夫斯基大魂石箱,693,
694,华西列夫斯基大魂石箱,694,
695,安东诺夫大魂石箱,695,
696,瓦连佐夫大魂石箱,696,
697,马利诺夫斯基大魂石箱,697,
698,巴顿大魂石箱,698,
699,艾森豪威尔大魂石箱,699,
700,麦克阿瑟大魂石箱,700,
701,布莱德雷大魂石箱,701,
702,艾布拉姆斯大魂石箱,702,
703,马歇尔大魂石箱,703,
704,戴高乐大魂石箱,704,
705,甘末林大魂石箱,705,
706,蒙哥马利大魂石箱,706,
707,斯利姆大魂石箱,707,
708,韦维尔大魂石箱,708,
709,布鲁克大魂石箱,709,
710,曼纳海姆大魂石箱,710,
711,梅塞大魂石箱,711,
712,弗朗哥大魂石箱,712,
713,铁托大魂石箱,713,
714,瓦尔特大魂石箱,714,
715,sample_prop_name_791,715,
716,sample_prop_name_792,716,
717,sample_prop_name_793,717,
718,sample_prop_name_794,718,
719,sample_prop_name_795,719,
720,sample_prop_name_796,720,
721,sample_prop_name_797,721,
722,sample_prop_name_798,722,
723,sample_prop_name_799,723,
724,sample_prop_name_800,724,
725,四兽礼包,725,
726,卡夫卡的馈赠,726,
727,卡夫卡的礼物,727,
728,熔炼核心,728,
729,1号普通配件箱,729,
730,1号精良碎片箱,730,
731,1号先进碎片箱,731,
732,2号普通配件箱,732,
733,2号精良碎片箱,733,
734,2号先进碎片箱,734,
735,3号普通碎片箱,735,
736,3号精良碎片箱,736,
737,3号先进碎片箱,737,
738,4号普通碎片箱,738,
739,4号精良碎片箱,739,
740,4号先进碎片箱,740,
741,核芯储备包,741,
742,名将魂石箱,742,
743,将领魂石箱,743,
744,T-99,744,
745,秃鹫,745,
746,战象自行火炮,746,
747,巨鼠坦克,747,
748,沙暴火箭车,748,
749,99式坦克,749,
750,萤火虫坦克,750,
751,虎II式坦克,751,
752,异星晶尘资源箱,752,
753,异星晶岩资源箱,753,
754,异星晶核资源箱,754,
755,催化剂资源箱,755,
756,稳定剂资源箱,756,
757,润滑剂资源箱,757,
758,将领邀请函,758,
759,坚韧芯片,759,
760,追击芯片,760,
761,威势芯片,761,
762,VIP0超值礼包,762,
763,VIP1超值礼包,763,
764,VIP2超值礼包,764,
765,VIP3超值礼包,765,
766,VIP4超值礼包,766,
767,VIP5超值礼包,767,
768,VIP6超值礼包,768,
769,VIP7超值礼包,769,
770,VIP8超值礼包,770,
771,VIP9超值礼包,771,
772,VIP10超值礼包,772,
773,VIP0免费礼包,773,
774,VIP1免费礼包,774,
775,VIP2免费礼包,775,
776,VIP3免费礼包,776,
777,VIP4免费礼包,777,
778,VIP5免费礼包,778,
779,VIP6免费礼包,779,
780,VIP7免费礼包,780,
781,VIP8免费礼包,781,
782,VIP9免费礼包,782,
783,VIP10免费礼包,783,
784,普通晶体箱,784,
785,高级晶体箱,785,
786,进阶晶体箱,786,
787,精锐勋章包,787,
788,谢尔曼,788,
789,虎式坦克,789,
790,铁十字勋章,790,
791,异星晶尘箱,791,
792,异星晶岩箱,792,
793,异星晶核箱,793,
794,催化剂箱,794,
795,稳定剂箱,795,
796,润滑剂箱,796,
797,迷彩芯片,797,
798,电磁芯片,798,
799,腐蚀芯片,799,
800,地质芯片,800,
801,1号芯片匣,801,
802,2号芯片匣,802,
803,α改造器,803,
804,广告礼包,804,
805,改造工具箱,805,
806,虎王咆哮,806,
807,怒狮来袭,807,
808,改造整合包,808,
809,高级战术礼包,809,
810,巨炮大礼包,810,
811,神秘军需包,811,
812,黄金军需包,812,
813,白银军需包,813,
814,铁质军需包,814,
815,木质军需包,815,
816,小型军需包,816,
817,圣代头像,817,
818,恶魔之吻,818,
819,称号礼包,819,
820,sample_prop_name_896,820,
821,抗战英雄头像,821,
822,抗战巾帼头像,822,
823,sample_prop_name_899,823,
824,sample_prop_name_900,824,
825,小随机资源包,825,
826,随机资源包,826,
827,运载箱秘钥,827,
828,配件运载箱,828,
829,萤火虫改,829,
830,秃鹫改,830,
831,小阿玛塔,831,
832,T-14阿玛塔,832,
833,电能坦克,833,
834,磁暴坦克,834,
835,体力药剂,835,
836,免战牌,836,
837,随机武器蓝图,837,
838,高级武器蓝图,838,
839,随机结晶Lv1,839,
840,随机结晶Lv2,840,
841,随机结晶Lv3,841,
842,随机结晶Lv4,842,
843,随机结晶Lv5,843,
844,随机结晶Lv6,844,
845,随机结晶Lv7,845,
846,随机结晶Lv8,846,
847,随机结晶Lv9,847,
848,随机结晶Lv10,848,
849,卡夫卡的秘密礼包,849,
850,阅兵至尊礼包,850,
851,百团大战,851,
852,电钻集装箱,852,
853,神秘矿物集装箱,853,
854,设计蓝图集装箱,854,
855,国庆神秘礼包,855,
856,研究报告,856,
857,精工石碎片,857,
858,催化剂,858,
859,稳定剂,859,
860,润滑剂,860,
861,统帅指挥刀,861,
862,扩充权杖,862,
863,亲和佩剑,863,
864,决策指挥刀,864,
865,铁血指挥刀,865,
866,征服权杖,866,
867,荣耀佩剑,867,
868,坚毅佩剑,868,
869,冲锋佩剑,869,
870,统帅佩剑,870,
871,电磁轨道炮,871,
872,伤害转移阵列,872,
873,红汞弹头,873,
874,弹道加速器,874,
875,护盾干扰器,875,
876,多层纳米装甲,876,
877,上帝之杖,877,
878,超级计算机,878,
879,sample_prop_name_955,879,
880,sample_prop_name_956,880,
881,sample_prop_name_957,881,
882,sample_prop_name_958,882,
883,高级心得包,883,
884,专家心得包,884,
885,上级心得包,885,
886,天梯兑换券,886,
887,99A式坦克,887,
888,虎III式坦克,888,
889,红箭-7,889,
890,红箭-8,890,
891,红箭-10,891,
892,隼式,892,
893,德国科技能量,893,
894,俄国科技能量,894,
895,美国科技能量,895,
896,中国科技能量,896,
897,任务点,897,
898,军团贡献,898,
899,特级产量增加,899,
900,产量增加,900,
901,军团科技点数,901,
902,周年庆典福,902,
903,sample_prop_name_979,903,
904,sample_prop_name_980,904,
905,普通坦克宝箱,905,
906,精良坦克宝箱,906,
907,先进坦克宝箱,907,
908,sample_prop_name_984,908,
909,sample_prop_name_985,909,
910,sample_prop_name_986,910,
911,sample_prop_name_987,911,
912,先进特战坦克宝箱,912,
913,尖端特战坦克宝箱,913,
914,sample_prop_name_990,914,
915,未鉴定的科技能量,915,
916,竞技勋章测试道具,916,
917,远征积分测试道具,917,
918,3号芯片匣,918,
919,3号芯片匣,919,
920,3号芯片匣,920,
921,3号芯片匣,921,
922,战车礼包,922,
923,战车礼包,923,
924,未鉴定的科技能量,924,
925,竞技勋章测试道具,925,
926,奇妙礼包,926,
927,奇妙礼包,927,
928,天启礼包,928,
929,天启礼包,929,
930,黑鹰礼包,930,
931,黑鹰礼包,931,
932,尊享礼包,932,
933,尊享礼包,933,
934,配件补给包,934,
935,配件补给包,935,
936,精良补给包,936,
937,精良补给包,937,
938,好评礼包,938,
939,心思缜密礼包,939,
940,才高八斗礼包,940,
941,超值礼包,941,
942,分享礼包,942,
943,劲爆礼包,943,
944,炫酷礼包,944,
945,缤纷礼包,945,
946,神秘大奖,946,
947,4级礼包,947,
948,10级礼包,948,
949,15级礼包,949,
950,20级礼包,950,
951,勇气礼包,951,
952,胜利礼包,952,
953,世界波礼包,953,
954,先锋礼包,954,
955,精英礼包,955,
956,狐狸礼包,956,
957,黑狼礼包,957,
958,蝎子礼包,958,
959,毒蛇礼包,959,
960,眼镜蛇礼包,960,
961,猎鹰礼包,961,
962,灰熊礼包,962,
963,黑豹礼包,963,
964,老虎礼包,964,
965,海豹礼包,965,
966,咆哮礼包,966,
967,秩序礼包,967,
968,中级战车礼包,968,
969,高级战车礼包,969,
970,豹式坦克礼包,970,
971,复仇者礼包,971,
972,物资礼包,972,
973,高级物资礼包,973,
974,幸运大奖！,974,
975,一等奖礼包,975,
976,二等奖礼包,976,
977,三等奖礼包,977,
978,四等奖礼包,978,
979,五等奖礼包,979,
980,六等奖礼包,980,
981,七等奖礼包,981,
982,重装礼包,982,
983,指挥官礼包,983,
984,重型礼包,984,
985,添加礼包,985,
986,分享礼包,986,
987,星痕礼包,987,
988,幸运礼包,988,
989,集结礼包,989,
990,火力礼包,990,
991,评价礼包,991,
992,精密配件大礼包,992,
993,封测参与礼包,993,
994,封测豪华礼包,994,
995,赛前招募,995,
996,1级礼包,996,
997,3级礼包,997,
998,5级礼包,998,
999,8级礼包,999,
1000,10级礼包,1000,
1001,15级礼包,1001,
1002,20级礼包,1002,
1003,周年庆礼包,1003,
1004,贵宾礼包,1004,
1005,国庆节日礼包,1005,
1006,10倍礼包,1006,
1007,飓风礼包,1007,
1008,光棍礼包,1008,
1009,光复礼包,1009,
1010,感恩节礼包,1010,
1011,建筑资源宝箱,1011,
1012,战斗资源宝箱,1012,
1013,圣诞狂欢节礼包,1013,
1014,斗狼礼包,1014,
1015,猛犸礼包,1015,
1016,就绪礼包,1016,
1017,铸甲礼包,1017,
1018,兵戎礼包,1018,
1019,赤地礼包,1019,
1020,狂澜礼包,1020,
1021,行伍礼包,1021,
1022,磨灭礼包,1022,
1023,烽火礼包,1023,
1024,双“蛋”礼包,1024,
1025,奠基礼包,1025,
1026,弹雨礼包,1026,
1027,岁月礼包,1027,
1028,纵横礼包,1028,
1029,沙场礼包,1029,
1030,天下礼包,1030,
1031,东行礼包,1031,
1032,仁义礼包,1032,
1033,铁马礼包,1033,
1034,峥嵘礼包,1034,
1035,应用宝礼包,1035,
1036,Gstar奠基礼包,1036,
1037,Gstar强兵礼包,1037,
1038,Gstar豪华战车礼包,1038,
1039,大吉大利礼包,1039,
1040,迎新礼包,1040,
1041,福气安康礼包,1041,
1042,阖家欢乐礼包,1042,
1043,一帆风顺礼包,1043,
1044,二龙腾飞礼包,1044,
1045,三羊开泰礼包,1045,
1046,四季平安礼包,1046,
1047,五福临门礼包,1047,
1048,六六大顺礼包,1048,
1049,七星高照礼包,1049,
1050,八方来财礼包,1050,
1051,九九同心礼包,1051,
1052,喜气羊羊礼包,1052,
1053,应用宝礼包,1053,
1054,阖家欢乐宝箱,1054,
1055,一帆风顺宝箱,1055,
1056,三羊开泰宝箱,1056,
1057,四季平安宝箱,1057,
1058,五福临门宝箱,1058,
1059,六六大顺宝箱,1059,
1060,七星高照宝箱,1060,
1061,八方来财宝箱,1061,
1062,九九同心宝箱,1062,
1063,喜气羊羊宝箱,1063,
1064,应用宝礼包,1064,
1065,应用宝礼包,1065,
1066,应用宝礼包,1066,
1067,情人节礼包,1067,
1068,贺岁礼包,1068,
1069,新春红包,1069,
1070,羊年大吉,1070,
1071,万福礼包,1071,
1072,周年庆军事礼包,1072,
1073,周年庆科研礼包,1073,
1074,周年庆远征礼包,1074,
1075,周年庆烟花礼包,1075,
1076,周年庆星光礼包,1076,
1077,周年庆作战礼包,1077,
1078,周年庆钢弹礼包,1078,
1079,周年庆贺岁礼包,1079,
1080,周年庆分享礼包,1080,
1081,复活节礼包,1081,
1082,兔子礼包,1082,
1083,烟火礼包,1083,
1084,攻击礼包,1084,
1085,改造礼包,1085,
1086,将领礼包,1086,
1087,帝王尊享礼包,1087,
1088,军备礼包,1088,
1089,海德拉礼包,1089,
1090,E会员纳入礼包,1090,
1091,E会员游戏体验礼包,1091,
1092,点兵礼包,1092,
1093,全胜礼包,1093,
1094,昂扬礼包,1094,
1095,斗志礼包,1095,
1096,名就礼包,1096,
1097,实弹礼包,1097,
1098,长征礼包,1098,
1099,千军礼包,1099,
1100,成功礼包,1100,
1101,E会员通用礼包,1101,
1102,E会员生日礼包,1102,
1103,劳动节礼包,1103,
1104,劳动奉献礼包,1104,
1105,母亲节礼包,1105,
1106,母亲节感恩礼包,1106,
1107,儿童节礼包,1107,
1108,快乐儿童节礼包,1108,
1109,端午节礼包,1109,
1110,粽子礼包,1110,
1111,应用宝新手礼包,1111,
1112,应用宝10级礼包,1112,
1113,应用宝15级礼包,1113,
1114,应用宝20级礼包,1114,
1115,应用宝30级礼包,1115,
1116,应用宝登陆礼包,1116,
1117,任务集市新手奖励,1117,
1118,任务集市10级奖励,1118,
1119,任务集市15级奖励,1119,
1120,连续三天登陆礼包,1120,
1121,任务集市30级奖励,1121,
1122,铁骑宝箱,1122,
1123,先机宝箱,1123,
1124,铁血宝箱,1124,
1125,雷霆宝箱,1125,
1126,辉煌宝箱,1126,
1127,战车宝箱,1127,
1128,战车礼箱,1128,
1129,神奇宝箱,1129,
1130,重装宝箱,1130,
1131,希望宝箱,1131,
1132,特战礼包,1132,
1133,装甲宝箱,1133,
1134,装甲宝箱,1134,
1135,装甲宝箱,1135,
1136,装甲宝箱,1136,
1137,强力礼包,1137,
1138,黑鹰宝箱,1138,
1139,尊享宝箱,1139,
1140,尊享礼箱,1140,
1141,一帆风顺礼箱,1141,
1142,二龙腾飞礼箱,1142,
1143,三羊开泰礼箱,1143,
1144,四季平安礼箱,1144,
1145,五福临门礼箱,1145,
1146,六六大顺礼箱,1146,
1147,七星高照礼箱,1147,
1148,八方来财礼箱,1148,
1149,九九同心礼箱,1149,
1150,CJ尊享礼包,1150,
1151,微信关注礼包,1151,
1152,微信注册礼包,1152,
1153,借兵礼包,1153,
1154,善战礼包,1154,
1155,英勇礼包,1155,
1156,光耀礼包,1156,
1157,卸甲礼包,1157,
1158,勇者礼包,1158,
1159,速战礼包,1159,
1160,卓越礼包,1160,
1161,星尘礼包,1161,
1162,紫金礼包,1162,
1163,学说礼包,1163,
1164,尊敬礼包,1164,
1165,凯旋礼包,1165,
1166,开心礼包,1166,
1167,百世礼包,1167,
1168,挥师礼包,1168,
1169,血气礼包,1169,
1170,极速礼包,1170,
1171,专家礼包,1171,
1172,vip大礼包,1172,
1173,陨星礼包,1173,
1174,圣剑礼包,1174,
1175,撕裂者礼包,1175,
1176,鸡动礼包,1176,
1177,传奇礼包,1177,
1178,夕阳礼包,1178,
1179,星级推荐礼包,1179,
1180,豪华推荐礼包,1180,
1181,白金推荐礼包,1181,
1182,Efun专属礼包,1182,
1183,前线哨站,1183,
1184,正义追击,1184,
1185,浩瀚征途,1185,
1186,潜伏礼包,1186,
1187,冥想礼包,1187,
1188,勇士礼包,1188,
1189,完美礼包,1189,
1190,光辉礼包,1190,
1191,VIP军需大礼包,1191,
1192,回归大礼包,1192,
1193,决战礼包,1193,
1194,远征礼包,1194,
1195,争霸礼包,1195,
1196,储值回馈礼包1,1196,
1197,储值回馈礼包2,1197,
1198,储值回馈礼包3,1198,
1199,储值回馈礼包4,1199,
1200,储值回馈礼包5,1200,
1201,圣诞礼包,1201,
1202,圣诞稀有礼包,1202,
1203,圣诞限量礼包,1203,
1204,圣诞高额礼包,1204,
1205,超值礼包,1205,
1206,初号机大礼,1206,
1207,II号机大礼,1207,
1208,远程制导,1208,
1209,循环打击,1209,
1210,火线出击,1210,
1211,X-计划,1211,
1212,绝密档案,1212,
1213,M-day,1213,
1214,大决战,1214,
1215,双旦礼包,1215,
1216,vip月度礼包,1216,
1217,新年迎春礼包,1217,
1218,畅游券礼包,1218,
1219,海豹礼包,1219,
1220,速战礼包,1220,
1221,神秘大奖,1221,
1222,咆哮礼包,1222,
1223,幸运大奖,1223,
1224,勇者礼包,1224,
1225,新年迎春礼包,1225,
1226,畅游券礼包,1226,
1227,暖冬礼包,1227,
1228,新春礼包,1228,
1229,军火礼包,1229,
1230,荣誉礼包,1230,
1231,福缘宝箱,1231,
1232,蓝翔礼包,1232,
1233,三相之力礼包,1233,
1234,红燕礼包,1234,
1235,良辰礼包,1235,
1236,军团胜利礼包,1236,
1237,军团支援礼包,1237,
1238,每日礼包,1238,
1239,新手礼包,1239,
1240,10级礼包,1240,
1241,15级礼包,1241,
1242,20级礼包,1242,
1243,30级礼包,1243,
1244,猴年小礼,1244,
1245,新年联促一重奏,1245,
1246,新年联促二重奏,1246,
1247,新年联促三重奏,1247,
1248,罗盘礼包,1248,
1249,军情七处,1249,
1250,敞亮礼包,1250,
1251,静默礼包,1251,
1252,菱形战术,1252,
1253,闪光弹礼包,1253,
1254,黑洞装甲,1254,
1255,交叉火力,1255,
1256,满载礼包,1256,
1257,谷雨礼包,1257,
1258,绿色预热礼包,1258,
1259,全家-暑期專屬A,1259,
1260,全家-暑期專屬B,1260,
1261,全球发展礼包,1261,
1262,融合齿轮宝箱,1262,
1263,火力芯片,1263,
1264,熔炼核心碎片礼包,1264,
1265,微量小资源箱,1265,
1266,微量中资源箱,1266,
1267,微量大资源箱,1267,
1268,T34火箭车,1268,
1269,T34E1火箭车,1269,
1270,T34E2火箭车,1270,
1271,新型究极特战坦克宝箱,1271,
1272,新型荣耀特战坦克宝箱,1272,
1273,5K装甲经验,1273,
1274,20K装甲经验,1274,
1275,3号芯片匣,1275,
1276,钻石优选坦克宝箱,1276,
1277,钻石精致坦克宝箱,1277,
1278,巅峰优选坦克宝箱,1278,
1279,巅峰精致坦克宝箱,1279,
1280,究极特战坦克宝箱,1280,
1281,荣耀特战坦克宝箱,1281,
1282,100装甲经验,1282,
1283,挖掘机随机箱,1283,
1284,配件运载箱，普通配件,1284,
1285,配件运载箱，精良配件,1285,
1286,配件运载箱，先进配件,1286,
1287,配件运载箱，尖端配件,1287,
1288,配件运载箱，普通配件,1288,
1289,配件运载箱，精良配件,1289,
1290,配件运载箱，先进配件,1290,
1291,配件运载箱，尖端配件,1291,
1292,配件运载箱，普通配件,1292,
1293,配件运载箱，精良配件,1293,
1294,配件运载箱，先进配件,1294,
1295,配件运载箱，尖端配件,1295,
1296,配件运载箱，普通配件,1296,
1297,配件运载箱，精良配件,1297,
1298,配件运载箱，先进配件,1298,
1299,配件运载箱，尖端配件,1299,
1300,配件运载箱，普通配件,1300,
1301,配件运载箱，精良配件,1301,
1302,配件运载箱，先进配件,1302,
1303,配件运载箱，尖端配件,1303,
1304,配件运载箱，普通配件,1304,
1305,配件运载箱，精良配件,1305,
1306,配件运载箱，先进配件,1306,
1307,配件运载箱，尖端配件,1307,
1308,配件运载箱，普通配件,1308,
1309,追踪AI,1309,
1310,配件运载箱，先进配件,1310,
1311,配件运载箱，尖端配件,1311,
1312,配件运载箱，普通配件,1312,
1313,配件运载箱，精良配件,1313,
1314,配件运载箱，先进配件,1314,
1315,配件运载箱，尖端配件,1315,
1316,配件运载箱，普通配件,1316,
1317,配件运载箱，精良配件,1317,
1318,配件运载箱，先进配件,1318,
1319,配件运载箱，尖端配件,1319,
1320,配件运载箱，普通配件,1320,
1321,配件运载箱，精良配件,1321,
1322,配件运载箱，先进配件,1322,
1323,配件运载箱，尖端配件,1323,
1324,配件运载箱，普通配件,1324,
1325,配件运载箱，精良配件,1325,
1326,配件运载箱，先进配件,1326,
1327,配件运载箱，尖端配件,1327,
1328,配件运载箱，普通配件,1328,
1329,配件运载箱，精良配件,1329,
1330,配件运载箱，先进配件,1330,
1331,配件运载箱，尖端配件,1331,
1332,配件运载箱，普通配件,1332,
1333,配件运载箱，精良配件,1333,
1334,配件运载箱，先进配件,1334,
1335,配件运载箱，尖端配件,1335,
1336,配件运载箱，普通配件,1336,
1337,配件运载箱，精良配件,1337,
1338,配件运载箱，先进配件,1338,
1339,配件运载箱，尖端配件,1339,
1340,配件运载箱，普通配件,1340,
1341,配件运载箱，精良配件,1341,
1342,配件运载箱，先进配件,1342,
1343,配件运载箱，尖端配件,1343,
1344,配件运载箱，普通配件,1344,
1345,配件运载箱，精良配件,1345,
1346,配件运载箱，先进配件,1346,
1347,配件运载箱，尖端配件,1347,
1348,配件运载箱，普通配件,1348,
1349,配件运载箱，精良配件,1349,
1350,配件运载箱，先进配件,1350,
1351,配件运载箱，尖端配件,1351,
1352,配件运载箱，普通配件,1352,
1353,配件运载箱，精良配件,1353,
1354,配件运载箱，先进配件,1354,
1355,配件运载箱，尖端配件,1355,
1356,配件运载箱，普通配件,1356,
1357,配件运载箱，精良配件,1357,
1358,配件运载箱，先进配件,1358,
1359,配件运载箱，尖端配件,1359,
1360,配件运载箱，普通配件,1360,
1361,配件运载箱，精良配件,1361,
1362,配件运载箱，先进配件,1362,
1363,配件运载箱，尖端配件,1363,
1364,配件运载箱，普通配件,1364,
1365,配件运载箱，精良配件,1365,
1366,配件运载箱，先进配件,1366,
1367,配件运载箱，尖端配件,1367,
1368,配件运载箱，普通配件,1368,
1369,配件运载箱，精良配件,1369,
1370,配件运载箱，先进配件,1370,
1371,配件运载箱，尖端配件,1371,
1372,配件运载箱，普通配件,1372,
1373,配件运载箱，精良配件,1373,
1374,配件运载箱，先进配件,1374,
1375,配件运载箱，尖端配件,1375,
1376,配件运载箱，普通配件,1376,
1377,配件运载箱，精良配件,1377,
1378,配件运载箱，先进配件,1378,
1379,配件运载箱，尖端配件,1379,
1380,配件运载箱，普通配件,1380,
1381,配件运载箱，精良配件,1381,
1382,配件运载箱，先进配件,1382,
1383,配件运载箱，尖端配件,1383,
1384,配件运载箱，普通配件,1384,
1385,配件运载箱，精良配件,1385,
1386,配件运载箱，先进配件,1386,
1387,配件运载箱，尖端配件,1387,
1388,配件运载箱，普通配件,1388,
1389,配件运载箱，精良配件,1389,
1390,配件运载箱，先进配件,1390,
1391,配件运载箱，尖端配件,1391,
1392,配件运载箱，普通配件,1392,
1393,配件运载箱，精良配件,1393,
1394,配件运载箱，先进配件,1394,
1395,配件运载箱，尖端配件,1395,
1396,配件运载箱，普通配件,1396,
1397,配件运载箱，精良配件,1397,
1398,配件运载箱，先进配件,1398,
1399,配件运载箱，尖端配件,1399,
1400,配件运载箱，普通配件,1400,
1401,配件运载箱，精良配件,1401,
1402,配件运载箱，先进配件,1402,
1403,配件运载箱，尖端配件,1403,
1404,配件运载箱，普通配件,1404,
1405,配件运载箱，精良配件,1405,
1406,配件运载箱，先进配件,1406,
1407,配件运载箱，尖端配件,1407,
1408,配件运载箱，普通配件,1408,
1409,配件运载箱，精良配件,1409,
1410,配件运载箱，先进配件,1410,
1411,配件运载箱，尖端配件,1411,
1412,工程委托书,1412,
1413,sample_prop_name_2130，究极配件,1413,
1414,sample_prop_name_2131，究极配件,1414,
1415,sample_prop_name_2132，究极配件,1415,
1416,sample_prop_name_2133，究极配件,1416,
1417,sample_prop_name_2134，究极配件,1417,
1418,sample_prop_name_2135，究极配件,1418,
1419,sample_prop_name_2136，究极配件,1419,
1420,sample_prop_name_2137，究极配件,1420,
1421,sample_prop_name_2138，究极配件,1421,
1422,sample_prop_name_2139，究极配件,1422,
1423,sample_prop_name_2140，究极配件,1423,
1424,sample_prop_name_2141，究极配件,1424,
1425,sample_prop_name_2142，究极配件,1425,
1426,sample_prop_name_2143，究极配件,1426,
1427,sample_prop_name_2144，究极配件,1427,
1428,sample_prop_name_2145，究极配件,1428,
1429,sample_prop_name_2146，究极配件,1429,
1430,sample_prop_name_2147，究极配件,1430,
1431,sample_prop_name_2148，究极配件,1431,
1432,sample_prop_name_2149，究极配件,1432,
1433,sample_prop_name_2150，究极配件,1433,
1434,sample_prop_name_2151，究极配件,1434,
1435,sample_prop_name_2152，究极配件,1435,
1436,sample_prop_name_2153，究极配件,1436,
1437,sample_prop_name_2154，究极配件,1437,
1438,sample_prop_name_2155，究极配件,1438,
1439,sample_prop_name_2156，究极配件,1439,
1440,sample_prop_name_2157，究极配件,1440,
1441,sample_prop_name_2158，究极配件,1441,
1442,sample_prop_name_2159，究极配件,1442,
1443,sample_prop_name_2160，究极配件,1443,
1444,sample_prop_name_2161，究极配件,1444,
1445,勃洛姆堡魂石箱,1445,
1446,博克魂石箱,1446,
1447,凯特尔魂石箱,1447,
1448,克卢格魂石箱,1448,
1449,里布魂石箱,1449,
1450,利斯特魂石箱,1450,
1451,维茨勒本魂石箱,1451,
1452,赖歇努魂石箱,1452,
1453,屈希勒尔魂石箱,1453,
1454,布施魂石箱,1454,
1455,范佛里特魂石箱,1455,
1456,sample_prop_name_3012,1456,
1457,sample_prop_name_3013,1457,
1458,sample_prop_name_3014,1458,
1459,sample_prop_name_3015,1459,
1460,sample_prop_name_3016,1460,
1461,麦考利夫魂石箱,1461,
1462,德弗斯魂石箱,1462,
1463,史密斯魂石箱,1463,
1464,sample_prop_name_3020,1464,
1465,沙波什尼科夫魂石箱,1465,
1466,瓦图京魂石箱,1466,
1467,sample_prop_name_3023,1467,
1468,sample_prop_name_3024,1468,
1469,sample_prop_name_3025,1469,
1470,sample_prop_name_3026,1470,
1471,sample_prop_name_3027,1471,
1472,sample_prop_name_3028,1472,
1473,sample_prop_name_3029,1473,
1474,sample_prop_name_3030,1474,
1475,亚尔曼魂石箱,1475,
1476,坦小云魂石箱,1476,
1477,加里森魂魄,1477,
1478,娜塔莉亚魂魄,1478,
1479,埃里克魂魄,1479,
1480,凯特琳魂魄,1480,
1481,亚历克斯魂魄,1481,
1482,米尔斯魂魄,1482,
1483,米勒魂魄,1483,
1484,利柏特魂魄,1484,
1485,卡卢亚魂魄,1485,
1486,亨德森魂魄,1486,
1487,惠特福德魂魄,1487,
1488,凯瑟琳魂魄,1488,
1489,维科特魂魄,1489,
1490,萨菈魂魄,1490,
1491,sample_prop_name_3047,1491,
1492,sample_prop_name_3048,1492,
1493,sample_prop_name_3049,1493,
1494,sample_prop_name_3050,1494,
1495,巨人坦克,1495,
1496,独角兽歼击车,1496,
1497,美杜莎自行火炮,1497,
1498,九头蛇火箭车,1498,
1499,武装采矿车,1499,
1500,'土鸡'式采矿车,1500,
1501,T-99,1501,
1502,秃鹫,1502,
1503,T-100,1503,
1504,小飞象,1504,
1505,远征积分*100,1505,
1506,竞技勋章*100,1506,
1507,装备Exp*100,1507,
1508,竞技Exp*100,1508,
1509,战术Exp*100,1509,
1510,纳米元件*100,1510,
1511,配件熔炼宝箱,1511,
1512,进阶荣誉勋章,1512,
1513,高阶荣誉勋章,1513,
1514,搜索雷达,1514,
1515,间谍卫星,1515,
1516,馈赠红包,1516,
1517,获利红包,1517,
1518,狼穴进攻礼包,1518,
1519,狼穴军需箱,1519,
1520,sample_prop_name_3310,1520,
1521,sample_prop_name_3311,1521,
1522,sample_prop_name_3312,1522,
1523,VIP青铜宝箱,1523,
1524,VIP白银宝箱,1524,
1525,VIP黄金宝箱,1525,
1526,T-15阿玛塔,1526,
1527,鼠王坦克,1527,
1528,脉冲坦克,1528,
1529,寒霜火箭车,1529,
1530,随机先进坦克,1530,
1531,随机先进特战坦克,1531,
1532,随机先进+1特战坦克,1532,
1533,随机尖端特战坦克,1533,
1534,比赛分数,1534,
1535,维尼休斯头像,1535,
1536,扫荡令,1536,
1537,檀香,1537,
1538,月饼,1538,
1539,桂花酒,1539,
1540,三周年专属头像,1540,
1541,巨象自行火炮,1541,
1542,铁十字勋章包,1542,
1543,活跃点数,1543,
1544,神秘福袋,1544,
1545,1号尖端碎片箱,1545,
1546,新型1号先进碎片箱,1546,
1547,感恩之心,1547,
1548,奇异宝石,1548,
1549,2号尖端碎片箱,1549,
1550,新型2号先进碎片箱,1550,
1551,Vip特权头像(男),1551,
1552,Vip特权头像(女),1552,
1553,大将活跃宝箱,1553,
1554,大将回归宝箱,1554,
1555,新型3号先进碎片箱,1555,
1556,新型4号先进碎片箱,1556,
1557,特战坦克宝箱,1557,
1558,同心结,1558,
1559,爱神丘比特,1559,
1560,打砲好手,1560,
1561,新型4号精良碎片箱,1561,
1562,3号尖端碎片箱,1562,
1563,活跃点数,1563,
1564,普通大奖,1564,
1565,精良大奖,1565,
1566,先进大奖,1566,
1567,尖端大奖,1567,
1568,回归大礼包,1568,
1569,周年庆大礼包,1569,
1570,4号尖端碎片箱,1570,
1571,战场功勋,1571,
1572,新型3号精良碎片,1572,
1573,sample_prop_name_3363,1573,
1574,sample_prop_name_3364,1574,
1575,sample_prop_name_3365,1575,
1576,sample_prop_name_3366,1576,
1577,sample_prop_name_3367,1577,
1578,sample_prop_name_3368,1578,
1579,4号新型尖端碎片箱,1579,
1580,登录豪华礼包,1580,
1581,5级豪华礼包,1581,
1582,10级豪华礼包,1582,
1583,15级豪华礼包,1583,
1584,20级豪华礼包,1584,
1585,25级豪华礼包,1585,
1586,30级豪华礼包,1586,
1587,恋爱之神,1587,
1588,字母-L,1588,
1589,字母-U,1589,
1590,字母-C,1590,
1591,字母-K,1591,
1592,字母-Y,1592,
1593,文字-国,1593,
1594,文字-庆,1594,
1595,文字-节,1595,
1596,文字-快,1596,
1597,文字-乐,1597,
1598,新型中级心得包,1598,
1599,新型高级心得包,1599,
1600,圣诞礼盒,1600,
1601,圣诞头像,1601,
1602,堕落天使,1602,
1603,10分钟建筑加速,1603,
1604,30分钟建筑加速,1604,
1605,2小时建筑加速,1605,
1606,8小时建筑加速,1606,
1607,10分钟生产加速,1607,
1608,30分钟生产加速,1608,
1609,2小时生产加速,1609,
1610,8小时生产加速,1610,
1611,10分钟科技加速,1611,
1612,30分钟科技加速,1612,
1613,2小时科技加速,1613,
1614,8小时科技加速,1614,
1615,VIP11免费礼包,1615,
1616,VIP12免费礼包,1616,
1617,sample_prop_name_3452,1617,
1618,VIP11超值礼包,1618,
1619,VIP12超值礼包,1619,
1620,sample_prop_name_3462,1620,
1621,三周年头像,1621,
1622,A型改造材料包,1622,
1623,B型改造材料包,1623,
1624,C型改造材料包,1624,
1625,D型改造材料包,1625,
1626,将领学说包,1626,
1627,军徽部件,1627,
1628,高级军徽部件,1628,
1629,基础进阶图纸,1629,
1630,普通进阶图纸,1630,
1631,精良进阶图纸,1631,
1632,先进进阶图纸,1632,
1633,战魂军徽碎片,1633,
1634,炙炎军徽碎片,1634,
1635,爆破军徽碎片,1635,
1636,技能专精,1636,
1637,高级技能专精,1637,
1638,初级技能要领,1638,
1639,中级技能要领,1639,
1640,高级技能要领,1640,
1641,稀有技能要领,1641,
1642,萌新小兵,1642,
1643,元老大将,1643,
1644,Vip专属头像,1644,
1645,比蒙坦克,1645,
1646,泰坦歼击车,1646,
1647,蛮王火炮,1647,
1648,红龙火箭车,1648,
1649,新型1号将领魂魄箱,1649,
1650,新型2号将领魂魄箱,1650,
1651,新型3号将领魂魄箱,1651,
1652,新型4号将领魂魄箱,1652,
1653,新型5号将领魂魄箱,1653,
1654,指挥部队,1654,
1655,抢修部队,1655,
1656,雷达部队,1656,
1657,通讯部队,1657,
1658,补给部队,1658,
1659,保养部队,1659,
1660,指挥部队,1660,
1661,抢修部队,1661,
1662,雷达部队,1662,
1663,通讯部队,1663,
1664,补给部队,1664,
1665,保养部队,1665,
1666,指挥部队,1666,
1667,抢修部队,1667,
1668,雷达部队,1668,
1669,通讯部队,1669,
1670,补给部队,1670,
1671,保养部队,1671,
1672,指挥部队,1672,
1673,抢修部队,1673,
1674,雷达部队,1674,
1675,通讯部队,1675,
1676,补给部队,1676,
1677,保养部队,1677,
1678,白色矩阵宝箱,1678,
1679,绿色矩阵宝箱,1679,
1680,蓝色矩阵宝箱,1680,
1681,紫色矩阵宝箱,1681,
1682,新型白色矩阵宝箱,1682,
1683,新型绿色矩阵宝箱,1683,
1684,新型蓝色矩阵宝箱,1684,
1685,新型紫色矩阵宝箱,1685,
1686,初级金币箱,1686,
1687,高级金币箱,1687,
1688,斋月头像,1688,
1689,紫色恐惧技能箱,1689,
1690,紫色横扫技能箱,1690,
1691,蓝色空袭技能箱,1691,
1692,蓝色技能箱,1692,
1693,紫色技能箱,1693,
1694,新型恐惧技能箱,1694,
1695,电磁波技能箱,1695,
1696,研究值,1696,
1697,革新精要,1697,
1698,鬼灵精怪,1698,
1699,新型1号尖端碎片箱,1699,
1700,新型2号尖端碎片箱,1700,
1701,新型3号尖端碎片箱,1701,
1702,新型1号尖端碎末箱,1702,
1703,新型2号尖端碎末箱,1703,
1704,新型3号尖端碎末箱,1704,
1705,新型4号尖端碎末箱,1705,
1706,1号尖端碎末箱,1706,
1707,2号尖端碎末箱,1707,
1708,3号尖端碎末箱,1708,
1709,4号尖端碎末箱,1709,
1710,1号究极碎片箱,1710,
1711,2号究极碎片箱,1711,
1712,3号究极碎片箱,1712,
1713,4号究极碎片箱,1713,
1714,新型1号究极碎片箱,1714,
1715,新型2号究极碎片箱,1715,
1716,新型3号究极碎片箱,1716,
1717,新型4号究极碎片箱,1717,
1718,1号究极碎末箱,1718,
1719,2号究极碎末箱,1719,
1720,3号究极碎末箱,1720,
1721,4号究极碎末箱,1721,
1722,新型1号究极碎末箱,1722,
1723,新型2号究极碎末箱,1723,
1724,新型3号究极碎末箱,1724,
1725,新型4号究极碎末箱,1725,
1726,陶瓷装甲新型先进箱,1726,
1727,炮口制退器新型先进箱,1727,
1728,记忆合金新型先进箱,1728,
1729,钨芯弹头新型先进箱,1729,
1730,反应装甲新型先进箱,1730,
1731,仪表盘新型先进箱,1731,
1732,复合装甲新型先进箱,1732,
1733,火控装置新型先进箱,1733,
1734,陶瓷装甲新型尖端箱,1734,
1735,炮口制退器新型尖端箱,1735,
1736,记忆合金新型尖端箱,1736,
1737,钨芯弹头新型尖端箱,1737,
1738,反应装甲新型尖端箱,1738,
1739,仪表盘新型尖端箱,1739,
1740,复合装甲新型尖端箱,1740,
1741,火控装置新型尖端箱,1741,
1742,聚合元素,1742,
1743,结晶宝箱,1743,
1744,紫色军徽宝箱,1744,
1745,电磁轨道炮蓝图宝箱,1745,
1746,伤害转移阵列蓝图宝箱,1746,
1747,红汞弹头蓝图宝箱,1747,
1748,弹道加速器蓝图宝箱,1748,
1749,护盾干扰器蓝图宝箱,1749,
1750,多层纳米装甲蓝图宝箱,1750,
1751,上帝之杖蓝图宝箱,1751,
1752,超级计算机蓝图宝箱,1752,
1753,碧绿装备材料包,1753,
1754,湛蓝装备材料包,1754,
1755,紫罗兰装备材料包,1755,
1756,装备精工包,1756,
1757,军团跨服战积分,1757,
1758,群雄争霸积分,1758,
1759,改名卡,1759,
1760,精锐矩阵,1760,
1761,新型军徽碎片箱,1761,
1762,指挥部队,1762,
1763,抢修部队,1763,
1764,雷达部队,1764,
1765,通讯部队,1765,
1766,补给部队,1766,
1767,保养部队,1767,
1768,矩阵光环,1768,
1769,新型6号将领魂魄箱,1769,
1770,1.5K装甲经验,1770,
1771,强化图纸,1771,
1772,战机技能箱,1772,
1773,新型战机技能箱,1773,
1774,尖端坦克宝箱,1774,
1775,能量药剂,1775,
1776,周年锦鲤头像框,1776,
1777,五周年头像框,1777,
1778,狂欢乐园,1778,
1779,新型建筑装扮箱,1779,
1780,尊享结晶箱,1780,
1781,鉴定的科技能量,1781,
1782,万圣节装扮,1782,
1783,随机矩阵宝箱,1783,
1784,专家心得箱,1784,
1785,烛台,1785,
1786,许愿瓶,1786,
1787,幸运星,1787,
1788,神秘福袋,1788,
1789,摩登之城【7天有效】,1789,
1790,初级部队随机箱,1790,
1791,中级部队随机箱,1791,
1792,祥瑞府邸【1天有效】,1792,
1793,新春至尊框,1793,
1794,新春金尊框,1794,
1795,涂装图纸,1795,
1796,将领副官包,1796,
1797,高级将领副官包,1797,
1798,攻击结晶Lv.8,1798,
1799,科技迷城,1799,
1800,圣诞宫殿,1800,
1801,祥瑞府邸,1801,
1802,先进特战坦克集装箱,1802,
1803,尖端特战坦克集装箱,1803,
1804,究极特战坦克集装箱,1804,
1805,特战坦克芯片包,1805,
1806,白金勋章,1806,
1807,可选结晶Lv8,1807,
1808,可选结晶Lv9,1808,
1809,可选结晶Lv10,1809,
1810,1k装甲经验,1810,
1811,专家心得选择箱,1811,
1812,核芯可选箱,1812,
1813,建筑装扮碎片,1813,
1814,新型核芯储备包,1814,
1815,初级心得选择箱,1815,
1816,新型尖端特战坦克箱,1816,
1817,新型究极特战坦克箱,1817,
1818,万圣夜之城体验卡【7天】,1818,
1819,万圣夜之城体验卡【30天】,1819,
1820,狂欢乐园体验卡【7天】,1820,
1821,狂欢乐园体验卡【30天】,1821,
1822,圣诞宫殿体验卡【7天】,1822,
1823,圣诞宫殿体验卡【30天】,1823,
1824,未来之城体验卡【1天】,1824,
1825,新型究极坦克宝箱,1825,
1826,新型尖端坦克宝箱,1826,
1827,新型先进坦克宝箱,1827,
1828,裁决佩剑,1828,
1829,捍卫权杖,1829,
1830,圣盾军徽碎片,1830,
1831,新型将领学说包,1831,
1832,冰之歌头像框,1832,
1833,火之歌头像框,1833,
1834,中级心得包,1834,
1835,新型先进特战坦克箱,1835,
1836,联合军演究极奖励箱,1836,
1837,联合军演尖端奖励箱,1837,
1838,联合军演先进奖励箱,1838,
1839,发射基地装扮【7天有效】,1839,
1840,发射基地体验卡【7天】,1840,
1841,修理工具,1841,
1842,跨服联合演习积分,1842,
1843,新型精良坦克宝箱,1843,
1844,坦克军令箱,1844,
1845,特战坦克军令箱,1845,
1846,特战坦克芯片储备包,1846,
1847,新型普通坦克宝箱,1847,
1848,特权密匙,1848,
1849,特权密匙,1849,
1850,特权密匙,1850,
1851,特权密匙,1851,
1852,特权密匙,1852,
1853,特权密匙,1853,
1854,军令币,1854,
1855,尖端特战坦克宝箱,1855,
1856,将领武器精工包,1856,
1857,涂装5折券,1857,
1858,涂装5折券,1858,
1859,涂装5折券,1859,
1860,涂装5折券,1860,
1861,涂装5折券,1861,
1862,涂装5折券,1862,
1863,涂装5折券,1863,
1864,涂装5折券,1864,
1865,涂装5折券,1865,
1866,涂装5折券,1866,
1867,涂装5折券,1867,
1868,涂装5折券,1868,
1869,涂装1折券,1869,
1870,涂装1折券,1870,
1871,涂装1折券,1871,
1872,涂装1折券,1872,
1873,涂装1折券,1873,
1874,涂装1折券,1874,
1875,涂装1折券,1875,
1876,涂装1折券,1876,
1877,涂装1折券,1877,
1878,涂装1折券,1878,
1879,涂装1折券,1879,
1880,涂装1折券,1880,
1881,5折涂装折扣券可选箱,1881,
1882,1折涂装折扣券可选箱,1882,
1883,稀有弱点打击技能箱,1883,
1884,稀有电磁锁定技能箱,1884,
1885,完美弱点打击技能箱,1885,
1886,完美电磁锁定技能箱,1886,
1887,液态合金,1887,
1888,智能机芯,1888,
1889,生日快乐,1889,
1890,征服者,1890,
1891,挑战者,1891,
1892,挑战者装扮【1天有效】,1892,
1893,战略精要,1893,
1894,六周年头像框,1894,
1895,战略宝箱,1895,
1896,经验宝箱,1896,
1897,进阶生存AI箱,1897,
1898,合金宝箱,1898,
1899,黑铁军功章,1899,
1900,1000战略经验,1900,
1901,1000巅峰经验,1901,
1902,生存AI箱,1902,
1903,量子束AI箱,1903,
1904,新型名将魂魄箱,1904,
1905,可选结晶Lv11,1905,
1906,可选结晶Lv12,1906,
1907,雪夜头像框,1907,
1908,独鼠一帜装扮,1908,
1909,独鼠一帜装扮【1天】,1909,
1910,配件导线,1910,
1911,B型[内勤]零件随机箱,1911,
1912,T型[坦克]零件随机箱,1912,
1913,A型[歼击车]零件随机箱,1913,
1914,W型[火炮]零件随机箱,1914,
1915,R型[火箭车]零件随机箱,1915,
1916,S型[通用]零件随机箱,1916,
1917,金星科研军徽碎片,1917,
1918,金星铸币军徽碎片,1918,
1919,金星仓储军徽碎片,1919,
1920,飞艇稀有零件随机箱,1920,
1921,干扰芯片,1921,
1922,赤炎自行火炮,1922,
1923,烈焰自行火炮,1923,
1924,熔岩自行火炮,1924,
1925,飞艇稀有零件箱,1925,
1926,U型[通用]零件随机箱,1926,
1927,巅峰王者头像框,1927,
1928,巅峰强者头像框,1928,
1929,巅峰挑战头像框,1929,
1930,巅峰王者头像,1930,
1931,巅峰最强称号,1931,
1932,王者圣殿装扮【7天有效】,1932,
1933,王者圣殿体验卡【7天】,1933,
1934,弹药,1934,
1935,冲击AI箱,1935,
1936,光波AI箱,1936,
1937,光子束AI箱,1937,
1938,AI部队经验,1938,
1939,巅峰强者头像,1939,
1940,装甲随机箱,1940,
1941,王者圣殿装扮【15天有效】,1941,
1942,王者圣殿装扮【30天有效】,1942,
1943,装甲补给箱,1943,
1944,国服之巅积分,1944,
1945,决斗令,1945,
1946,新型橙色矩阵宝箱,1946,
1947,[幻影版]涂装可选箱,1947,
1948,传说圣域装扮,1948,
1949,传奇领域装扮,1949,
1950,传奇领域装扮【1天】,1950,
1951,欢乐汇头像框,1951,
1952,尖端将领副官包,1952,
1953,先进将领副官可选包,1953,
1954,聚原石,1954,
1955,聚合脂,1955,
1956,睥睨天下装扮,1956,
1957,傲视群雄装扮,1957,
1958,傲视群雄装扮【1天】,1958,
1959,可选结晶Lv7,1959,
1960,时来运转宝箱,1960,
1961,7周年舞狮头像框,1961,
1962,【风】狮王专属称号,1962,
1963,【林】狮王专属称号,1963,
1964,【火】狮王专属称号,1964,
1965,【山】狮王专属称号,1965,
1966,进阶革新精要,1966,
1967,稀有全体-空袭技能箱,1967,
1968,稀有全体-反制技能箱,1968,
1969,稀有全体-致残技能箱,1969,
1970,稀有全体-压制技能箱,1970,
1971,稀有全体-偷袭技能箱,1971,
1972,稀有全体-无畏技能箱,1972,
1973,稀有全体-无惧技能箱,1973,
1974,完美全体-空袭技能箱,1974,
1975,完美全体-反制技能箱,1975,
1976,完美全体-致残技能箱,1976,
1977,完美全体-压制技能箱,1977,
1978,完美全体-偷袭技能箱,1978,
1979,完美全体-无畏技能箱,1979,
1980,完美全体-无惧技能箱,1980,
1981,追击佩剑,1981,
1982,追击权杖,1982,
1983,无上权杖,1983,
1984,迁服令,1984,
1985,元旦雪之达人称号,1985,
1986,元旦英明雪人头像框,1986,
1987,元旦绅士雪人头像框,1987,
1988,元旦幸运雪人头像框,1988,
1989,元旦活力雪人头像框,1989,
1990,复刻核心,1990,
1991,变更协议,1991,
1992,牛运亨通装扮,1992,
1993,牛气冲天装扮,1993,
1994,牛气冲天称号,1994,
1995,战机血魄头像,1995,
1996,战机幽夜头像,1996,
1997,战机蔚蓝头像,1997,
1998,战机玄岳头像,1998,
1999,战机星耀头像,1999,
2000,中势力经验*50,2000,
2001,美势力经验*50,2001,
2002,德势力经验*50,2002,
2003,俄势力经验*50,2003,
2004,紫色配件图纸,2004,
2005,橙色配件图纸,2005,
2006,魂魄徽章,2006,
2007,战斗飞艇稀有零件箱,2007,
2008,战斗飞艇绿色自选箱,2008,
2009,改造图纸,2009,
2010,钢铁核心装扮,2010,
2011,战争巨炮装扮,2011,
2012,战争狂热称号,2012,
2013,红色配件图纸,2013,
2014,新型红色碎末片,2014,
2015,新型橙色碎末片,2015,
2016,初级模拟仪,2016,
2017,中级模拟仪,2017,
2018,高级模拟仪,2018,
2019,10分钟通用加速,2019,
2020,30分钟通用加速,2020,
2021,2小时通用加速,2021,
2022,8小时通用加速,2022,
2023,尖端将领副官可选包,2023,
2024,1分钟通用加速,2024,
2025,24小时通用加速,2025,
2026,时间旅行者称号,2026,
2027,穿梭战舰装扮,2027,
2028,时空霸主装扮,2028,
2029,坦克研发中心材料随机箱,2029,
2030,雷霆军徽碎片,2030,
2031,威慑军徽碎片,2031,
2032,大师心得选择箱,2032,
2033,战火之王头像框,2033,
2034,配件重置仪,2034,
2035,大师精炼臂,2035,
2036,擎天：战盔装扮,2036,
2037,迷雾城设计图,2037,
2038,未来之城装扮,2038,
2039,飞艇稀有蓝色自选箱,2039,
2040,增幅器,2040,
2041,9级坦克可选箱,2041,
2042,历练币,2042,
2043,摧坚陷阵【30天】,2043,
2044,摧坚陷阵【15天】,2044,
2045,摧坚陷阵【7天】,2045,
2046,铿锵玫瑰【30天】,2046,
2047,铿锵玫瑰【15天】,2047,
2048,铿锵玫瑰【7天】,2048,
2049,横扫千军【30天】,2049,
2050,横扫千军【7天】,2050,
2051,资源卡（高级）抵用券,2051,
2052,属性卡抵用券,2052,
2053,屏障发射器蓝图宝箱,2053,
2054,迷彩反射装甲蓝图宝箱,2054,
2055,可选结晶Lv13,2055,
2056,可选结晶Lv14,2056,
2057,中秋头像框,2057,
2058,中秋铭牌,2058,
2059,财源滚滚称号,2059,
2060,都市花园装扮,2060,
2061,商业帝国装扮,2061,
2062,模块自选宝箱,2062,
2063,新型高级武器蓝图,2063,
2064,积少成多头像【7天】,2064,
2065,挥金如雨头像【7天】,2065,
2066,争分夺秒头像【7天】,2066,
2067,合金*100,2067,
2068,超级模拟仪,2068,
2069,时来运转2021,2069,
2070,8周年头像,2070,
2071,8周年头像框,2071,
2072,宝库达人【30天】,2072,
2073,荣耀*100,2073,
2074,势力任务委托书,2074,
2075,精密元件,2075,
2076,重工材料,2076,
2077,高爆弹药,2077,
2078,轻工材料,2078,
2079,机械零件,2079,
2080,焊接原料,2080,
2081,稳固扳手,2081,
2082,精准芯片（紫）可选箱,2082,
2083,闪避芯片（紫）可选箱,2083,
2084,暴击芯片（紫）可选箱,2084,
2085,装甲芯片（紫）可选箱,2085,
2086,减伤芯片I（紫）可选箱,2086,
2087,减伤芯片II（紫）可选箱,2087,
2088,减伤芯片III（紫）可选箱,2088,
2089,减伤芯片IV（紫）可选箱,2089,
2090,精准芯片（橙）可选箱,2090,
2091,闪避芯片（橙）可选箱,2091,
2092,暴击芯片（橙）可选箱,2092,
2093,装甲芯片（橙）可选箱,2093,
2094,减伤芯片I（橙）可选箱,2094,
2095,减伤芯片II（橙）可选箱,2095,
2096,减伤芯片III（橙）可选箱,2096,
2097,减伤芯片IV（橙）可选箱,2097,
2098,联合国经验*50,2098,
2099,超级AI经验,2099,
2100,群体壁垒AI箱,2100,
2101,群体防护AI箱,2101,
2102,群体击破AI箱,2102,
2103,镜像AI箱,2103,
2104,荣耀周年装扮,2104,
2105,特战坦克芯片自选包,2105,
2106,冬日雪人头像,2106,
2107,科技能源,2107,
2108,势力进修可选箱,2108,
2109,势力经验可选箱,2109,
2110,雪人小屋碎片,2110,
2111,万能晶片,2111,
2112,强权指挥刀,2112,
2113,自由佩剑,2113,
2114,铁血权杖,2114,
2115,领袖指挥刀,2115,
2116,雪人小屋装扮,2116,
2117,喜气盈门头像框,2117,
2118,特权密匙,2118,
2119,欢乐元宵,2119,
2120,完美避实击虚技能箱,2120,
2121,完美威势重压技能箱,2121,
2122,[碳纤版]涂装可选箱,2122,
2123,军团科技指南,2123,
2124,虎啸春临碎片,2124,
2125,虎啸春临装扮,2125,
2126,飞艇幸运自选箱,2126,
2127,飞艇福运自选箱,2127,
2128,飞艇鸿运自选箱,2128,
2129,飞艇先进随机箱,2129,
2130,战略物资,2130,
2131,普通核心,2131,
2132,高级核心,2132,
2133,战略随机箱,2133,
2134,内存条*1,2134,
2135,惊喜礼盒碎片,2135,
2136,惊喜礼盒装扮,2136,
2137,表情-谁叫我,2137,
2138,表情-面条泪,2138,
2139,表情-水晶,2139,
2140,派对之星头像框,2140,
2141,惊喜福袋,2141,
2142,99A涂装[雨林版]碎片,2142,
2143,巨象涂装[雨林版]碎片,2143,
2144,阿玛塔涂装[雨林版]碎片,2144,
2145,红箭10涂装[雨林版]碎片,2145,
2146,灵感石,2146,
2147,普通天赋,2147,
2148,精良天赋,2148,
2149,稀有天赋,2149,
2150,能量塔碎片,2150,
2151,能量塔装扮,2151,
2152,泳池派对头像,2152,
2153,真伤能量盾,2153,
2154,1、2号位先进配件可选箱,2154,
2155,星火燎原头像框,2155,
2156,历程铭牌,2156,
2157,功成名就头像,2157,
2158,声名赫赫头像框,2158,
2159,平生功绩气泡,2159,
2160,功勋卓著称号,2160,
2161,势力卡抵用券,2161,
2162,涂装卡抵用券,2162,
2163,研发卡（高级）抵用券,2163,
2164,表情-月饼,2164,
2165,名满天下碎片,2165,
2166,丰功伟绩碎片,2166,
2167,表情-出发,2167,
2168,花园城市碎片,2168,
2169,海市蜃楼碎片,2169,
2170,金戈铁马头像,2170,
2171,金戈铁马头像框,2171,
2172,金戈铁马称号,2172,
2173,传记印章,2173,
2174,战场喷漆,2174,
2175,战场-凛冬已至,2175,
2176,巾帼须眉头像,2176,
2177,世界争霸积分,2177,
2178,九周年头像,2178,
2179,九周年头像框,2179,
2180,球场硬汉头像,2180,
2181,球场硬汉头像框,2181,
2182,球场硬汉称号,2182,
2183,战场-九周年庆典,2183,
2184,商业帝国碎片,2184,
2185,擎天战盔碎片,2185,
2186,绿荫球场碎片,2186,
2187,球场盛典碎片,2187,
2188,周年自选宝箱,2188,
2189,进球币,2189,
2190,冠军币,2190,
2191,战功勋章,2191,
2192,战场-圣诞惊喜,2192,
2193,兔年迎福头像,2193,
2194,兔年迎福头像框,2194,
2195,机械战兔碎片,2195,
2196,战场-福兔迎春,2196,
2197,花嫁殿堂碎片,2197,
2198,花嫁殿堂装扮,2198,
2199,坦克传记蓝色自选箱,2199,
2200,坦克传记紫色自选箱,2200,
2201,坦克传记橙色自选箱,2201,
2202,领袖传记蓝色自选箱,2202,
2203,领袖传记紫色自选箱,2203,
2204,领袖传记橙色自选箱,2204,
2205,制空传记蓝色自选箱,2205,
2206,制空传记紫色自选箱,2206,
2207,制空传记橙色自选箱,2207,
2208,未来传记蓝色自选箱,2208,
2209,未来传记紫色自选箱,2209,
2210,未来传记橙色自选箱,2210,
2211,彩蛋奇迹碎片,2211,
2212,坦克研发中心精品随机箱,2212,
2213,童心未泯碎片,2213,
2214,童心未泯装扮,2214,
2215,1分钟军装制作技术加速,2215,
2216,10分钟军装制作技术加速,2216,
2217,30分钟军装制作技术加速,2217,
2218,2小时军装制作技术加速,2218,
2219,8小时军装制作技术加速,2219,
2220,24小时军装制作技术加速,2220,
2221,48小时军装制作技术加速,2221,
2222,常胜长官,2222,
2223,巾帼玫瑰,2223,
2224,原野斗士,2224,
2225,烈日狂花,2225,
2226,星际晶塔装扮,2226,
2227,星舰中枢装扮,2227,
2228,普通翻倍卡,2228,
2229,超级翻倍卡,2229,
2230,蓝色组件碎片箱,2230,
2231,紫色组件碎片箱,2231,
2232,营救行动-坦克头像,2232,
2233,营救行动-歼击车头像,2233,
2234,营救行动-自行火炮头像,2234,
2235,营救行动-火箭车头像,2235,
2236,普通货币,2236,
2237,高级货币,2237,
2238,科技芯片,2238,
2239,粒子对撞机,2239,
2240,混合能源,2240,
2241,技能重置道具,2241,
2242,2024年锦鲤卡,2242,
2243,十周年头像,2243,
2244,十周年头像框,2244,
2245,机械圣诞树装扮,2245,
2246,机械圣诞树碎片,2246,
2247,节日礼包,2247,
2248,蓝色星环,2248,
2249,金色星环,2249,
2250,音乐热浪,2250,
2251,旋转圣诞树,2251,
2252,圣诞恋歌,2252,
2253,橙色军装随机箱,2253,
2254,科研魅影,2254,
2255,紫色军装随机箱,2255,
2256,巨龙守卫,2256,
2257,巨龙守卫碎片,2257,
2258,2024新年礼盒,2258,
2259,普通龙年礼包,2259,
2260,高级龙年礼包,2260,
2261,巨龙头像,2261,
2262,巨龙头像框,2262,
2263,真爱花语,2263,
2264,非特战橙色军装自选箱,2264,
2265,特战橙色军装自选箱,2265,
2266,蓝色组件可选箱,2266,
2267,紫色组件可选箱,2267,
2268,橙色组件可选箱,2268,
2269,红色组件可选箱,2269,
2270,奇迹之树,2270,
2271,奇迹之树碎片,2271,
2272,金质龙币,2272,
2273,银质龙币,2273,
2274,春游野餐盒,2274,
2275,春游头像,2275,
2276,翠绿头像框,2276,
2277,女神花瓣基地围墙,2277,
2278,公羊坦克[春季版]碎片,2278,
2279,半人马座歼击车[春季版]碎片,2279,
2280,帕拉丁火炮[春季版]碎片,2280,
2281,蛇鲨火箭车[春季版]碎片,2281,
2282,2024清明礼包,2282,
2283,兔子城堡,2283,
2284,兔子城堡皮肤碎片,2284,
2285,普通清明礼盒,2285,
2286,高级清明礼盒,2286,
2287,孩童牧牛头像,2287,
2288,青团头像框,2288,
2289,核弹军徽碎片,2289,
2290,铁卫军徽碎片,2290,
2291,鹰眼军徽碎片,2291,
2292,破军军徽碎片,2292,
2293,坚壁军徽碎片,2293,
2294,幽灵军徽碎片,2294,
2295,急速军徽碎片,2295,
2296,银星改造军徽碎片,2296,
2297,银星科研军徽碎片,2297,
2298,银星生产军徽碎片,2298,
2299,银星工程军徽碎片,2299,
2300,银星仓储军徽碎片,2300,
2301,灼烧军徽碎片,2301,
2302,sample_prop_name_5545,2302,
2303,神戟军徽碎片,2303,
2304,壁垒军徽碎片,2304,
2305,猎鹰军徽碎片,2305,
2306,战狼军徽碎片,2306,
2307,陷阵军徽碎片,2307,
2308,sample_prop_name_5551,2308,
2309,sample_prop_name_5552,2309,
2310,sample_prop_name_5553,2310,
2311,饕餮军徽碎片,2311,
2312,金星改造军徽碎片,2312,
2313,sample_prop_name_5556,2313,
2314,金星生产军徽碎片,2314,
2315,sample_prop_name_5558,2315,
2316,金星工程军徽碎片,2316,
2317,sample_prop_name_5560,2317,
2318,sample_prop_name_5561,2318,
2319,sample_prop_name_5562,2319,
2320,sample_prop_name_5563,2320,
2321,装扮可选箱I,2321,
2322,副官召集令,2322,
2323,小丑戏法,2323,
2324,商业帝国建筑,2324,
2325,sample_prop_name_5568,2325,
2326,sample_prop_name_5569,2326,
2327,sample_prop_name_5570,2327,
2328,军徽科技随机箱,2328,
2329,熔岩工厂装扮,2329,
2330,熔岩工厂碎片,2330,
2331,2024劳动金币,2331,
2332,2024劳动银币,2332,
2333,劳动节礼包,2333,
2334,劳动扳手头像,2334,
2335,五一劳动头像框,2335,
2336,节日烟火围墙永久版,2336,
2337,称号-竞猜之王,2337,
2338,称号-绿荫勇士,2338,
2339,闪耀球星基地皮肤永久版,2339,
2340,闪耀球星兑换券,2340,
2341,绿荫足球头像,2341,
2342,足球狂欢头像框,2342,
2343,足球狂欢银币,2343,
2344,足球狂欢金币,2344,
2345,神秘档案,2345,
2346,黑天鹅,2346,
2347,好运之神称号,2347,
2348,英勇指挥刀,2348,
2349,边锋佩剑,2349,
2350,威令权杖,2350,
2351,游园金币,2351,
2352,游园银币,2352,
2353,游园礼包,2353,
2354,童趣游乐场,2354,
2355,儿童乐园皮肤碎片,2355,
2356,游园会头像,2356,
2357,电玩头像框,2357,
2358,99A涂装[夏日版]碎片,2358,
2359,小飞象涂装[夏日版]碎片,2359,
2360,巨象涂装[夏日版]碎片,2360,
2361,红箭10涂装[夏日版]碎片,2361,
2362,讲义奖章自选箱,2362,
2363,初级能源晶核包,2363,
2364,中级能源晶核包,2364,
2365,高级能源晶核包,2365,
2366,威望级能源晶核包,2366,
2367,战塔强化包,2367,
2368,能源晶核原料包,2368,
2369,战塔强化指定包,2369,
2370,能源晶核原料指定包,2370,
2371,72小时能源晶核加速,2371,
2372,橙色坦克反击秘籍,2372,
2373,橙色分布提升1型秘籍,2373,
2374,橙色分布提升2型秘籍,2374,
2375,橙色分布提升3型秘籍,2375,
2376,橙色歼击车威力秘籍,2376,
2377,橙色火箭车劣势反杀秘籍,2377,
2378,橙色火炮目标打击秘籍,2378,
2379,橙色护盾补籍,2379,
2380,紫色分布提升1型秘籍,2380,
2381,紫色分布提升2型秘籍,2381,
2382,紫色分布提升3型秘籍,2382,
2383,紫色歼击车威力秘籍,2383,
2384,紫色火箭车劣势反杀秘籍,2384,
2385,紫色火炮目标打击秘籍,2385,
2386,紫色坦克反击秘籍,2386,
2387,贝壳金币,2387,
2388,贝壳银币,2388,
2389,2024夏日礼包,2389,
2390,沙雕城堡,2390,
2391,沙雕城堡皮肤碎片,2391,
2392,夏日头像,2392,
2393,夏日头像框,2393,
2394,夺宝礼盒,2394,
2395,绿色能源晶核箱,2395,
2396,蓝色能源晶核箱,2396,
2397,紫色能源晶核箱,2397,
2398,能源晶核随机箱,2398,
2399,橙色能源晶核随机箱,2399,
2400,橙色能源晶核可选箱,2400,
2401,紫色伤害递增能源晶核,2401,
2402,紫色护盾能源晶核,2402,
2403,橙色分布提升能源晶核,2403,
2404,橙色先手威力能源晶核,2404,
2405,橙色满编威力能源晶核,2405,
2406,橙色坦克反击能源晶核,2406,
2407,橙色分布提升1型,2407,
2408,橙色分布提升2型,2408,
2409,橙色分布提升3型,2409,
2410,橙色歼击车威力,2410,
2411,橙色火箭车劣势反杀,2411,
2412,橙色火炮目标打击,2412,
2413,橙色护盾,2413,
2414,紫色分布提升1型,2414,
2415,紫色分布提升2型,2415,
2416,紫色分布提升3型,2416,
2417,紫色歼击车威力,2417,
2418,紫色火箭车劣势反杀,2418,
2419,紫色火炮目标打击,2419,
2420,紫色坦克反伤,2420,
2421,能源晶核合成器原料指定包,2421,
2422,战塔科技材料随机箱,2422,
2423,战塔科技材料可选箱,2423,
2424,特级将领副官包,2424,
2425,特级将领副官可选包,2425,
2426,金玫瑰,2426,
2427,银玫瑰,2427,
2428,甜蜜礼包,2428,
2429,甜蜜音律,2429,
2430,甜蜜音律皮肤碎片,2430,
2431,七夕头像,2431,
2432,甜蜜头像框,2432,
2433,爱意环绕,2433,
2434,sample_prop_name_5678,2434,
2435,sample_prop_name_5679,2435,
2436,sample_prop_name_5680,2436,
2437,军装箱钥匙,2437,
2438,橙色武器军装随机箱,2438,
2439,橙色军帽军装随机箱,2439,
2440,橙色作战服军装随机箱,2440,
2441,橙色战斗靴军装随机箱,2441,
2442,橙色配饰军装随机箱,2442,
2443,橙色匕首军装随机箱,2443,
2444,橙色手枪军装随机箱,2444,
2445,橙色武器军装可选箱,2445,
2446,橙色军帽军装可选箱,2446,
2447,橙色作战服军装可选箱,2447,
2448,橙色战斗靴军装可选箱,2448,
2449,橙色配饰军装可选箱,2449,
2450,橙色匕首军装可选箱,2450,
2451,橙色手枪军装可选箱,2451,
2452,仿生星光-永久,2452,
2453,仿生纳米,2453,
2454,虎III式[秋季版]碎片,2454,
2455,脉冲坦克[秋季版]碎片,2455,
2456,熔岩自行火炮[秋季版]碎片,2456,
2457,寒霜火箭车[秋季版]碎片,2457,
2458,月饼制造厂,2458,
2459,月饼制造厂皮肤碎片,2459,
2460,追月头像,2460,
2461,追月头像框,2461,
2462,追月礼盒,2462,
2463,番茄培育所,2463,
2464,番茄培育所皮肤碎片,2464,
2465,2024番茄节头像,2465,
2466,2024番茄节头像框,2466,
2467,1型随机传奇碎片箱,2467,
2468,2型随机传奇碎片箱,2468,
2469,3型随机传奇碎片箱,2469,
2470,4型随机传奇碎片箱,2470,
2471,1型可选传奇碎片箱,2471,
2472,2型可选传奇碎片箱,2472,
2473,3型可选传奇碎片箱,2473,
2474,4型可选传奇碎片箱,2474,
2475,1型随机传奇碎末箱,2475,
2476,2型随机传奇碎末箱,2476,
2477,3型随机传奇碎末箱,2477,
2478,4型随机传奇碎末箱,2478,
2479,1型可选传奇碎末箱,2479,
2480,2型可选传奇碎末箱,2480,
2481,3型可选传奇碎末箱,2481,
2482,4型可选传奇碎末箱,2482,
2483,1号位随机传奇碎片箱,2483,
2484,1号位可选传奇碎片箱,2484,
2485,1号位随机传奇碎末箱,2485,
2486,1号位可选传奇碎末箱,2486,
2487,2号位随机传奇碎片箱,2487,
2488,2号位可选传奇碎片箱,2488,
2489,2号位随机传奇碎末箱,2489,
2490,2号位可选传奇碎末箱,2490,
2491,3号位随机传奇碎片箱,2491,
2492,3号位可选传奇碎片箱,2492,
2493,3号位随机传奇碎末箱,2493,
2494,3号位可选传奇碎末箱,2494,
2495,4号位随机传奇碎片箱,2495,
2496,4号位可选传奇碎片箱,2496,
2497,4号位随机传奇碎末箱,2497,
2498,4号位可选传奇碎末箱,2498,
2499,5号位随机传奇碎片箱,2499,
2500,5号位可选传奇碎片箱,2500,
2501,5号位随机传奇碎末箱,2501,
2502,5号位可选传奇碎末箱,2502,
2503,6号位随机传奇碎片箱,2503,
2504,6号位可选传奇碎片箱,2504,
2505,6号位随机传奇碎末箱,2505,
2506,6号位可选传奇碎末箱,2506,
2507,7号位随机传奇碎片箱,2507,
2508,7号位可选传奇碎片箱,2508,
2509,7号位随机传奇碎末箱,2509,
2510,7号位可选传奇碎末箱,2510,
2511,8号位随机传奇碎片箱,2511,
2512,8号位可选传奇碎片箱,2512,
2513,8号位随机传奇碎末箱,2513,
2514,8号位可选传奇碎末箱,2514,
2515,碧海女武神,2515,
2516,彩色配件图纸,2516,
2517,普通晶蓝部件随机箱,2517,
2518,简易晶蓝部件随机箱,2518,
2519,精良晶蓝部件随机箱,2519,
2520,稀有晶蓝部件随机箱,2520,
2521,史诗晶蓝坦克部件随机箱,2521,
2522,史诗晶蓝歼击车部件随机箱,2522,
2523,史诗晶蓝火炮部件随机箱,2523,
2524,史诗晶蓝火箭车部件随机箱,2524,
2525,传奇晶蓝坦克部件随机箱,2525,
2526,传奇晶蓝歼击车部件随机箱,2526,
2527,传奇晶蓝火炮部件随机箱,2527,
2528,传奇晶蓝火箭车部件随机箱,2528,
2529,普通蜂黄部件随机箱,2529,
2530,简易蜂黄部件随机箱,2530,
2531,精良蜂黄部件随机箱,2531,
2532,稀有蜂黄部件随机箱,2532,
2533,史诗蜂黄坦克部件随机箱,2533,
2534,史诗蜂黄歼击车部件随机箱,2534,
2535,史诗蜂黄火炮部件随机箱,2535,
2536,史诗蜂黄火箭车部件随机箱,2536,
2537,传奇蜂黄坦克部件随机箱,2537,
2538,传奇蜂黄歼击车部件随机箱,2538,
2539,传奇蜂黄火炮部件随机箱,2539,
2540,传奇蜂黄火箭车部件随机箱,2540,
2541,普通翠绿部件随机箱,2541,
2542,简易翠绿部件随机箱,2542,
2543,精良翠绿部件随机箱,2543,
2544,稀有翠绿部件随机箱,2544,
2545,史诗翠绿坦克部件随机箱,2545,
2546,史诗翠绿歼击车部件随机箱,2546,
2547,史诗翠绿火炮部件随机箱,2547,
2548,史诗翠绿火箭车部件随机箱,2548,
2549,传奇翠绿坦克部件随机箱,2549,
2550,传奇翠绿歼击车部件随机箱,2550,
2551,传奇翠绿火炮部件随机箱,2551,
2552,传奇翠绿火箭车部件随机箱,2552,
2553,稀有炮口随机箱,2553,
2554,稀有炮管随机箱,2554,
2555,稀有舱盖随机箱,2555,
2556,稀有装甲随机箱,2556,
2557,稀有轮子随机箱,2557,
2558,稀有弹药随机箱,2558,
2559,稀有照明随机箱,2559,
2560,稀有减震器随机箱,2560,
2561,稀有能动轮随机箱,2561,
2562,稀有雷达随机箱,2562,
2563,稀有炮口指定箱,2563,
2564,稀有炮管指定箱,2564,
2565,稀有舱盖指定箱,2565,
2566,稀有装甲指定箱,2566,
2567,稀有轮子指定箱,2567,
2568,稀有弹药指定箱,2568,
2569,稀有照明指定箱,2569,
2570,稀有减震器指定箱,2570,
2571,稀有能动轮指定箱,2571,
2572,稀有雷达指定箱,2572,
2573,史诗炮口碎片随机箱,2573,
2574,史诗炮管碎片随机箱,2574,
2575,史诗舱盖碎片随机箱,2575,
2576,史诗装甲碎片随机箱,2576,
2577,史诗轮子碎片随机箱,2577,
2578,史诗弹药碎片随机箱,2578,
2579,史诗照明碎片随机箱,2579,
2580,史诗减震器碎片随机箱,2580,
2581,史诗能动轮碎片随机箱,2581,
2582,史诗雷达碎片随机箱,2582,
2583,史诗炮口碎片指定箱,2583,
2584,史诗炮管碎片指定箱,2584,
2585,史诗舱盖碎片指定箱,2585,
2586,史诗装甲碎片指定箱,2586,
2587,史诗轮子碎片指定箱,2587,
2588,史诗弹药碎片指定箱,2588,
2589,史诗照明碎片指定箱,2589,
2590,史诗减震器碎片指定箱,2590,
2591,史诗能动轮碎片指定箱,2591,
2592,史诗雷达碎片指定箱,2592,
2593,传奇炮口碎片随机箱,2593,
2594,传奇炮管碎片随机箱,2594,
2595,传奇舱盖碎片随机箱,2595,
2596,传奇装甲碎片随机箱,2596,
2597,传奇轮子碎片随机箱,2597,
2598,传奇弹药碎片随机箱,2598,
2599,传奇照明碎片随机箱,2599,
2600,传奇减震器碎片随机箱,2600,
2601,传奇能动轮碎片随机箱,2601,
2602,传奇雷达碎片随机箱,2602,
2603,传奇炮口碎片指定箱,2603,
2604,传奇炮管碎片指定箱,2604,
2605,传奇舱盖碎片指定箱,2605,
2606,传奇装甲碎片指定箱,2606,
2607,传奇轮子碎片指定箱,2607,
2608,传奇弹药碎片指定箱,2608,
2609,传奇照明碎片指定箱,2609,
2610,传奇减震器碎片指定箱,2610,
2611,传奇能动轮碎片指定箱,2611,
2612,传奇雷达碎片指定箱,2612,
2613,史诗炮口随机箱,2613,
2614,史诗炮管随机箱,2614,
2615,史诗舱盖随机箱,2615,
2616,史诗装甲随机箱,2616,
2617,史诗轮子随机箱,2617,
2618,史诗弹药随机箱,2618,
2619,史诗照明随机箱,2619,
2620,史诗减震器随机箱,2620,
2621,史诗能动轮随机箱,2621,
2622,史诗雷达随机箱,2622,
2623,史诗炮口随机箱(碎片),2623,
2624,史诗炮管随机箱(碎片),2624,
2625,史诗舱盖随机箱(碎片),2625,
2626,史诗装甲随机箱(碎片),2626,
2627,史诗轮子随机箱(碎片),2627,
2628,史诗弹药随机箱(碎片),2628,
2629,史诗照明随机箱(碎片),2629,
2630,史诗减震器随机箱(碎片),2630,
2631,史诗能动轮随机箱(碎片),2631,
2632,史诗雷达随机箱(碎片),2632,
2633,传奇炮口随机箱,2633,
2634,传奇炮管随机箱,2634,
2635,传奇舱盖随机箱,2635,
2636,传奇装甲随机箱,2636,
2637,传奇轮子随机箱,2637,
2638,传奇弹药随机箱,2638,
2639,传奇照明随机箱,2639,
2640,传奇减震器随机箱,2640,
2641,传奇能动轮随机箱,2641,
2642,传奇雷达随机箱,2642,
2643,传奇炮口随机箱(碎片),2643,
2644,传奇炮管随机箱(碎片),2644,
2645,传奇舱盖随机箱(碎片),2645,
2646,传奇装甲随机箱(碎片),2646,
2647,传奇轮子随机箱(碎片),2647,
2648,传奇弹药随机箱(碎片),2648,
2649,传奇照明随机箱(碎片),2649,
2650,传奇减震器随机箱(碎片),2650,
2651,传奇能动轮随机箱(碎片),2651,
2652,传奇雷达随机箱(碎片),2652,
2653,初级研究室绿色设计图随机箱,2653,
2654,初级研究室蓝色设计图随机箱,2654,
2655,初级研究室紫色设计图随机箱,2655,
2656,高级研究室绿色设计图随机箱,2656,
2657,高级研究室蓝色设计图随机箱,2657,
2658,高级研究室紫色设计图随机箱,2658,
2659,初级研究室绿色设计图可选箱,2659,
2660,初级研究室蓝色设计图可选箱,2660,
2661,初级研究室紫色设计图可选箱,2661,
2662,初级研究室橙色设计图可选箱,2662,
2663,初级研究室红色设计图可选箱,2663,
2664,高级研究室绿色设计图可选箱,2664,
2665,高级研究室蓝色设计图可选箱,2665,
2666,高级研究室紫色设计图可选箱,2666,
2667,高级研究室橙色设计图可选箱,2667,
2668,高级研究室红色设计图可选箱,2668,
2669,初级研究室橙色设计图随机箱,2669,
2670,初级研究室红色设计图随机箱,2670,
2671,高级研究室橙色设计图随机箱,2671,
2672,高级研究室红色设计图随机箱,2672,
2673,史诗部件碎片可选箱,2673,
2674,传奇部件碎片可选箱,2674,
2675,称号-利剑大将,2675,
2676,称号-利剑中将,2676,
2677,称号-利剑少将,2677,
2678,烟火城堡装扮,2678,
2679,烟火城堡碎片,2679,
2680,利剑头像,2680,
2681,利剑头像框,2681,
2682,利剑礼包,2682,
2683,尖叫小屋,2683,
2684,尖叫小屋皮肤碎片,2684,
2685,惊吓南瓜头像,2685,
2686,惊吓头像框,2686,
2687,闹鬼礼盒,2687,
2688,金币雨基地围墙永久版,2688,
2689,金锚,2689,
2690,银锚,2690,
2691,星光环绕基地围墙,2691,
2692,潮汐领航皮肤,2692,
2693,潮汐领航碎片,2693,
2694,sample_prop_name_5938,2694,
2695,sample_prop_name_5939,2695,
2696,烟火盛典基地围墙,2696,
2697,11周年庆典头像,2697,
2698,11周年庆典头像框,2698,
2699,庆典礼包,2699,
2700,厂房资源随机箱,2700,
2701,厂房资源可选箱,2701,
2702,温馨感恩所基地皮肤永久版,2702,
2703,温馨感恩所碎片,2703,
2704,感恩火鸡货运装扮,2704,
2705,感恩火鸡货运装扮-7天,2705,
2706,感恩火鸡货运装扮-30天,2706,
2707,罗马巨帆货运装扮,2707,
2708,罗马巨帆货运装扮-7天,2708,
2709,罗马巨帆货运装扮-30天,2709,
2710,军团货运票据,2710,
2711,军团货运杂货箱,2711,
2712,比蒙坦克[冬季版]碎片,2712,
2713,泰坦歼击车[冬季版]碎片,2713,
2714,蛮王火炮[冬季版]碎片,2714,
2715,红龙火箭车[冬季版]碎片,2715,
2716,金色圣诞铃,2716,
2717,红色圣诞球,2717,
2718,2024圣诞节礼包,2718,
2719,圣诞飞车装扮,2719,
2720,圣诞飞车碎片,2720,
2721,驯鹿旋舞基地围墙,2721,
2722,2024圣诞飞车头像,2722,
2723,2024冰雪世界头像框,2723,
2724,研究室绿色设计图可选箱,2724,
2725,圣诞女郎,2725,
2726,金蛇币,2726,
2727,银蛇币,2727,
2728,金蛇礼盒,2728,
2729,金蛇圣所,2729,
2730,金蛇圣所皮肤碎片,2730,
2731,金蛇头像,2731,
2732,金蛇头像框,2732,
2733,资源卡（中级）抵用券,2733,
2734,战场-海岸烽火,2734,
2735,玫瑰花束,2735,
2736,一朵玫瑰,2736,
2737,情人礼盒,2737,
2738,浪漫庭院,2738,
2739,浪漫庭院碎片,2739,
2740,浪漫头像,2740,
2741,浪漫头像框,2741,
2742,粉色辣妹,2742,
2743,新型将领魂魄可选箱Ⅰ,2743,
2744,新型将领魂魄可选箱Ⅱ,2744,
2745,绿叶金币,2745,
2746,绿叶银币,2746,
2747,踏青礼包,2747,
2748,甜品王国基地皮肤,2748,
2749,甜品王国基地皮肤碎片,2749,
2750,甜品头像,2750,
2751,踏青头像框,2751,
2752,神圣之翼基地围墙,2752,
2753,碧海女神将,2753,
2754,利剑礼包,2754,
2755,黄金船锚,2755,
2756,白银船锚,2756,
2757,雨燕金币,2757,
2758,雨燕银币,2758,
2759,露珠礼包,2759,
2760,彩蛋教堂基地皮肤永久版,2760,
2761,彩蛋教堂基地皮肤碎片,2761,
2762,雨燕头像,2762,
2763,游湖头像框,2763,
2764,间谍-柚梦通缉令,2764,
2765,威赫权杖,2765,
2766,断绝之剑,2766,
2767,屠戮之刃,2767,
2768,崩坏之刃,2768,
2769,战场-沙漠风暴,2769,
2770,小丑狂飙货运装扮,2770,
2771,小丑狂飙货运装扮-7天,2771,
2772,小丑狂飙货运装扮-30天,2772,
2773,仿生纳米,2773,
2774,核能晶体,2774,
2775,2025劳动金币,2775,
2776,2025劳动银币,2776,
2777,劳动礼盒,2777,
2778,罗马纷争基地皮肤,2778,
2779,罗马纷争碎片,2779,
2780,2025劳动头像,2780,
2781,2025劳动头像框,2781,
2782,仿生神经,2782,
2783,强化芯片箱,2783,
2784,结晶固定器,2784,
2785,结晶粘合器,2785,
2786,正义同盟基地围墙永久版,2786,
2787,枪林弹雨-永久版,2787,
2788,荣誉钞票,2788,
2789,童梦金徽,2789,
2790,童梦银徽,2790,
2791,童梦礼包,2791,
2792,梦幻童堡,2792,
2793,梦幻童堡碎片,2793,
2794,童梦奇缘,2794,
2795,2025六一头像框,2795,
2796,端阳龙舟货运装扮,2796,
2797,端阳龙舟货运装扮-7天,2797,
2798,端阳龙舟货运装扮-30天,2798,
2799,皇家战舰货运装扮,2799,
2800,皇家战舰货运装扮-7天,2800,
2801,皇家战舰货运装扮-30天,2801,
2802,星澜翼舰货运装扮,2802,
2803,星澜翼舰货运装扮-7天,2803,
2804,星澜翼舰货运装扮-30天,2804,
2805,汽水,2805,
2806,冰棒,2806,
2807,2025夏日礼包,2807,
2808,煌金御空-永久版,2808,
2809,煌金碎片,2809,
2810,水晶爱意,2810,
2811,浪漫玫瑰头像框,2811,
2812,Lv12可选结晶,2812,
2813,炽能晶芒-3日版,2813,
2814,炽能晶芒-30日版,2814,
2815,焰狱天启-3日版,2815,
2816,焰狱天启-30日版,2816,
2817,铁幕戍卫-3日版,2817,
2818,铁幕戍卫-30日版,2818,
2819,动态头像2-3日版,2819,
2820,动态头像2-30日版,2820,
2821,炽能晶芒-永久版,2821,
2822,远航者飞艇装扮永久版,2822,
2823,远航者飞艇装扮30日版,2823,
2824,远航者飞艇装扮7日版,2824,
2825,死神之镰飞艇装扮永久版,2825,
2826,死神之镰飞艇装扮30日版,2826,
2827,死神之镰飞艇装扮7日版,2827,
2828,所有形象包（测试用）,2828,
2829,金块,2829,
2830,岩金,2830,
2831,飞鹰计划礼包,2831,
2832,狂沙翼虎,2832,
2833,狂沙翼虎皮肤碎片,2833,
2834,天启坦克[闪电版]碎片,2834,
2835,猛虎歼击车[闪电版]碎片,2835,
2836,黑豹自行火炮[闪电版]碎片,2836,
2837,尖啸者火箭车[闪电版]碎片,2837,
2838,福利装扮兑换券,2838,
2839,完美红外干扰技能箱,2839,
2840,完美隐身涂装技能箱,2840,
2841,完美连环射击技能箱,2841,
2842,完美坦克-战痕技能箱,2842,
2843,完美歼击车-战痕技能箱,2843,
2844,完美自行火炮-战痕技能箱,2844,
2845,完美火箭车-战痕技能箱,2845,
2846,完美精锐部队技能箱,2846,
2847,完美构筑工事技能箱,2847,
2848,完美坦克-烟雾弹技能箱,2848,
2849,完美歼击车-烟雾弹技能箱,2849,
2850,完美自行火炮-烟雾弹技能箱,2850,
2851,完美火箭车-烟雾弹技能箱,2851,
2852,浪漫花束,2852,
2853,浪漫玫瑰,2853,
2854,2025七夕礼盒,2854,
2855,海洋研究所,2855,
2856,海洋研究所碎片,2856,
2857,白氅少帅,2857,
2858,番茄祭舞基地围墙,2858,
2859,春季版涂装碎片可选箱,2859,
2860,夏日版涂装碎片可选箱,2860,
2861,秋季版涂装碎片可选箱,2861,
2862,冬季版涂装碎片可选箱,2862,
2863,闪电版涂装碎片可选箱,2863,
2864,金枪鱼战车装扮永久版,2864,
2865,金枪鱼战车装扮7日版,2865,
2866,金枪鱼战车装扮30日版,2866,
2867,战争火喉飞艇装扮永久版,2867,
2868,战争火喉飞艇装扮30日版,2868,
2869,战争火喉飞艇装扮7日版,2869,
2870,剑鱼号飞艇装扮永久版,2870,
2871,剑鱼号飞艇装扮30日版,2871,
2872,剑鱼号飞艇装扮7日版,2872,
2873,麦芽战舰基地皮肤,2873,
2874,麦芽战舰基地皮肤碎片,2874,
2875,2025啤酒节礼包,2875,
2876,啤酒马车装扮永久版,2876,
2877,啤酒马车装扮7日版,2877,
2878,啤酒马车装扮30日版,2878,
2879,捕鲨船装扮永久版,2879,
2880,捕鲨船装扮7日版,2880,
2881,捕鲨船装扮30日版,2881,
2882,赤红晶核,2882,
2883,幽壤,2883,
2884,2025伐木活动礼包,2884,
2885,月隐灵鹿,2885,
2886,月隐灵鹿碎片,2886,
2887,苍蓝战姬,2887,
2888,火箭车反熵能源,2888,
2889,歼击车反熵能源,2889,
2890,火炮反熵能源,2890,
2891,坦克反熵能源,2891,
2892,反熵能源晶体,2892,
2893,迁徙之辉-永久版,2893,
2894,迁徙之辉-3日版,2894,
2895,迁徙之辉-30日版,2895,
2896,鎏金盛典-永久版,2896,
2897,鎏金盛典-3日版,2897,
2898,鎏金盛典-30日版,2898,
2899,所有基地皮肤包,2899,
2900,所有围墙包,2900,
2901,所有贸易运送皮肤包,2901,
2902,加速装置,2902,
2903,2025糖果金币,2903,
2904,2025糖果银币,2904,
2905,2025南瓜礼包,2905,
2906,2025万圣节名片-3日版,2906,
2907,2025万圣节名片-30日版,2907,
2908,飞沙走石基地围墙,2908,
2909,公羊坦克[银河版]碎片,2909,
2910,半人马歼击车[银河版]碎片,2910,
2911,帕拉丁火炮[银河版]碎片,2911,
2912,蛇鲨火箭车[银河版]碎片,2912,
2913,冰封王座,2913,
2914,冰封王座碎片,2914,
2915,名满天下基地皮肤,2915,
2916,丰功伟绩基地皮肤,2916,
2917,花园城市基地皮肤,2917,
2918,海市蜃楼基地皮肤,2918,
2919,绿荫球场基地皮肤,2919,
2920,球场盛典基地皮肤,2920,
2921,机械战兔基地皮肤,2921,
2922,彩蛋奇迹基地皮肤,2922,
2923,中势力铭牌,2923,
2924,美势力铭牌,2924,
2925,德势力铭牌,2925,
2926,俄势力铭牌,2926,
2927,稀有部件可选箱,2927,
2928,复活币,2928,
2929,2025年锦鲤卡,2929,
2930,远海通行券,2930,
2931,夜钓灯,2931,
2932,高级放线器,2932,
2933,生物定位仪,2933,
2934,金鳞天枢,2934,
2935,金鳞天枢碎片,2935,
2936,海钓金币,2936,
2937,海钓银币,2937,
2938,海钓礼盒,2938,
2939,十二周年庆头像,2939,
2940,十二周年庆头像框,2940,
2941,庆典铲车,2941,
2942,庆典铲车7日版,2942,
2943,庆典铲车30日版,2943,
2944,指挥部队矩阵精华,2944,
2945,抢修部队矩阵精华,2945,
2946,雷达部队矩阵精华,2946,
2947,通讯部队矩阵精华,2947,
2948,补给部队矩阵精华,2948,
2949,保养部队矩阵精华,2949,
2950,1-3号传奇A型组件碎片箱,2950,
2951,4-6号传奇A型组件碎片箱,2951,
2952,1-3号传奇B型组件碎片箱,2952,
2953,4-6号传奇B型组件碎片箱,2953,
2954,1-3号传奇C型组件碎片箱,2954,
2955,4-6号传奇C型组件碎片箱,2955,
2956,1-3号传奇A型组件碎末箱,2956,
2957,4-6号传奇A型组件碎末箱,2957,
2958,1-3号传奇B型组件碎末箱,2958,
2959,4-6号传奇B型组件碎末箱,2959,
2960,1-3号传奇C型组件碎末箱,2960,
2961,4-6号传奇C型组件碎末箱,2961,
2962,海神圣殿,2962,
2963,海神圣殿碎片,2963,
2964,2025金铃铛,2964,
2965,2025红棉球,2965,
2966,2025圣诞节礼包,2966,
2967,电闪雷鸣基地围墙,2967,
2968,蓝锚火薇,2968,
2969,2026元旦礼包,2969,
2970,冒险金币,2970,
2971,冒险银币,2971,
2972,流亡者之刃,2972,
2973,黑曜长剑,2973,
2974,金色飞翼剑,2974,
2975,苍蓝骑士剑,2975,
2976,凛冬审判者,2976,
2977,帝国血色法典,2977,
2978,游骑兵手记,2978,
2979,守望者法典,2979,
2980,翡翠节杖,2980,
2981,普罗米修斯权杖,2981,
2982,回声,2982,
2983,极光,2983,
2984,鼠王坦克[极地版]碎片,2984,
2985,脉冲坦克[极地版]碎片,2985,
2986,熔岩自行火炮[极地版]碎片,2986,
2987,寒霜火箭车[极地版]碎片,2987,
2988,踏浪行宫,2988,
2989,踏浪行宫碎片,2989,
2990,2026海钓金币,2990,
2991,2026海钓银币,2991,
2992,2026春节礼盒,2992,
2993,雪影踪迹货运装扮,2993,
2994,雪影踪迹货运装扮-7天,2994,
2995,雪影踪迹货运装扮-30天,2995,
2996,海盗船货运装扮,2996,
2997,海盗船货运装扮-7天,2997,
2998,海盗船货运装扮-30天,2998,
2999,元宵城堡,2999,
3000,青竹灯,3000,
3001,流云灯,3001,
3002,墨梅灯,3002,
3003,凤华灯,3003,
3004,盛世华章基地围墙,3004,
3005,白色秘宝碎片随机箱,3005,
3006,白色秘宝碎片自选箱,3006,
3007,绿色秘宝碎片随机箱,3007,
3008,绿色秘宝碎片自选箱,3008,
3009,蓝色秘宝碎片随机箱,3009,
3010,蓝色秘宝碎片自选箱,3010,
3011,紫色秘宝碎片随机箱,3011,
3012,紫色秘宝碎片自选箱,3012,
3013,橙色秘宝碎片随机箱,3013,
3014,橙色秘宝碎片自选箱,3014,
3015,红色秘宝碎片随机箱,3015,
3016,红色秘宝碎片自选箱,3016,
3017,2026雨燕金币,3017,
3018,2026雨燕银币,3018,
3019,2026清明节礼包,3019,
3020,清风迎春-3日版,3020,
3021,清风迎春-30日版,3021,
3022,花殿春庭,3022,
3023,花殿春庭碎片,3023,
3024,星云掠夺者飞艇装扮永久版,3024,
3025,星云掠夺者飞艇装扮30日版,3025,
3026,星云掠夺者飞艇装扮7日版,3026,
3027,传奇碟影飞艇装扮永久版,3027,
3028,传奇碟影飞艇装扮30日版,3028,
3029,传奇碟影飞艇装扮7日版,3029,
3030,秘藏币,3030,
3031,2026力量金币,3031,
3032,2026力量银币,3032,
3033,2026五一礼包,3033,
3034,基建狂兔,3034,
3035,基建狂兔皮肤碎片,3035,
3036,蓝图总工,3036,
3037,2026劳动节头像框,3037,
3038,雪国先锋,3038,
3039,相位跃迁-永久版,3039,
3040,相位跃迁-3日版,3040,
3041,相位跃迁-30日版,3041,
3042,装扮可选箱,3042,
3043,擎天战车货运装扮,3043,
3044,擎天战车货运装扮-7天,3044,
3045,擎天战车货运装扮-30天,3045,
3046,积木金币,3046,
3047,积木银币,3047,
3048,2026儿童节礼包,3048,
3049,泡泡城堡基地皮肤,3049,
3050,泡泡城堡基地皮肤碎片,3050,
3051,糖芯小队,3051,
3052,虎王坦克[恶魔版]碎片,3052,
3053,斗狼歼击车[恶魔版]碎片,3053,
3054,猛犸自行火炮[恶魔版]碎片,3054,
3055,怒狮火箭车[恶魔版]碎片,3055,
3056,2026足球银币,3056,
3057,2026足球金币,3057,
3058,百猜百中,3058,
3059,纵横赛场,3059,
3060,重炮轰门基地围墙,3060,
3061,sample_prop_name_6408,3061,
3062,sample_prop_name_6409,3062,
3063,sample_prop_name_6410,3063,
3064,sample_prop_name_6411,3064,
3065,sample_prop_name_6412,3065,
3066,sample_prop_name_6413,3066,
3067,sample_prop_name_6414,3067,
3068,sample_prop_name_6415,3068,
3069,sample_prop_name_6416,3069,
3070,sample_prop_name_6417,3070,
3071,sample_prop_name_6418,3071,
3072,sample_prop_name_6419,3072,
3073,sample_prop_name_6420,3073,
3074,sample_prop_name_6421,3074,
3075,sample_prop_name_6422,3075,
3076,sample_prop_name_6423,3076,
3077,sample_prop_name_6424,3077,
3078,sample_prop_name_6425,3078,
3079,sample_prop_name_6426,3079,
3080,sample_prop_name_6427,3080,
3081,sample_prop_name_6428,3081,
3082,sample_prop_name_6429,3082,
3083,sample_prop_name_6430,3083,
3084,sample_prop_name_6431,3084,
3085,sample_prop_name_6432,3085,
3086,sample_prop_name_6433,3086,
3087,sample_prop_name_6434,3087,
3088,sample_prop_name_6435,3088,
3089,sample_prop_name_6436,3089,
3090,sample_prop_name_6437,3090,
3091,sample_prop_name_6438,3091,
3092,sample_prop_name_6439,3092,
3093,sample_prop_name_6440,3093,
3094,sample_prop_name_6441,3094,
3095,sample_prop_name_6442,3095,
3096,sample_prop_name_6443,3096,
3097,sample_prop_name_6444,3097,
3098,sample_prop_name_6445,3098,
3099,sample_prop_name_6446,3099,
3100,sample_prop_name_6447,3100,
3101,sample_prop_name_6448,3101,
3102,sample_prop_name_6449,3102,
3103,sample_prop_name_6450,3103,
3104,sample_prop_name_6451,3104,
3105,sample_prop_name_6452,3105,
3106,sample_prop_name_6453,3106,
3107,sample_prop_name_6454,3107,
3108,sample_prop_name_6455,3108,
3109,sample_prop_name_6456,3109,
3110,sample_prop_name_6457,3110,
3111,sample_prop_name_6458,3111,
3112,sample_prop_name_6459,3112,
3113,sample_prop_name_6460,3113,
3114,sample_prop_name_6461,3114,
3115,sample_prop_name_6462,3115,
3116,sample_prop_name_6463,3116,
3117,sample_prop_name_6464,3117,
3118,sample_prop_name_6465,3118,
3119,sample_prop_name_6466,3119,
3120,sample_prop_name_6467,3120,
3121,sample_prop_name_6468,3121,
3122,sample_prop_name_6469,3122,
3123,sample_prop_name_6470,3123,
3124,sample_prop_name_6471,3124,
3125,sample_prop_name_6472,3125,
3126,sample_prop_name_6473,3126,
3127,sample_prop_name_6474,3127,
3128,sample_prop_name_6475,3128,
3129,sample_prop_name_6476,3129,
3130,sample_prop_name_6477,3130,
3131,sample_prop_name_6478,3131,
3132,sample_prop_name_6479,3132,
3133,sample_prop_name_6480,3133,
3134,sample_prop_name_6481,3134,
3135,sample_prop_name_6482,3135,
3136,sample_prop_name_6483,3136,
3137,sample_prop_name_6484,3137,
3138,sample_prop_name_6485,3138,
3139,sample_prop_name_6486,3139,
3140,sample_prop_name_6487,3140,
3141,sample_prop_name_6488,3141,
3142,sample_prop_name_6489,3142,
3143,sample_prop_name_6490,3143,
3144,sample_prop_name_6491,3144,
3145,sample_prop_name_6492,3145,
3146,sample_prop_name_6493,3146,
3147,sample_prop_name_6494,3147,
3148,sample_prop_name_6495,3148,
3149,sample_prop_name_6496,3149,
3150,sample_prop_name_6497,3150,
3151,sample_prop_name_6498,3151,
3152,sample_prop_name_6499,3152,
3153,sample_prop_name_6500,3153,
3154,sample_prop_name_6501,3154,
3155,sample_prop_name_6502,3155,
3156,sample_prop_name_6503,3156,
3157,sample_prop_name_6504,3157,
3158,sample_prop_name_6505,3158,
3159,sample_prop_name_6506,3159,
3160,sample_prop_name_6507,3160,
3161,sample_prop_name_6508,3161,
3162,sample_prop_name_6509,3162,
3163,sample_prop_name_6510,3163,
3164,sample_prop_name_6511,3164,
3165,sample_prop_name_6512,3165,
3166,sample_prop_name_6513,3166,
3167,sample_prop_name_6514,3167,
3168,sample_prop_name_6515,3168,
3169,sample_prop_name_6516,3169,
3170,sample_prop_name_6517,3170,
3171,sample_prop_name_6518,3171,
3172,sample_prop_name_6519,3172,
3173,sample_prop_name_6520,3173,
3174,sample_prop_name_6521,3174,
3175,sample_prop_name_6522,3175,
3176,sample_prop_name_6523,3176,
3177,sample_prop_name_6524,3177,
3178,sample_prop_name_6525,3178,
3179,sample_prop_name_6526,3179,
3180,sample_prop_name_6527,3180,
3181,sample_prop_name_6528,3181,
3182,sample_prop_name_6529,3182,
3183,sample_prop_name_6530,3183,
3184,sample_prop_name_6531,3184,
3185,sample_prop_name_6532,3185,
3186,sample_prop_name_6533,3186,
3187,sample_prop_name_6534,3187,
3188,sample_prop_name_6535,3188,
3189,sample_prop_name_6536,3189,
3190,sample_prop_name_6537,3190,
3191,sample_prop_name_6538,3191,
3192,sample_prop_name_6539,3192,
3193,sample_prop_name_6540,3193,
3194,sample_prop_name_6541,3194,
3195,sample_prop_name_6542,3195,
3196,sample_prop_name_6543,3196,
3197,sample_prop_name_6544,3197,
3198,sample_prop_name_6545,3198,
3199,sample_prop_name_6546,3199,
3200,sample_prop_name_6547,3200,
3201,sample_prop_name_6548,3201,
3202,sample_prop_name_6549,3202,
3203,sample_prop_name_6550,3203,
3204,sample_prop_name_6551,3204,
3205,sample_prop_name_6552,3205,
3206,sample_prop_name_6553,3206,
3207,sample_prop_name_6554,3207,
3208,sample_prop_name_6555,3208,
3209,sample_prop_name_6556,3209,
3210,sample_prop_name_6557,3210,
3211,sample_prop_name_6558,3211,
3212,sample_prop_name_6559,3212,
3213,sample_prop_name_6560,3213,
3214,sample_prop_name_6561,3214,
3215,sample_prop_name_6562,3215,
3216,sample_prop_name_6563,3216,
3217,sample_prop_name_6564,3217,
3218,sample_prop_name_6565,3218,
3219,sample_prop_name_6566,3219,
3220,sample_prop_name_6567,3220,
3221,sample_prop_name_6568,3221,
3222,sample_prop_name_6569,3222,
3223,sample_prop_name_6570,3223,
3224,sample_prop_name_6571,3224,
3225,sample_prop_name_6572,3225,
3226,sample_prop_name_6573,3226,
3227,sample_prop_name_6574,3227,
3228,sample_prop_name_6575,3228,
3229,sample_prop_name_6576,3229,
3230,sample_prop_name_6577,3230,
3231,sample_prop_name_6578,3231,
3232,sample_prop_name_6579,3232,
3233,sample_prop_name_6580,3233,
3234,sample_prop_name_6581,3234,
3235,sample_prop_name_6582,3235,
3236,sample_prop_name_6583,3236,
3237,sample_prop_name_6584,3237,
3238,sample_prop_name_6585,3238,
3239,sample_prop_name_6586,3239,
3240,sample_prop_name_6587,3240,
3241,sample_prop_name_6588,3241,
3242,sample_prop_name_6589,3242,
3243,sample_prop_name_6590,3243,
3244,sample_prop_name_6591,3244,
3245,sample_prop_name_6592,3245,
3246,sample_prop_name_6593,3246,
3247,sample_prop_name_6594,3247,
3248,sample_prop_name_6595,3248,
3249,sample_prop_name_6596,3249,
3250,sample_prop_name_6597,3250,
3251,sample_prop_name_6598,3251,
3252,sample_prop_name_6599,3252,
3253,sample_prop_name_6600,3253,
3254,sample_prop_name_6601,3254,
3255,sample_prop_name_6602,3255,
3256,sample_prop_name_6603,3256,
3257,sample_prop_name_6604,3257,
3258,sample_prop_name_6605,3258,
3259,sample_prop_name_6606,3259,
3260,sample_prop_name_6607,3260,
3261,sample_prop_name_6608,3261,
3262,sample_prop_name_6609,3262,
3263,sample_prop_name_6610,3263,
3264,sample_prop_name_6611,3264,
3265,sample_prop_name_6612,3265,
3266,sample_prop_name_6613,3266,
3267,sample_prop_name_6614,3267,
3268,sample_prop_name_6615,3268,
3269,sample_prop_name_6616,3269,
3270,sample_prop_name_6617,3270,
3271,sample_prop_name_6618,3271,
3272,sample_prop_name_6619,3272,
3273,sample_prop_name_6620,3273,
3274,sample_prop_name_6621,3274,
3275,sample_prop_name_6622,3275,
3276,sample_prop_name_6623,3276,
3277,sample_prop_name_6624,3277,
3278,sample_prop_name_6625,3278,
3279,sample_prop_name_6626,3279,
3280,sample_prop_name_6627,3280,
3281,sample_prop_name_6628,3281,
3282,sample_prop_name_6629,3282,
3283,sample_prop_name_6630,3283,
3284,sample_prop_name_6631,3284,
3285,sample_prop_name_6632,3285,
3286,sample_prop_name_6633,3286,
3287,sample_prop_name_6634,3287,
3288,sample_prop_name_6635,3288,
3289,sample_prop_name_6636,3289,
3290,sample_prop_name_6637,3290,
3291,sample_prop_name_6638,3291,
3292,sample_prop_name_6639,3292,
3293,sample_prop_name_6640,3293,
3294,sample_prop_name_6641,3294,
3295,sample_prop_name_6642,3295,
3296,sample_prop_name_6643,3296,
3297,sample_prop_name_6644,3297,
3298,sample_prop_name_6645,3298,
3299,sample_prop_name_6646,3299,
3300,sample_prop_name_6647,3300,
3301,sample_prop_name_6648,3301,
3302,sample_prop_name_6649,3302,
3303,sample_prop_name_6650,3303,
3304,sample_prop_name_6651,3304,
3305,sample_prop_name_6652,3305,
3306,sample_prop_name_6653,3306,
3307,sample_prop_name_6654,3307,
3308,sample_prop_name_6655,3308,
3309,sample_prop_name_6656,3309,
3310,sample_prop_name_6657,3310,
3311,sample_prop_name_6658,3311,
3312,sample_prop_name_6659,3312,
3313,sample_prop_name_6660,3313,
3314,sample_prop_name_6661,3314,
3315,sample_prop_name_6662,3315,
3316,sample_prop_name_6663,3316,
3317,sample_prop_name_6664,3317,
3318,sample_prop_name_6665,3318,
3319,sample_prop_name_6666,3319,
3320,sample_prop_name_6667,3320,
3321,sample_prop_name_6668,3321,
3322,sample_prop_name_6669,3322,
3323,sample_prop_name_6670,3323,
3324,sample_prop_name_6671,3324,
3325,sample_prop_name_6672,3325,
3326,sample_prop_name_6673,3326,
3327,sample_prop_name_6674,3327,
3328,sample_prop_name_6675,3328,
3329,sample_prop_name_6677,3329,
3330,sample_prop_name_6678,3330,
3331,sample_prop_name_6679,3331,
3332,sample_prop_name_6680,3332,
3333,sample_prop_name_6681,3333,
3334,sample_prop_name_6682,3334,
3335,sample_prop_name_6683,3335,
3336,sample_prop_name_6684,3336,
3337,sample_prop_name_6685,3337,
3338,sample_prop_name_6686,3338,
3339,sample_prop_name_6687,3339,
3340,sample_prop_name_6688,3340,
3341,sample_prop_name_6689,3341,
3342,sample_prop_name_6690,3342,
3343,sample_prop_name_6691,3343,
3344,sample_prop_name_6692,3344,
3345,sample_prop_name_6693,3345,
3346,sample_prop_name_6694,3346,
3347,sample_prop_name_6695,3347,
3348,sample_prop_name_6696,3348,
3349,sample_prop_name_6697,3349,
3350,sample_prop_name_6698,3350,
3351,sample_prop_name_6699,3351,
3352,sample_prop_name_6700,3352,
3353,sample_prop_name_6701,3353,
3354,sample_prop_name_6702,3354,
3355,sample_prop_name_6703,3355,
3356,sample_prop_name_6704,3356,
3357,sample_prop_name_6705,3357,
3358,sample_prop_name_6706,3358,
3359,sample_prop_name_6707,3359,
3360,sample_prop_name_6708,3360,
3361,sample_prop_name_6709,3361,
3362,sample_prop_name_6710,3362,
3363,sample_prop_name_6711,3363,
3364,sample_prop_name_6712,3364,
3365,sample_prop_name_6713,3365,
3366,sample_prop_name_6714,3366,
3367,sample_prop_name_6715,3367,
3368,sample_prop_name_6716,3368,
3369,sample_prop_name_6717,3369,
3370,sample_prop_name_6718,3370,
3371,sample_prop_name_6719,3371,
3372,sample_prop_name_6720,3372,
3373,sample_prop_name_6721,3373,
3374,sample_prop_name_6722,3374,
3375,sample_prop_name_6723,3375,
3376,sample_prop_name_6724,3376,
3377,sample_prop_name_6725,3377,
3378,sample_prop_name_6726,3378,
3379,sample_prop_name_6727,3379,
3380,sample_prop_name_6728,3380,
3381,sample_prop_name_6729,3381,
3382,sample_prop_name_6730,3382,
3383,sample_prop_name_6731,3383,
3384,sample_prop_name_6732,3384,
3385,sample_prop_name_6733,3385,
3386,sample_prop_name_6734,3386,
3387,sample_prop_name_6735,3387,
3388,sample_prop_name_6736,3388,
3389,sample_prop_name_6737,3389,
3390,sample_prop_name_6738,3390,
3391,sample_prop_name_6739,3391,
3392,sample_prop_name_6740,3392,
3393,sample_prop_name_6741,3393,
3394,sample_prop_name_6742,3394,
3395,sample_prop_name_6743,3395,
3396,sample_prop_name_6744,3396,
3397,sample_prop_name_6745,3397,
3398,sample_prop_name_6746,3398,
3399,sample_prop_name_6747,3399,
3400,sample_prop_name_6748,3400,
3401,sample_prop_name_6749,3401,
3402,sample_prop_name_6750,3402,
3403,sample_prop_name_6751,3403,
3404,sample_prop_name_6752,3404,
3405,sample_prop_name_6753,3405,
3406,sample_prop_name_6754,3406,
3407,sample_prop_name_6755,3407,
3408,sample_prop_name_6756,3408,
3409,sample_prop_name_6757,3409,
3410,sample_prop_name_6758,3410,
3411,sample_prop_name_6759,3411,
3412,sample_prop_name_6760,3412,
3413,sample_prop_name_6761,3413,
3414,sample_prop_name_6762,3414,
3415,sample_prop_name_6763,3415,
3416,sample_prop_name_6764,3416,
3417,sample_prop_name_6765,3417,
3418,sample_prop_name_6766,3418,
3419,sample_prop_name_6767,3419,
3420,sample_prop_name_6768,3420,
3421,sample_prop_name_6769,3421,
3422,sample_prop_name_6770,3422,
3423,sample_prop_name_6771,3423,
3424,sample_prop_name_6772,3424,
3425,sample_prop_name_6773,3425,
3426,sample_prop_name_6774,3426,
3427,sample_prop_name_6775,3427,
3428,sample_prop_name_6776,3428,
3429,sample_prop_name_6777,3429,
3430,sample_prop_name_6778,3430,
3431,sample_prop_name_6779,3431,
3432,sample_prop_name_6780,3432,
3433,sample_prop_name_6781,3433,
3434,sample_prop_name_6782,3434,
3435,sample_prop_name_6783,3435,
3436,sample_prop_name_6784,3436,
3437,sample_prop_name_6785,3437,
3438,sample_prop_name_6786,3438,
3439,sample_prop_name_6787,3439,
3440,sample_prop_name_6788,3440,
3441,sample_prop_name_6789,3441,
3442,sample_prop_name_6790,3442,
3443,sample_prop_name_6791,3443,
3444,sample_prop_name_6792,3444,
3445,sample_prop_name_6793,3445,
3446,sample_prop_name_6794,3446,
3447,sample_prop_name_6795,3447,
3448,sample_prop_name_6796,3448,
3449,sample_prop_name_6797,3449,
3450,sample_prop_name_6798,3450,
3451,sample_prop_name_6799,3451,
3452,sample_prop_name_6800,3452,
3453,sample_prop_name_6801,3453,
3454,sample_prop_name_6802,3454,
3455,sample_prop_name_6803,3455,
3456,sample_prop_name_6804,3456,
3457,sample_prop_name_6805,3457,
3458,sample_prop_name_6806,3458,
3459,sample_prop_name_6807,3459,
3460,sample_prop_name_6808,3460,
3461,sample_prop_name_6809,3461,
3462,sample_prop_name_6810,3462,
3463,sample_prop_name_6811,3463,
3464,sample_prop_name_6812,3464,
3465,sample_prop_name_6813,3465,
3466,sample_prop_name_6814,3466,
3467,sample_prop_name_6815,3467,
3468,sample_prop_name_6816,3468,
3469,sample_prop_name_6817,3469,
3470,sample_prop_name_6818,3470,
3471,sample_prop_name_6819,3471,
3472,sample_prop_name_6820,3472,
3473,sample_prop_name_6821,3473,
3474,sample_prop_name_6822,3474,
3475,sample_prop_name_6823,3475,
3476,sample_prop_name_6824,3476,
3477,sample_prop_name_6825,3477,
3478,sample_prop_name_6826,3478,
3479,sample_prop_name_6827,3479,
3480,sample_prop_name_6828,3480,
3481,sample_prop_name_6829,3481,
3482,sample_prop_name_6830,3482,
3483,sample_prop_name_6831,3483,
3484,sample_prop_name_6832,3484,
3485,sample_prop_name_6833,3485,
3486,sample_prop_name_6834,3486,
3487,sample_prop_name_6835,3487,
3488,sample_prop_name_6836,3488,
3489,sample_prop_name_6837,3489,
3490,sample_prop_name_6838,3490,
3491,sample_prop_name_6839,3491,
3492,sample_prop_name_6840,3492,
3493,sample_prop_name_6841,3493,
3494,sample_prop_name_6842,3494,
3495,sample_prop_name_6843,3495,
3496,sample_prop_name_6844,3496,
3497,sample_prop_name_6845,3497,
3498,sample_prop_name_6846,3498,
3499,sample_prop_name_6847,3499,
3500,sample_prop_name_6848,3500,
3501,sample_prop_name_6849,3501,
3502,sample_prop_name_6850,3502,
3503,sample_prop_name_6851,3503,
3504,sample_prop_name_6852,3504,
3505,sample_prop_name_6853,3505,
3506,sample_prop_name_6854,3506,
3507,sample_prop_name_6855,3507,
3508,sample_prop_name_6856,3508,
3509,sample_prop_name_6857,3509,
3510,sample_prop_name_6858,3510,
3511,sample_prop_name_6859,3511,
3512,sample_prop_name_6860,3512,
3513,sample_prop_name_6861,3513,
3514,sample_prop_name_6862,3514,
3515,sample_prop_name_6863,3515,
3516,sample_prop_name_6864,3516,
3517,sample_prop_name_6865,3517,
3518,sample_prop_name_6866,3518,
3519,sample_prop_name_6867,3519,
3520,sample_prop_name_6868,3520,
3521,sample_prop_name_6869,3521,
3522,sample_prop_name_6870,3522,
3523,sample_prop_name_6871,3523,
3524,sample_prop_name_6872,3524,
3525,sample_prop_name_6873,3525,
3526,sample_prop_name_6874,3526,
3527,sample_prop_name_6875,3527,
3528,sample_prop_name_6876,3528,
3529,sample_prop_name_6877,3529,
3530,sample_prop_name_6878,3530,
3531,sample_prop_name_6879,3531,
3532,sample_prop_name_6880,3532,
3533,sample_prop_name_6881,3533,
3534,sample_prop_name_6882,3534,
3535,sample_prop_name_6883,3535,
3536,sample_prop_name_6884,3536,
3537,sample_prop_name_6885,3537,
3538,sample_prop_name_6886,3538,
3539,sample_prop_name_6887,3539,
3540,sample_prop_name_6888,3540,
3541,sample_prop_name_6889,3541,
3542,sample_prop_name_6890,3542,
3543,sample_prop_name_6891,3543,
3544,sample_prop_name_6892,3544,
3545,sample_prop_name_6893,3545,
3546,sample_prop_name_6894,3546,
3547,sample_prop_name_6895,3547,
3548,sample_prop_name_6896,3548,
3549,sample_prop_name_6897,3549,
3550,sample_prop_name_6898,3550,
3551,sample_prop_name_6899,3551,
3552,sample_prop_name_6900,3552,
3553,sample_prop_name_6901,3553,
3554,sample_prop_name_6902,3554,
3555,sample_prop_name_6903,3555,
3556,sample_prop_name_6904,3556,
3557,sample_prop_name_6905,3557,
3558,sample_prop_name_6906,3558,
3559,sample_prop_name_6907,3559,
3560,sample_prop_name_6908,3560,
3561,sample_prop_name_6909,3561,
3562,sample_prop_name_6910,3562,
3563,sample_prop_name_6911,3563,
3564,sample_prop_name_6912,3564,
3565,sample_prop_name_6913,3565,
3566,sample_prop_name_6914,3566,
3567,sample_prop_name_6915,3567,
3568,sample_prop_name_6916,3568,
3569,sample_prop_name_6917,3569,
3570,sample_prop_name_6918,3570,
3571,sample_prop_name_6919,3571,
3572,sample_prop_name_6920,3572,
3573,sample_prop_name_6921,3573,
3574,sample_prop_name_6922,3574,
3575,sample_prop_name_6923,3575,
3576,sample_prop_name_6924,3576,
3577,sample_prop_name_6925,3577,
3578,sample_prop_name_6926,3578,
3579,sample_prop_name_6927,3579,
3580,sample_prop_name_6928,3580,
3581,sample_prop_name_6929,3581,
3582,sample_prop_name_6930,3582,
3583,sample_prop_name_6931,3583,
3584,sample_prop_name_6932,3584,
3585,sample_prop_name_6933,3585,
3586,sample_prop_name_6934,3586,
3587,sample_prop_name_6935,3587,
3588,sample_prop_name_6936,3588,
3589,sample_prop_name_6937,3589,
3590,sample_prop_name_6938,3590,
3591,sample_prop_name_6939,3591,
3592,sample_prop_name_6940,3592,
3593,sample_prop_name_6941,3593,
3594,sample_prop_name_6942,3594,
3595,sample_prop_name_6943,3595,
3596,sample_prop_name_6944,3596,
3597,sample_prop_name_6945,3597,
3598,sample_prop_name_6946,3598,
3599,sample_prop_name_6947,3599,
3600,sample_prop_name_6948,3600,
3601,sample_prop_name_6949,3601,
3602,sample_prop_name_6950,3602,
3603,sample_prop_name_6951,3603,
3604,sample_prop_name_6952,3604,
3605,sample_prop_name_6953,3605,
3606,sample_prop_name_6954,3606,
3607,sample_prop_name_6955,3607,
3608,sample_prop_name_6956,3608,
3609,sample_prop_name_6957,3609,
3610,sample_prop_name_6958,3610,
3611,sample_prop_name_6959,3611,
3612,sample_prop_name_6960,3612,
3613,sample_prop_name_6961,3613,
3614,sample_prop_name_6962,3614,
3615,sample_prop_name_6963,3615,
3616,sample_prop_name_6964,3616,
3617,sample_prop_name_6965,3617,
3618,sample_prop_name_6966,3618,
3619,sample_prop_name_6967,3619,
3620,sample_prop_name_6968,3620,
3621,sample_prop_name_6969,3621,
3622,sample_prop_name_6970,3622,
3623,sample_prop_name_6971,3623,
3624,sample_prop_name_6972,3624,
3625,sample_prop_name_6973,3625,
3626,sample_prop_name_6974,3626,
3627,sample_prop_name_6975,3627,
3628,sample_prop_name_6976,3628,
3629,sample_prop_name_6977,3629,
3630,sample_prop_name_6978,3630,
3631,sample_prop_name_6979,3631,
3632,sample_prop_name_6980,3632,
3633,sample_prop_name_6981,3633,
3634,sample_prop_name_6982,3634,
3635,sample_prop_name_6983,3635,
3636,sample_prop_name_6984,3636,
3637,sample_prop_name_6985,3637,
3638,sample_prop_name_6986,3638,
3639,sample_prop_name_6987,3639,
3640,sample_prop_name_6988,3640,
3641,sample_prop_name_6989,3641,
3642,sample_prop_name_6990,3642,
3643,sample_prop_name_6991,3643,
3644,sample_prop_name_6992,3644,
3645,sample_prop_name_6993,3645,
3646,sample_prop_name_6994,3646,
3647,sample_prop_name_6995,3647,
3648,sample_prop_name_6996,3648,
3649,sample_prop_name_6997,3649,
3650,sample_prop_name_6998,3650,
3651,sample_prop_name_6999,3651,
3652,sample_prop_name_7000,3652,
3653,sample_prop_name_7001,3653,
3654,sample_prop_name_7002,3654,
3655,sample_prop_name_7003,3655,
3656,sample_prop_name_7004,3656,
3657,sample_prop_name_7005,3657,
3658,sample_prop_name_7006,3658,
3659,sample_prop_name_7007,3659,
3660,sample_prop_name_7008,3660,
3661,sample_prop_name_7009,3661,
3662,sample_prop_name_7010,3662,
3663,sample_prop_name_7011,3663,
3664,sample_prop_name_7012,3664,
3665,sample_prop_name_7013,3665,
3666,sample_prop_name_7014,3666,
3667,sample_prop_name_7015,3667,
3668,sample_prop_name_7016,3668,
3669,sample_prop_name_7017,3669,
3670,sample_prop_name_7018,3670,
3671,sample_prop_name_7019,3671,
3672,sample_prop_name_7020,3672,
3673,sample_prop_name_7021,3673,
3674,sample_prop_name_7022,3674,
3675,sample_prop_name_7023,3675,
3676,sample_prop_name_7024,3676,
3677,sample_prop_name_7025,3677,
3678,sample_prop_name_7026,3678,
3679,sample_prop_name_7027,3679,
3680,sample_prop_name_7028,3680,
3681,sample_prop_name_7029,3681,
3682,sample_prop_name_7030,3682,
3683,sample_prop_name_7031,3683,
3684,sample_prop_name_7032,3684,
3685,sample_prop_name_7033,3685,
3686,sample_prop_name_7034,3686,
3687,sample_prop_name_7035,3687,
3688,sample_prop_name_7036,3688,
3689,sample_prop_name_7037,3689,
3690,sample_prop_name_7038,3690,
3691,sample_prop_name_7039,3691,
3692,sample_prop_name_7040,3692,
3693,sample_prop_name_7041,3693,
3694,sample_prop_name_7042,3694,
3695,sample_prop_name_7043,3695,
3696,sample_prop_name_7044,3696,
3697,sample_prop_name_7045,3697,
3698,sample_prop_name_7046,3698,
3699,sample_prop_name_7047,3699,
3700,sample_prop_name_7048,3700,
3701,sample_prop_name_7049,3701,
3702,sample_prop_name_7050,3702,
3703,sample_prop_name_7051,3703,
3704,sample_prop_name_7052,3704,
3705,sample_prop_name_7053,3705,
3706,sample_prop_name_7054,3706,
3707,sample_prop_name_7055,3707,
3708,sample_prop_name_7056,3708,
3709,sample_prop_name_7057,3709,
3710,sample_prop_name_7058,3710,
3711,sample_prop_name_7059,3711,
3712,sample_prop_name_7060,3712,
3713,sample_prop_name_7061,3713,
3714,sample_prop_name_7062,3714,
3715,sample_prop_name_7063,3715,
3716,sample_prop_name_7064,3716,
3717,sample_prop_name_7065,3717,
3718,sample_prop_name_7066,3718,
3719,sample_prop_name_7067,3719,
3720,sample_prop_name_7068,3720,
3721,sample_prop_name_7069,3721,
3722,sample_prop_name_7070,3722,
3723,sample_prop_name_7071,3723,
3724,sample_prop_name_7072,3724,
3725,sample_prop_name_7073,3725,
3726,sample_prop_name_7074,3726,
3727,sample_prop_name_7075,3727,
3728,sample_prop_name_7076,3728,
3729,sample_prop_name_7077,3729,
3730,sample_prop_name_7078,3730,
3731,sample_prop_name_7079,3731,
3732,sample_prop_name_7080,3732,
3733,sample_prop_name_7081,3733,
3734,sample_prop_name_7082,3734,
3735,sample_prop_name_7083,3735,
3736,sample_prop_name_7084,3736,
3737,sample_prop_name_7085,3737,
3738,sample_prop_name_7086,3738,
3739,sample_prop_name_7087,3739,
3740,sample_prop_name_7088,3740,
3741,sample_prop_name_7089,3741,
3742,sample_prop_name_7090,3742,
3743,sample_prop_name_7091,3743,
3744,sample_prop_name_7092,3744,
3745,sample_prop_name_7093,3745,
3746,sample_prop_name_7094,3746,
3747,sample_prop_name_7095,3747,
3748,sample_prop_name_7096,3748,
3749,sample_prop_name_7097,3749,
3750,sample_prop_name_7098,3750,
3751,sample_prop_name_7099,3751,
3752,sample_prop_name_7100,3752,
3753,sample_prop_name_7101,3753,
3754,sample_prop_name_7102,3754,
3755,sample_prop_name_7103,3755,
3756,sample_prop_name_7104,3756,
3757,sample_prop_name_7105,3757,
3758,sample_prop_name_7106,3758,
3759,sample_prop_name_7107,3759,
3760,sample_prop_name_7108,3760,
3761,sample_prop_name_7109,3761,
3762,sample_prop_name_7110,3762,
3763,sample_prop_name_7111,3763,
3764,sample_prop_name_7112,3764,
3765,sample_prop_name_7113,3765,
3766,sample_prop_name_7114,3766,
3767,sample_prop_name_7115,3767,
3768,sample_prop_name_7116,3768,
3769,sample_prop_name_7117,3769,
3770,sample_prop_name_7118,3770,
3771,sample_prop_name_7119,3771,
3772,sample_prop_name_7120,3772,
3773,sample_prop_name_7121,3773,
3774,sample_prop_name_7122,3774,
3775,sample_prop_name_7123,3775,
3776,sample_prop_name_7124,3776,
3777,sample_prop_name_7125,3777,
3778,sample_prop_name_7126,3778,
3779,sample_prop_name_7127,3779,
3780,sample_prop_name_7128,3780,
3781,sample_prop_name_7129,3781,
3782,sample_prop_name_7130,3782,
3783,sample_prop_name_7131,3783,
3784,sample_prop_name_7132,3784,
3785,sample_prop_name_7133,3785,
3786,sample_prop_name_7134,3786,
3787,sample_prop_name_7135,3787,
3788,sample_prop_name_7136,3788,
3789,sample_prop_name_7137,3789,
3790,sample_prop_name_7138,3790,
3791,sample_prop_name_7139,3791,
3792,sample_prop_name_7140,3792,
3793,sample_prop_name_7141,3793,
3794,sample_prop_name_7142,3794,
3795,sample_prop_name_7143,3795,
3796,sample_prop_name_7144,3796,
3797,sample_prop_name_7145,3797,
3798,sample_prop_name_7146,3798,
3799,sample_prop_name_7147,3799,
3800,sample_prop_name_7148,3800,
3801,sample_prop_name_7149,3801,
3802,sample_prop_name_7150,3802,
3803,sample_prop_name_7151,3803,
3804,sample_prop_name_7152,3804,
3805,sample_prop_name_7153,3805,
3806,sample_prop_name_7154,3806,
3807,sample_prop_name_7155,3807,
3808,sample_prop_name_7156,3808,
3809,sample_prop_name_7157,3809,
3810,sample_prop_name_7158,3810,
3811,sample_prop_name_7159,3811,
3812,sample_prop_name_7160,3812,
3813,sample_prop_name_7161,3813,
3814,sample_prop_name_7162,3814,
3815,sample_prop_name_7163,3815,
3816,sample_prop_name_7164,3816,
3817,sample_prop_name_7165,3817,
3818,sample_prop_name_7166,3818,
3819,sample_prop_name_7167,3819,
3820,sample_prop_name_7168,3820,
3821,sample_prop_name_7169,3821,
3822,sample_prop_name_7170,3822,
3823,sample_prop_name_7171,3823,
3824,sample_prop_name_7172,3824,
3825,sample_prop_name_7173,3825,
3826,sample_prop_name_7174,3826,
3827,sample_prop_name_7175,3827,
3828,sample_prop_name_7176,3828,
3829,sample_prop_name_7177,3829,
3830,sample_prop_name_7178,3830,
3831,sample_prop_name_7179,3831,
3832,sample_prop_name_7180,3832,
3833,sample_prop_name_7181,3833,
3834,sample_prop_name_7182,3834,
3835,sample_prop_name_7183,3835,
3836,sample_prop_name_7184,3836,
3837,sample_prop_name_7185,3837,
3838,sample_prop_name_7186,3838,
3839,sample_prop_name_7187,3839,
3840,sample_prop_name_7188,3840,
3841,sample_prop_name_7189,3841,
3842,sample_prop_name_7190,3842,
3843,sample_prop_name_7191,3843,
3844,sample_prop_name_7192,3844,
3845,sample_prop_name_7193,3845,
3846,sample_prop_name_7194,3846,
3847,sample_prop_name_7195,3847,
3848,sample_prop_name_7196,3848,
3849,sample_prop_name_7197,3849,
3850,sample_prop_name_7198,3850,
3851,sample_prop_name_7199,3851,
3852,sample_prop_name_7200,3852,
3853,sample_prop_name_7201,3853,
3854,sample_prop_name_7202,3854,
3855,sample_prop_name_7203,3855,
3856,sample_prop_name_7204,3856,
3857,sample_prop_name_7205,3857,
3858,sample_prop_name_7206,3858,
3859,sample_prop_name_7207,3859,
3860,sample_prop_name_7208,3860,
3861,sample_prop_name_7209,3861,
3862,sample_prop_name_7210,3862,
3863,sample_prop_name_7211,3863,
3864,sample_prop_name_7212,3864,
3865,sample_prop_name_7213,3865,
3866,sample_prop_name_7214,3866,
3867,sample_prop_name_7215,3867,
3868,sample_prop_name_7216,3868,
3869,sample_prop_name_7217,3869,
3870,sample_prop_name_7218,3870,
3871,sample_prop_name_7219,3871,
3872,sample_prop_name_7220,3872,
3873,sample_prop_name_7221,3873,
3874,sample_prop_name_7222,3874,
3875,sample_prop_name_7223,3875,
3876,sample_prop_name_7224,3876,
3877,sample_prop_name_7225,3877,
3878,sample_prop_name_7226,3878,
3879,sample_prop_name_7227,3879,
3880,sample_prop_name_7228,3880,
3881,sample_prop_name_7229,3881,
3882,sample_prop_name_7230,3882,
3883,sample_prop_name_7231,3883,
3884,sample_prop_name_7232,3884,
3885,sample_prop_name_7233,3885,
3886,sample_prop_name_7234,3886,
3887,sample_prop_name_7235,3887,
3888,sample_prop_name_7236,3888,
3889,sample_prop_name_7237,3889,
3890,sample_prop_name_7238,3890,
3891,sample_prop_name_7239,3891,
3892,sample_prop_name_7240,3892,
3893,sample_prop_name_7241,3893,
3894,sample_prop_name_7242,3894,
3895,sample_prop_name_7243,3895,
3896,sample_prop_name_7244,3896,
3897,sample_prop_name_7245,3897,
3898,sample_prop_name_7246,3898,
3899,sample_prop_name_7247,3899,
3900,sample_prop_name_7248,3900,
3901,sample_prop_name_7249,3901,
3902,sample_prop_name_7250,3902,
3903,sample_prop_name_7251,3903,
3904,sample_prop_name_7252,3904,
3905,sample_prop_name_7253,3905,
3906,sample_prop_name_7254,3906,
3907,sample_prop_name_7255,3907,
3908,sample_prop_name_7256,3908,
3909,sample_prop_name_7257,3909,
3910,sample_prop_name_7258,3910,
3911,sample_prop_name_7259,3911,
3912,sample_prop_name_7260,3912,
3913,sample_prop_name_7261,3913,
3914,sample_prop_name_7262,3914,
3915,sample_prop_name_7263,3915,
3916,sample_prop_name_7264,3916,
3917,sample_prop_name_7265,3917,
3918,sample_prop_name_7266,3918,
3919,sample_prop_name_7267,3919,
3920,sample_prop_name_7268,3920,
3921,sample_prop_name_7269,3921,
3922,sample_prop_name_7270,3922,
3923,sample_prop_name_7271,3923,
3924,sample_prop_name_7272,3924,
3925,sample_prop_name_7273,3925,
3926,sample_prop_name_7274,3926,
3927,sample_prop_name_7275,3927,
3928,sample_prop_name_7276,3928,
3929,sample_prop_name_7277,3929,
3930,sample_prop_name_7278,3930,
3931,sample_prop_name_7279,3931,
3932,sample_prop_name_7280,3932,
3933,sample_prop_name_7281,3933,
3934,sample_prop_name_7282,3934,
3935,sample_prop_name_7283,3935,
3936,sample_prop_name_7284,3936,
3937,sample_prop_name_7285,3937,
3938,sample_prop_name_7286,3938,
3939,sample_prop_name_7287,3939,
3940,sample_prop_name_7288,3940,
3941,sample_prop_name_7289,3941,
3942,sample_prop_name_7290,3942,
3943,sample_prop_name_7291,3943,
3944,sample_prop_name_7292,3944,
3945,sample_prop_name_7293,3945,
3946,sample_prop_name_7294,3946,
3947,sample_prop_name_7295,3947,
3948,sample_prop_name_7296,3948,
3949,sample_prop_name_7297,3949,
3950,sample_prop_name_7298,3950,
3951,sample_prop_name_7299,3951,
3952,sample_prop_name_7300,3952,
3953,sample_prop_name_7301,3953,
3954,sample_prop_name_7302,3954,
3955,sample_prop_name_7303,3955,
3956,sample_prop_name_7304,3956,
3957,sample_prop_name_7305,3957,
3958,sample_prop_name_7306,3958,
3959,sample_prop_name_7307,3959,
3960,sample_prop_name_7308,3960,
3961,sample_prop_name_7309,3961,
3962,sample_prop_name_7310,3962,
3963,sample_prop_name_7311,3963,
3964,sample_prop_name_7312,3964,
3965,sample_prop_name_7313,3965,
3966,sample_prop_name_7314,3966,
3967,sample_prop_name_7315,3967,
3968,sample_prop_name_7316,3968,
3969,sample_prop_name_7317,3969,
3970,sample_prop_name_7318,3970,
3971,sample_prop_name_7319,3971,
3972,sample_prop_name_7320,3972,
3973,sample_prop_name_7321,3973,
3974,sample_prop_name_7322,3974,
3975,sample_prop_name_7323,3975,
3976,sample_prop_name_7324,3976,
3977,sample_prop_name_7325,3977,
3978,sample_prop_name_7326,3978,
3979,sample_prop_name_7327,3979,
3980,sample_prop_name_7328,3980,
3981,sample_prop_name_7329,3981,
3982,sample_prop_name_7330,3982,
3983,sample_prop_name_7331,3983,
3984,sample_prop_name_7332,3984,
3985,sample_prop_name_7333,3985,
3986,sample_prop_name_7334,3986,
3987,sample_prop_name_7335,3987,
3988,sample_prop_name_7336,3988,
3989,sample_prop_name_7337,3989,
3990,sample_prop_name_7338,3990,
3991,sample_prop_name_7339,3991,
3992,sample_prop_name_7340,3992,
3993,sample_prop_name_7341,3993,
3994,sample_prop_name_7342,3994,
3995,sample_prop_name_7343,3995,
3996,sample_prop_name_7344,3996,
3997,sample_prop_name_7345,3997,
3998,sample_prop_name_7346,3998,
3999,sample_prop_name_7347,3999,
4000,sample_prop_name_7348,4000,
4001,sample_prop_name_7349,4001,
4002,sample_prop_name_7350,4002,
4003,sample_prop_name_7351,4003,
4004,sample_prop_name_7352,4004,
4005,sample_prop_name_7353,4005,
4006,sample_prop_name_7354,4006,
4007,sample_prop_name_7355,4007,
4008,sample_prop_name_7356,4008,
4009,sample_prop_name_7357,4009,
4010,sample_prop_name_7358,4010,
4011,sample_prop_name_7359,4011,
4012,sample_prop_name_7360,4012,
4013,sample_prop_name_7361,4013,
4014,sample_prop_name_7362,4014,
4015,sample_prop_name_7363,4015,
4016,sample_prop_name_7364,4016,
4017,sample_prop_name_7365,4017,
4018,sample_prop_name_7366,4018,
4019,sample_prop_name_7367,4019,
4020,sample_prop_name_7368,4020,
4021,sample_prop_name_7369,4021,
4022,sample_prop_name_7370,4022,
4023,sample_prop_name_7371,4023,
4024,sample_prop_name_7372,4024,
4025,sample_prop_name_7373,4025,
4026,sample_prop_name_7374,4026,
4027,sample_prop_name_7375,4027,
4028,sample_prop_name_7376,4028,
4029,sample_prop_name_7377,4029,
4030,sample_prop_name_7378,4030,
4031,sample_prop_name_7379,4031,
4032,sample_prop_name_7380,4032,
4033,sample_prop_name_7381,4033,
4034,sample_prop_name_7382,4034,
4035,sample_prop_name_7383,4035,
4036,sample_prop_name_7384,4036,
4037,sample_prop_name_7385,4037,
4038,sample_prop_name_7386,4038,
4039,sample_prop_name_7387,4039,
4040,sample_prop_name_7388,4040,
4041,sample_prop_name_7389,4041,
4042,sample_prop_name_7391,4042,
4043,sample_prop_name_7392,4043,
4044,sample_prop_name_7393,4044,
4045,sample_prop_name_7394,4045,
4046,sample_prop_name_7395,4046,
4047,sample_prop_name_7396,4047,
4048,sample_prop_name_7397,4048,
4049,sample_prop_name_7398,4049,
4050,sample_prop_name_7399,4050,
4051,sample_prop_name_7400,4051,
4052,sample_prop_name_7401,4052,
4053,sample_prop_name_7402,4053,
4054,sample_prop_name_7403,4054,
4055,sample_prop_name_7404,4055,
4056,sample_prop_name_7405,4056,
4057,sample_prop_name_7406,4057,
4058,sample_prop_name_7407,4058,
4059,sample_prop_name_7408,4059,
4060,sample_prop_name_7409,4060,
4061,sample_prop_name_7410,4061,
4062,sample_prop_name_7411,4062,
4063,sample_prop_name_7412,4063,
4064,sample_prop_name_7413,4064,
4065,sample_prop_name_7414,4065,
4066,sample_prop_name_7415,4066,
4067,sample_prop_name_7416,4067,
4068,sample_prop_name_7417,4068,
4069,sample_prop_name_7418,4069,
4070,sample_prop_name_7419,4070,
4071,sample_prop_name_7420,4071,
4072,sample_prop_name_7421,4072,
4073,sample_prop_name_7422,4073,
4074,sample_prop_name_7423,4074,
4075,sample_prop_name_7424,4075,
4076,sample_prop_name_7425,4076,
4077,sample_prop_name_7426,4077,
4078,sample_prop_name_7427,4078,
4079,sample_prop_name_7428,4079,
4080,sample_prop_name_7429,4080,
4081,sample_prop_name_7430,4081,
4082,sample_prop_name_7431,4082,
4083,sample_prop_name_7432,4083,
4084,sample_prop_name_7433,4084,
4085,sample_prop_name_7434,4085,
4086,sample_prop_name_7435,4086,
4087,sample_prop_name_7436,4087,
4088,sample_prop_name_7437,4088,
4089,sample_prop_name_7438,4089,
4090,sample_prop_name_7439,4090,
4091,sample_prop_name_7440,4091,
4092,sample_prop_name_7441,4092,
4093,sample_prop_name_7442,4093,
4094,sample_prop_name_7443,4094,
4095,sample_prop_name_7444,4095,
4096,sample_prop_name_7445,4096,
4097,sample_prop_name_7446,4097,
4098,sample_prop_name_7447,4098,
4099,sample_prop_name_7448,4099,
4100,sample_prop_name_7449,4100,
4101,sample_prop_name_7450,4101,
4102,sample_prop_name_7451,4102,
4103,sample_prop_name_7452,4103,
4104,sample_prop_name_7453,4104,
4105,sample_prop_name_7454,4105,
4106,sample_prop_name_7455,4106,
4107,sample_prop_name_7456,4107,
4108,sample_prop_name_7457,4108,
4109,sample_prop_name_7458,4109,
4110,sample_prop_name_7459,4110,
4111,sample_prop_name_7460,4111,
4112,sample_prop_name_7461,4112,
4113,sample_prop_name_7462,4113,
4114,sample_prop_name_7463,4114,
4115,sample_prop_name_7464,4115,
4116,sample_prop_name_7465,4116,
4117,sample_prop_name_7466,4117,
4118,sample_prop_name_7467,4118,
4119,sample_prop_name_7468,4119,
4120,sample_prop_name_7469,4120,
4121,sample_prop_name_7470,4121,
4122,sample_prop_name_7471,4122,
4123,sample_prop_name_7472,4123,
4124,sample_prop_name_7473,4124,
4125,sample_prop_name_7474,4125,
4126,sample_prop_name_7475,4126,
4127,sample_prop_name_7476,4127,
4128,异星武器碎片可选箱（1期）,4128,
4129,异星武器碎片随机箱（1期）,4129,
4130,sample_prop_name_7479,4130,
4131,sample_prop_name_7480,4131,
4132,sample_prop_name_7481,4132,
4133,sample_prop_name_7482,4133,
4134,sample_prop_name_7483,4134,
4135,sample_prop_name_7484,4135,
4136,sample_prop_name_7485,4136,
4137,sample_prop_name_7486,4137,
4138,sample_prop_name_7487,4138,
4139,sample_prop_name_7488,4139,
4140,sample_prop_name_7489,4140,
4141,sample_prop_name_7490,4141,
4142,sample_prop_name_7491,4142,
4143,sample_prop_name_7492,4143,
4144,sample_prop_name_7493,4144,
4145,sample_prop_name_7494,4145,
4146,sample_prop_name_7495,4146,
4147,sample_prop_name_7496,4147,
4148,sample_prop_name_7497,4148,
4149,sample_prop_name_7498,4149,
4150,sample_prop_name_7499,4150,
4151,sample_prop_name_7500,4151,
4152,sample_prop_name_7501,4152,
4153,sample_prop_name_7502,4153,
4154,sample_prop_name_7503,4154,
4155,sample_prop_name_7504,4155,
4156,sample_prop_name_7505,4156,
4157,sample_prop_name_7506,4157,
4158,sample_prop_name_7507,4158,
4159,sample_prop_name_7508,4159,
4160,sample_prop_name_7509,4160,
4161,sample_prop_name_7510,4161,
4162,sample_prop_name_7511,4162,
4163,sample_prop_name_7512,4163,
4164,sample_prop_name_7513,4164,
4165,sample_prop_name_7514,4165,
4166,sample_prop_name_7515,4166,
4167,sample_prop_name_7516,4167,
4168,sample_prop_name_7517,4168,
4169,sample_prop_name_7518,4169,
4170,sample_prop_name_7519,4170,
4171,sample_prop_name_7520,4171,
4172,sample_prop_name_7521,4172,
4173,sample_prop_name_7522,4173,
4174,sample_prop_name_7523,4174,
4175,sample_prop_name_7524,4175,
4176,sample_prop_name_7525,4176,
4177,sample_prop_name_7526,4177,
4178,sample_prop_name_7527,4178,
4179,sample_prop_name_7528,4179,
4180,sample_prop_name_7529,4180,
4181,sample_prop_name_7530,4181,
4182,sample_prop_name_7531,4182,
4183,sample_prop_name_7532,4183,
4184,sample_prop_name_7533,4184,
4185,sample_prop_name_7534,4185,
4186,sample_prop_name_7535,4186,
4187,sample_prop_name_7536,4187,
4188,sample_prop_name_7537,4188,
4189,sample_prop_name_7538,4189,
4190,sample_prop_name_7539,4190,
4191,sample_prop_name_7540,4191,
4192,sample_prop_name_7541,4192,
4193,sample_prop_name_7542,4193,
4194,sample_prop_name_7543,4194,
4195,sample_prop_name_7544,4195,
4196,sample_prop_name_7545,4196,
4197,sample_prop_name_7546,4197,
4198,sample_prop_name_7547,4198,
4199,sample_prop_name_7548,4199,
4200,sample_prop_name_7549,4200,
4201,sample_prop_name_7550,4201,
4202,sample_prop_name_7551,4202,
4203,sample_prop_name_7552,4203,
4204,sample_prop_name_7553,4204,
4205,sample_prop_name_7554,4205,
4206,sample_prop_name_7555,4206,
4207,sample_prop_name_7556,4207,
4208,sample_prop_name_7557,4208,
4209,sample_prop_name_7558,4209,
4210,sample_prop_name_7559,4210,
4211,sample_prop_name_7560,4211,
4212,sample_prop_name_7561,4212,
4213,sample_prop_name_7562,4213,
4214,sample_prop_name_7563,4214,
4215,sample_prop_name_7564,4215,
4216,sample_prop_name_7565,4216,
4217,sample_prop_name_7566,4217,
4218,sample_prop_name_7567,4218,
4219,sample_prop_name_7568,4219,
4220,sample_prop_name_7569,4220,
4221,sample_prop_name_7570,4221,
4222,sample_prop_name_7571,4222,
4223,sample_prop_name_7572,4223,
4224,sample_prop_name_7573,4224,
4225,sample_prop_name_7574,4225,
4226,sample_prop_name_7575,4226,
4227,sample_prop_name_7576,4227,
4228,sample_prop_name_7577,4228,
4229,sample_prop_name_7578,4229,
4230,sample_prop_name_7579,4230,
4231,sample_prop_name_7580,4231,
4232,sample_prop_name_7581,4232,
4233,sample_prop_name_7582,4233,
4234,sample_prop_name_7583,4234,
4235,sample_prop_name_7584,4235,
4236,sample_prop_name_7585,4236,
4237,sample_prop_name_7586,4237,
4238,sample_prop_name_7587,4238,
4239,sample_prop_name_7588,4239,
4240,sample_prop_name_7589,4240,
4241,sample_prop_name_7590,4241,
4242,sample_prop_name_7591,4242,
4243,sample_prop_name_7592,4243,
4244,sample_prop_name_7593,4244,
4245,sample_prop_name_7594,4245,
4246,sample_prop_name_7595,4246,
4247,sample_prop_name_7596,4247,
4248,sample_prop_name_7597,4248,
4249,sample_prop_name_7598,4249,
4250,sample_prop_name_7599,4250,
4251,sample_prop_name_7600,4251,
4252,sample_prop_name_7601,4252,
4253,sample_prop_name_7602,4253,
4254,sample_prop_name_7603,4254,
4255,sample_prop_name_7604,4255,
4256,sample_prop_name_7605,4256,
4257,sample_prop_name_7606,4257,
4258,sample_prop_name_7607,4258,
4259,sample_prop_name_7608,4259,
4260,sample_prop_name_7609,4260,
4261,sample_prop_name_7610,4261,
4262,sample_prop_name_7611,4262,
4263,sample_prop_name_7612,4263,
4264,sample_prop_name_7613,4264,
4265,sample_prop_name_7614,4265,
4266,sample_prop_name_7615,4266,
4267,sample_prop_name_7616,4267,
4268,sample_prop_name_7617,4268,
4269,sample_prop_name_7618,4269,
4270,sample_prop_name_7619,4270,
4271,sample_prop_name_7620,4271,
4272,sample_prop_name_7621,4272,
4273,sample_prop_name_7622,4273,
4274,sample_prop_name_7623,4274,
4275,sample_prop_name_7624,4275,
4276,sample_prop_name_7625,4276,
4277,sample_prop_name_7626,4277,
4278,sample_prop_name_7627,4278,
4279,sample_prop_name_7628,4279,
4280,sample_prop_name_7629,4280,
4281,sample_prop_name_7630,4281,
4282,sample_prop_name_7631,4282,
4283,sample_prop_name_7632,4283,
4284,sample_prop_name_7633,4284,
4285,sample_prop_name_7634,4285,
4286,sample_prop_name_7635,4286,
4287,sample_prop_name_7636,4287,
4288,sample_prop_name_7637,4288,
4289,sample_prop_name_7638,4289,
4290,sample_prop_name_7639,4290,
4291,sample_prop_name_7640,4291,
4292,sample_prop_name_7641,4292,
4293,sample_prop_name_7642,4293,
4294,sample_prop_name_7643,4294,
4295,sample_prop_name_7644,4295,
4296,sample_prop_name_7645,4296,
4297,sample_prop_name_7646,4297,
4298,sample_prop_name_7647,4298,
4299,sample_prop_name_7648,4299,
4300,sample_prop_name_7649,4300,
4301,sample_prop_name_7650,4301,
4302,sample_prop_name_7651,4302,
4303,sample_prop_name_7652,4303,
4304,sample_prop_name_7653,4304,
4305,sample_prop_name_7654,4305,
4306,sample_prop_name_7655,4306,
4307,sample_prop_name_7656,4307,
4308,sample_prop_name_7657,4308,
4309,sample_prop_name_7658,4309,
4310,sample_prop_name_7659,4310,
4311,sample_prop_name_7660,4311,
4312,sample_prop_name_7661,4312,
4313,sample_prop_name_7662,4313,
4314,sample_prop_name_7663,4314,
4315,sample_prop_name_7664,4315,
4316,sample_prop_name_7665,4316,
4317,sample_prop_name_7666,4317,
4318,sample_prop_name_7667,4318,
4319,sample_prop_name_7668,4319,
4320,sample_prop_name_7669,4320,
4321,sample_prop_name_7670,4321,
4322,sample_prop_name_7671,4322,
4323,sample_prop_name_7672,4323,
4324,sample_prop_name_7673,4324,
4325,sample_prop_name_7674,4325,
4326,sample_prop_name_7675,4326,
4327,sample_prop_name_7676,4327,
4328,sample_prop_name_7677,4328,
4329,sample_prop_name_7678,4329,
4330,sample_prop_name_7679,4330,
4331,sample_prop_name_7680,4331,
4332,sample_prop_name_7681,4332,
4333,sample_prop_name_7682,4333,
4334,sample_prop_name_7683,4334,
4335,sample_prop_name_7684,4335,
4336,sample_prop_name_7685,4336,
4337,sample_prop_name_7686,4337,
4338,sample_prop_name_7687,4338,
4339,sample_prop_name_7688,4339,
4340,sample_prop_name_7689,4340,
4341,sample_prop_name_7690,4341,
4342,sample_prop_name_7691,4342,
4343,sample_prop_name_7692,4343,
4344,sample_prop_name_7693,4344,
4345,sample_prop_name_7694,4345,
4346,sample_prop_name_7695,4346,
4347,sample_prop_name_7696,4347,
4348,sample_prop_name_7697,4348,
4349,sample_prop_name_8000,4349,
4350,sample_prop_name_8001,4350,
4351,sample_prop_name_8002,4351,
4352,sample_prop_name_8003,4352,
4353,sample_prop_name_8004,4353,
4354,sample_prop_name_8005,4354,
4355,sample_prop_name_8006,4355,
4356,sample_prop_name_8007,4356,
4357,sample_prop_name_8008,4357,
4358,sample_prop_name_8009,4358,
4359,sample_prop_name_8010,4359,
4360,sample_prop_name_8011,4360,
4361,sample_prop_name_8012,4361,
4362,sample_prop_name_8013,4362,
4363,sample_prop_name_8014,4363,
4364,sample_prop_name_8015,4364,
4365,sample_prop_name_8016,4365,
4366,sample_prop_name_8017,4366,
4367,sample_prop_name_8018,4367,
4368,sample_prop_name_8019,4368,
4369,sample_prop_name_8020,4369,
4370,sample_prop_name_8021,4370,
4371,sample_prop_name_8022,4371,
4372,sample_prop_name_8023,4372,
4373,sample_prop_name_8024,4373,
4374,sample_prop_name_8025,4374,
4375,sample_prop_name_8026,4375,
4376,sample_prop_name_8027,4376,
4377,sample_prop_name_8028,4377,
4378,sample_prop_name_8029,4378,
4379,sample_prop_name_8030,4379,
4380,sample_prop_name_8031,4380,
4381,sample_prop_name_8032,4381,
4382,sample_prop_name_8033,4382,
4383,sample_prop_name_8034,4383,
4384,sample_prop_name_8035,4384,
4385,sample_prop_name_8036,4385,
4386,sample_prop_name_8037,4386,
4387,sample_prop_name_8038,4387,
4388,sample_prop_name_8039,4388,
4389,sample_prop_name_8040,4389,
4390,sample_prop_name_8041,4390,
4391,sample_prop_name_8042,4391,
4392,sample_prop_name_8043,4392,
4393,sample_prop_name_8044,4393,
4394,sample_prop_name_8045,4394,
4395,sample_prop_name_8046,4395,
4396,sample_prop_name_8047,4396,
4397,sample_prop_name_8048,4397,
4398,sample_prop_name_8049,4398,
4399,sample_prop_name_8050,4399,
4400,sample_prop_name_8051,4400,
4401,sample_prop_name_8052,4401,
4402,sample_prop_name_8053,4402,
4403,sample_prop_name_8054,4403,
4404,sample_prop_name_8055,4404,
4405,sample_prop_name_8056,4405,
4406,sample_prop_name_8057,4406,
4407,sample_prop_name_8058,4407,
4408,sample_prop_name_8059,4408,
4409,sample_prop_name_8060,4409,
4410,sample_prop_name_8061,4410,
4411,sample_prop_name_8062,4411,
4412,sample_prop_name_8068,4412,
4413,sample_prop_name_8069,4413,
4414,sample_prop_name_8070,4414,
4415,sample_prop_name_8071,4415,
4416,sample_prop_name_8072,4416,
4417,sample_prop_name_8073,4417,
4418,sample_prop_name_8074,4418,
4419,sample_prop_name_8075,4419,
4420,sample_prop_name_8076,4420,
4421,sample_prop_name_8077,4421,
4422,sample_prop_name_8078,4422,
4423,sample_prop_name_8079,4423,
4424,sample_prop_name_8080,4424,
4425,sample_prop_name_8081,4425,
4426,sample_prop_name_8082,4426,
4427,sample_prop_name_8083,4427,
4428,sample_prop_name_8084,4428,
4429,sample_prop_name_8085,4429,
4430,sample_prop_name_8086,4430,
4431,sample_prop_name_8087,4431,
4432,sample_prop_name_8088,4432,
4433,sample_prop_name_8089,4433,
4434,sample_prop_name_8090,4434,
4435,sample_prop_name_8091,4435,
4436,sample_prop_name_8092,4436,
4437,sample_prop_name_8093,4437,
4438,sample_prop_name_8094,4438,
4439,sample_prop_name_8095,4439,
4440,sample_prop_name_8096,4440,
4441,sample_prop_name_8097,4441,
4442,sample_prop_name_8098,4442,
4443,sample_prop_name_8099,4443,
4444,sample_prop_name_8100,4444,
4445,sample_prop_name_8101,4445,
4446,sample_prop_name_8102,4446,
4447,sample_prop_name_8103,4447,
4448,sample_prop_name_8104,4448,
4449,sample_prop_name_8105,4449,
4450,sample_prop_name_8106,4450,
4451,sample_prop_name_8107,4451,
4452,sample_prop_name_8108,4452,
4453,sample_prop_name_8109,4453,
4454,sample_prop_name_8110,4454,
4455,sample_prop_name_8111,4455,
4456,sample_prop_name_8112,4456,
4457,sample_prop_name_8113,4457,
4458,sample_prop_name_8114,4458,
4459,sample_prop_name_8115,4459,
4460,sample_prop_name_8116,4460,
4461,sample_prop_name_8117,4461,
4462,sample_prop_name_8118,4462,
4463,sample_prop_name_8119,4463,
4464,sample_prop_name_8120,4464,
4465,sample_prop_name_8121,4465,
4466,sample_prop_name_8122,4466,
4467,sample_prop_name_8123,4467,
4468,sample_prop_name_8124,4468,
4469,sample_prop_name_8125,4469,
4470,sample_prop_name_8126,4470,
4471,sample_prop_name_8127,4471,
4472,sample_prop_name_8128,4472,
4473,sample_prop_name_8129,4473,
4474,sample_prop_name_8130,4474,
4475,sample_prop_name_8131,4475,
4476,sample_prop_name_8132,4476,
4477,sample_prop_name_8133,4477,
4478,sample_prop_name_8134,4478,
4479,sample_prop_name_8135,4479,
4480,sample_prop_name_8136,4480,
4481,sample_prop_name_8137,4481,
4482,sample_prop_name_8138,4482,
4483,sample_prop_name_8139,4483,
4484,sample_prop_name_8140,4484,
4485,sample_prop_name_8141,4485,
4486,sample_prop_name_8142,4486,
4487,sample_prop_name_8143,4487,
4488,sample_prop_name_8144,4488,
4489,sample_prop_name_8145,4489,
4490,sample_prop_name_8146,4490,
4491,sample_prop_name_8147,4491,
4492,sample_prop_name_8148,4492,
4493,sample_prop_name_8149,4493,
4494,sample_prop_name_8150,4494,
4495,sample_prop_name_8151,4495,
4496,sample_prop_name_8152,4496,
4497,sample_prop_name_8153,4497,
4498,sample_prop_name_8154,4498,
4499,sample_prop_name_8155,4499,
4500,sample_prop_name_8156,4500,
4501,sample_prop_name_8157,4501,
4502,sample_prop_name_8158,4502,
4503,sample_prop_name_8159,4503,
4504,sample_prop_name_8160,4504,
4505,sample_prop_name_8161,4505,
4506,sample_prop_name_8162,4506,
4507,sample_prop_name_8163,4507,
4508,sample_prop_name_8164,4508,
4509,sample_prop_name_8165,4509,
4510,sample_prop_name_8166,4510,
4511,sample_prop_name_8167,4511,
4512,sample_prop_name_8168,4512,
4513,sample_prop_name_8169,4513,
4514,sample_prop_name_8170,4514,
4515,sample_prop_name_8171,4515,
4516,sample_prop_name_8172,4516,
4517,sample_prop_name_8173,4517,
4518,sample_prop_name_8174,4518,
4519,sample_prop_name_8175,4519,
4520,sample_prop_name_8176,4520,
4521,sample_prop_name_8177,4521,
4522,sample_prop_name_8178,4522,
4523,sample_prop_name_8179,4523,
4524,sample_prop_name_8180,4524,
4525,sample_prop_name_8181,4525,
4526,sample_prop_name_8182,4526,
4527,sample_prop_name_8183,4527,
4528,sample_prop_name_8184,4528,
4529,sample_prop_name_8185,4529,
4530,sample_prop_name_8186,4530,
4531,sample_prop_name_8187,4531,
4532,sample_prop_name_8188,4532,
4533,sample_prop_name_8189,4533,
4534,sample_prop_name_8190,4534,
4535,sample_prop_name_8191,4535,
4536,sample_prop_name_8192,4536,
4537,sample_prop_name_8193,4537,
4538,sample_prop_name_8194,4538,
4539,sample_prop_name_8195,4539,
4540,sample_prop_name_8196,4540,
4541,sample_prop_name_8197,4541,
4542,sample_prop_name_8198,4542,
4543,sample_prop_name_8199,4543,
4544,间谍-柚梦通缉令,4544,
4545,sample_prop_name_8201,4545,
4546,sample_prop_name_8202,4546,
4547,sample_prop_name_8203,4547,
4548,sample_prop_name_8204,4548,
4549,sample_prop_name_8205,4549,
4550,sample_prop_name_8206,4550,
4551,sample_prop_name_8207,4551,
4552,sample_prop_name_8208,4552,
4553,sample_prop_name_8209,4553,
4554,sample_prop_name_8210,4554,
4555,sample_prop_name_8211,4555,
4556,sample_prop_name_8212,4556,
4557,sample_prop_name_8213,4557,
4558,sample_prop_name_8214,4558,
4559,sample_prop_name_8215,4559,
4560,sample_prop_name_8230,4560,
4561,sample_prop_name_8231,4561,
4562,sample_prop_name_8232,4562,
4563,sample_prop_name_8233,4563,
4564,sample_prop_name_8234,4564,
4565,sample_prop_name_8235,4565,
4566,sample_prop_name_8236,4566,
4567,sample_prop_name_8237,4567,
4568,sample_prop_name_8238,4568,
4569,sample_prop_name_8239,4569,
4570,sample_prop_name_8240,4570,
4571,sample_prop_name_8241,4571,
4572,sample_prop_name_8242,4572,
4573,sample_prop_name_8243,4573,
4574,sample_prop_name_8244,4574,
4575,sample_prop_name_8245,4575,
4576,sample_prop_name_8246,4576,
4577,sample_prop_name_8247,4577,
4578,sample_prop_name_8248,4578,
4579,sample_prop_name_8249,4579,
4580,sample_prop_name_8250,4580,
4581,sample_prop_name_8251,4581,
4582,sample_prop_name_8252,4582,
4583,sample_prop_name_8253,4583,
4584,sample_prop_name_8254,4584,
4585,sample_prop_name_8255,4585,
4586,sample_prop_name_8256,4586,
4587,sample_prop_name_8257,4587,
4588,sample_prop_name_8258,4588,
4589,sample_prop_name_8259,4589,
4590,sample_prop_name_8260,4590,
4591,sample_prop_name_8261,4591,
4592,sample_prop_name_8262,4592,
4593,sample_prop_name_8263,4593,
4594,sample_prop_name_8264,4594,
4595,sample_prop_name_8265,4595,
4596,sample_prop_name_8266,4596,
4597,sample_prop_name_8267,4597,
4598,sample_prop_name_8268,4598,
4599,sample_prop_name_8269,4599,
4600,sample_prop_name_8270,4600,
4601,sample_prop_name_8271,4601,
4602,sample_prop_name_8272,4602,
4603,sample_prop_name_8273,4603,
4604,sample_prop_name_8274,4604,
4605,sample_prop_name_8275,4605,
4606,sample_prop_name_8276,4606,
4607,sample_prop_name_8277,4607,
4608,sample_prop_name_8278,4608,
4609,sample_prop_name_8279,4609,
4610,sample_prop_name_8280,4610,
4611,sample_prop_name_8281,4611,
4612,sample_prop_name_8282,4612,
4613,sample_prop_name_8283,4613,
4614,sample_prop_name_8284,4614,
4615,sample_prop_name_8285,4615,
4616,sample_prop_name_8286,4616,
4617,sample_prop_name_8121,4617,
4618,sample_prop_name_8122,4618,
4619,sample_prop_name_8123,4619,
4620,sample_prop_name_8290,4620,
4621,sample_prop_name_8291,4621,
4622,sample_prop_name_8292,4622,
4623,sample_prop_name_8293,4623,
4624,sample_prop_name_8294,4624,
4625,sample_prop_name_8295,4625,
4626,sample_prop_name_8296,4626,
4627,sample_prop_name_8297,4627,
4628,sample_prop_name_8298,4628,
4629,sample_prop_name_8299,4629,
4630,sample_prop_name_8300,4630,
4631,sample_prop_name_8301,4631,
4632,sample_prop_name_8302,4632,
4633,sample_prop_name_8303,4633,
4634,sample_prop_name_8304,4634,
4635,sample_prop_name_8305,4635,
4636,sample_prop_name_8306,4636,
4637,sample_prop_name_8307,4637,
4638,sample_prop_name_8308,4638,
4639,sample_prop_name_8309,4639,
4640,sample_prop_name_8310,4640,
4641,sample_prop_name_8311,4641,
4642,sample_prop_name_8312,4642,
4643,sample_prop_name_8313,4643,
4644,sample_prop_name_8314,4644,
4645,sample_prop_name_8315,4645,
4646,sample_prop_name_8316,4646,
4647,sample_prop_name_8317,4647,
4648,sample_prop_name_8318,4648,
4649,sample_prop_name_8319,4649,
4650,sample_prop_name_8320,4650,
4651,sample_prop_name_8321,4651,
4652,sample_prop_name_8322,4652,
4653,sample_prop_name_8323,4653,
4654,sample_prop_name_8324,4654,
4655,sample_prop_name_8325,4655,
4656,sample_prop_name_8326,4656,
4657,sample_prop_name_8327,4657,
4658,sample_prop_name_8328,4658,
4659,sample_prop_name_8329,4659,
4660,sample_prop_name_8330,4660,
4661,sample_prop_name_8331,4661,
4662,sample_prop_name_8341,4662,
4663,sample_prop_name_8342,4663,
4664,sample_prop_name_8343,4664,
4665,sample_prop_name_8344,4665,
4666,sample_prop_name_8345,4666,
4667,sample_prop_name_8346,4667,
4668,sample_prop_name_8347,4668,
4669,sample_prop_name_8348,4669,
4670,sample_prop_name_8349,4670,
4671,sample_prop_name_8350,4671,
4672,sample_prop_name_8351,4672,
4673,sample_prop_name_8352,4673,
4674,sample_prop_name_8353,4674,
4675,sample_prop_name_8354,4675,
